"round.roundNumber","venue.name","home.team.club.name","away.team.club.name","player.jumperNumber","player.player.position","player.player.player.givenName","player.player.player.surname","player.player.player.playerId"
0,"SCG","Sydney Swans","Hawthorn",3,"INT","Taylor","Adams","CD_I291776"
0,"SCG","Sydney Swans","Hawthorn",36,"FF","Joel","Amartey","CD_I1008091"
0,"SCG","Sydney Swans","Hawthorn",22,"BPL","Nick","Blakey","CD_I1006028"
0,"SCG","Sydney Swans","Hawthorn",16,"HFFL","Braeden","Campbell","CD_I1013133"
0,"SCG","Sydney Swans","Hawthorn",13,"INT","Oliver","Florent","CD_I998103"
0,"SCG","Sydney Swans","Hawthorn",4,"RK","Brodie","Grundy","CD_I293957"
0,"SCG","Sydney Swans","Hawthorn",40,"SUB","Tom","Hanily","CD_I1027687"
0,"SCG","Sydney Swans","Hawthorn",9,"FPL","Will","Hayward","CD_I997100"
0,"SCG","Sydney Swans","Hawthorn",5,"C","Isaac","Heeney","CD_I298539"
0,"SCG","Sydney Swans","Hawthorn",17,"FPR","James","Jordon","CD_I1013409"
0,"SCG","Sydney Swans","Hawthorn",44,"WL","Jake","Lloyd","CD_I295342"
0,"SCG","Sydney Swans","Hawthorn",30,"CHF","Tom","McCartin","CD_I1008198"
0,"SCG","Sydney Swans","Hawthorn",27,"WR","Justin","McInerney","CD_I1011936"
0,"SCG","Sydney Swans","Hawthorn",43,"FB","Lewis","Melican","CD_I996743"
0,"SCG","Sydney Swans","Hawthorn",11,"HFFR","Tom","Papley","CD_I996765"
0,"SCG","Sydney Swans","Hawthorn",25,"HBFR","Ben","Paton","CD_I1004985"
0,"SCG","Sydney Swans","Hawthorn",24,"CHB","Dane","Rampe","CD_I290307"
0,"SCG","Sydney Swans","Hawthorn",34,"HBFL","Matt","Roberts","CD_I1012210"
0,"SCG","Sydney Swans","Hawthorn",8,"R","James","Rowbottom","CD_I1006126"
0,"SCG","Sydney Swans","Hawthorn",12,"INT","Angus","Sheldrick","CD_I1020339"
0,"SCG","Sydney Swans","Hawthorn",1,"RR","Chad","Warner","CD_I1012014"
0,"SCG","Sydney Swans","Hawthorn",37,"INT","Corey","Warner","CD_I1018424"
0,"SCG","Sydney Swans","Hawthorn",15,"BPR","Sam","Wicks","CD_I1006232"
0,"SCG","Sydney Swans","Hawthorn",10,"R","Karl","Amon","CD_I297354"
0,"SCG","Sydney Swans","Hawthorn",37,"BPL","Tom","Barrass","CD_I990290"
0,"SCG","Sydney Swans","Hawthorn",24,"HBFR","Josh","Battle","CD_I998134"
0,"SCG","Sydney Swans","Hawthorn",18,"FF","Mabior","Chol","CD_I994077"
0,"SCG","Sydney Swans","Hawthorn",16,"HFFL","Massimo","D'Ambrosio","CD_I1005144"
0,"SCG","Sydney Swans","Hawthorn",12,"FPR","Will","Day","CD_I1008550"
0,"SCG","Sydney Swans","Hawthorn",8,"SUB","Sam","Frost","CD_I293738"
0,"SCG","Sydney Swans","Hawthorn",33,"FPL","Jack","Ginnivan","CD_I1012857"
0,"SCG","Sydney Swans","Hawthorn",15,"FB","Blake","Hardwick","CD_I993794"
0,"SCG","Sydney Swans","Hawthorn",4,"CHB","Jarman","Impey","CD_I296254"
0,"SCG","Sydney Swans","Hawthorn",31,"WR","Connor","Macdonald","CD_I1017094"
0,"SCG","Sydney Swans","Hawthorn",28,"INT","Cam","Mackenzie","CD_I1023482"
0,"SCG","Sydney Swans","Hawthorn",20,"INT","Finn","Maginness","CD_I1009421"
0,"SCG","Sydney Swans","Hawthorn",17,"RK","Lloyd","Meek","CD_I1000980"
0,"SCG","Sydney Swans","Hawthorn",13,"WL","Dylan","Moore","CD_I1006314"
0,"SCG","Sydney Swans","Hawthorn",1,"CHF","Harry","Morrison","CD_I1000963"
0,"SCG","Sydney Swans","Hawthorn",11,"INT","Conor","Nash","CD_I1007124"
0,"SCG","Sydney Swans","Hawthorn",3,"C","Jai","Newcombe","CD_I1020895"
0,"SCG","Sydney Swans","Hawthorn",14,"INT","Jack","Scrimshaw","CD_I998114"
0,"SCG","Sydney Swans","Hawthorn",6,"BPR","James","Sicily","CD_I297566"
0,"SCG","Sydney Swans","Hawthorn",34,"HFFR","Nick","Watson","CD_I1023473"
0,"SCG","Sydney Swans","Hawthorn",23,"HBFL","Josh","Weddle","CD_I1027935"
0,"SCG","Sydney Swans","Hawthorn",5,"RR","James","Worpel","CD_I1002222"
0,"ENGIE Stadium","GWS GIANTS","Collingwood",7,"HBFR","Lachie","Ash","CD_I1009253"
0,"ENGIE Stadium","GWS GIANTS","Collingwood",14,"HFFL","Toby","Bedford","CD_I1008139"
0,"ENGIE Stadium","GWS GIANTS","Collingwood",32,"RK","Kieren","Briggs","CD_I1008436"
0,"ENGIE Stadium","GWS GIANTS","Collingwood",46,"INT","Callum","Brown","CD_I1014038"
0,"ENGIE Stadium","GWS GIANTS","Collingwood",44,"CHB","Jack","Buckley","CD_I1009708"
0,"ENGIE Stadium","GWS GIANTS","Collingwood",5,"FF","Aaron","Cadman","CD_I1019038"
0,"ENGIE Stadium","GWS GIANTS","Collingwood",17,"R","Finn","Callaghan","CD_I1023266"
0,"ENGIE Stadium","GWS GIANTS","Collingwood",3,"RR","Stephen","Coniglio","CD_I291969"
0,"ENGIE Stadium","GWS GIANTS","Collingwood",16,"HFFR","Brent","Daniels","CD_I1002251"
0,"ENGIE Stadium","GWS GIANTS","Collingwood",4,"CHF","Toby","Greene","CD_I295344"
0,"ENGIE Stadium","GWS GIANTS","Collingwood",35,"INT","Max","Gruzewski","CD_I1027921"
0,"ENGIE Stadium","GWS GIANTS","Collingwood",27,"BPR","Harry","Himmelberg","CD_I993107"
0,"ENGIE Stadium","GWS GIANTS","Collingwood",39,"BPL","Connor","Idun","CD_I1008083"
0,"ENGIE Stadium","GWS GIANTS","Collingwood",2,"FPL","Darcy","Jones","CD_I1020650"
0,"ENGIE Stadium","GWS GIANTS","Collingwood",25,"FPR","Lachlan","Keeffe","CD_I290314"
0,"ENGIE Stadium","GWS GIANTS","Collingwood",22,"WL","Josh","Kelly","CD_I296347"
0,"ENGIE Stadium","GWS GIANTS","Collingwood",30,"INT","James","Leake","CD_I1032119"
0,"ENGIE Stadium","GWS GIANTS","Collingwood",33,"WR","Xavier","O'Halloran","CD_I1006135"
0,"ENGIE Stadium","GWS GIANTS","Collingwood",18,"INT","Conor","Stone","CD_I1015862"
0,"ENGIE Stadium","GWS GIANTS","Collingwood",15,"FB","Sam","Taylor","CD_I1005247"
0,"ENGIE Stadium","GWS GIANTS","Collingwood",8,"C","Callan","Ward","CD_I280109"
0,"ENGIE Stadium","GWS GIANTS","Collingwood",10,"SUB","Jacob","Wehr","CD_I1004530"
0,"ENGIE Stadium","GWS GIANTS","Collingwood",6,"HBFL","Lachie","Whitfield","CD_I294305"
0,"ENGIE Stadium","GWS GIANTS","Collingwood",16,"INT","Edward","Allan","CD_I1022915"
0,"ENGIE Stadium","GWS GIANTS","Collingwood",14,"RK","Darcy","Cameron","CD_I990291"
0,"ENGIE Stadium","GWS GIANTS","Collingwood",25,"RR","Jack","Crisp","CD_I293871"
0,"ENGIE Stadium","GWS GIANTS","Collingwood",7,"HBFR","Josh","Daicos","CD_I1005054"
0,"ENGIE Stadium","GWS GIANTS","Collingwood",35,"R","Nick","Daicos","CD_I1023261"
0,"ENGIE Stadium","GWS GIANTS","Collingwood",5,"HFFR","Jamie","Elliott","CD_I293801"
0,"ENGIE Stadium","GWS GIANTS","Collingwood",23,"HFFL","Bobby","Hill","CD_I1006148"
0,"ENGIE Stadium","GWS GIANTS","Collingwood",32,"FF","Will","Hoskin-Elliott","CD_I291720"
0,"ENGIE Stadium","GWS GIANTS","Collingwood",38,"INT","Jeremy","Howe","CD_I291313"
0,"ENGIE Stadium","GWS GIANTS","Collingwood",1,"WR","Patrick","Lipinski","CD_I1003130"
0,"ENGIE Stadium","GWS GIANTS","Collingwood",44,"SUB","Ned","Long","CD_I1017124"
0,"ENGIE Stadium","GWS GIANTS","Collingwood",4,"BPL","Brayden","Maynard","CD_I992010"
0,"ENGIE Stadium","GWS GIANTS","Collingwood",31,"INT","Beau","McCreery","CD_I1004757"
0,"ENGIE Stadium","GWS GIANTS","Collingwood",26,"HBFL","Reef","McInnes","CD_I1013278"
0,"ENGIE Stadium","GWS GIANTS","Collingwood",11,"FPL","Daniel","McStay","CD_I297504"
0,"ENGIE Stadium","GWS GIANTS","Collingwood",28,"INT","Tim","Membrey","CD_I294596"
0,"ENGIE Stadium","GWS GIANTS","Collingwood",41,"CHF","Brody","Mihocek","CD_I291849"
0,"ENGIE Stadium","GWS GIANTS","Collingwood",30,"FB","Darcy","Moore","CD_I298288"
0,"ENGIE Stadium","GWS GIANTS","Collingwood",10,"C","Scott","Pendlebury","CD_I260257"
0,"ENGIE Stadium","GWS GIANTS","Collingwood",12,"CHB","Harry","Perryman","CD_I998205"
0,"ENGIE Stadium","GWS GIANTS","Collingwood",3,"BPR","Isaac","Quaynor","CD_I1008089"
0,"ENGIE Stadium","GWS GIANTS","Collingwood",8,"FPR","Lachie","Schultz","CD_I1000860"
0,"ENGIE Stadium","GWS GIANTS","Collingwood",22,"WL","Steele","Sidebottom","CD_I280965"
1,"MCG","Richmond","Carlton",34,"INT","Harry","Armstrong","CD_I1028525"
1,"MCG","Richmond","Carlton",41,"WL","Sam","Banks","CD_I1013197"
1,"MCG","Richmond","Carlton",43,"FPL","Jacob","Bauer","CD_I1021152"
1,"MCG","Richmond","Carlton",46,"FB","Jacob","Blight","CD_I1013229"
1,"MCG","Richmond","Carlton",35,"BPR","Nathan","Broad","CD_I295203"
1,"MCG","Richmond","Carlton",30,"INT","Tom","Brown","CD_I1017086"
1,"MCG","Richmond","Carlton",44,"CHF","Seth","Campbell","CD_I1023275"
1,"MCG","Richmond","Carlton",27,"INT","Thomson","Dow","CD_I1009226"
1,"MCG","Richmond","Carlton",48,"HFFR","Steely","Green","CD_I1023056"
1,"MCG","Richmond","Carlton",2,"R","Jacob","Hopper","CD_I993903"
1,"MCG","Richmond","Carlton",22,"FPR","Sam","Lalor","CD_I1028491"
1,"MCG","Richmond","Carlton",19,"FF","Tom","Lynch","CD_I293813"
1,"MCG","Richmond","Carlton",7,"HFFL","Rhyan","Mansell","CD_I1008478"
1,"MCG","Richmond","Carlton",33,"C","Kamdyn","McIntosh","CD_I294592"
1,"MCG","Richmond","Carlton",12,"BPL","Ben","Miller","CD_I1002403"
1,"MCG","Richmond","Carlton",25,"RK","Toby","Nankervis","CD_I298174"
1,"MCG","Richmond","Carlton",5,"INT","Jack","Ross","CD_I1006133"
1,"MCG","Richmond","Carlton",15,"HBFL","Jayden","Short","CD_I992049"
1,"MCG","Richmond","Carlton",40,"SUB","Tyler","Sonsie","CD_I1017114"
1,"MCG","Richmond","Carlton",14,"RR","Tim","Taranto","CD_I998172"
1,"MCG","Richmond","Carlton",31,"HBFR","Luke","Trainor","CD_I1028521"
1,"MCG","Richmond","Carlton",36,"WR","James","Trezise","CD_I1031829"
1,"MCG","Richmond","Carlton",1,"CHB","Nick","Vlastuin","CD_I294674"
1,"MCG","Richmond","Carlton",13,"WL","Blake","Acres","CD_I296294"
1,"MCG","Richmond","Carlton",21,"WR","Lucas","Camporeale","CD_I1022452"
1,"MCG","Richmond","Carlton",5,"RR","Adam","Cerra","CD_I1002239"
1,"MCG","Richmond","Carlton",46,"CHF","Matthew","Cottrell","CD_I1008154"
1,"MCG","Richmond","Carlton",2,"HBFR","Lachlan","Cowan","CD_I1021353"
1,"MCG","Richmond","Carlton",9,"C","Patrick","Cripps","CD_I990704"
1,"MCG","Richmond","Carlton",12,"RK","Tom","De Koning","CD_I1004912"
1,"MCG","Richmond","Carlton",15,"SUB","Sam","Docherty","CD_I295518"
1,"MCG","Richmond","Carlton",44,"FPL","Francis","Evans","CD_I1017255"
1,"MCG","Richmond","Carlton",8,"INT","Lachie","Fogarty","CD_I1002228"
1,"MCG","Richmond","Carlton",26,"HBFL","Nick","Haynes","CD_I295265"
1,"MCG","Richmond","Carlton",29,"R","George","Hewett","CD_I294036"
1,"MCG","Richmond","Carlton",4,"INT","Oliver","Hollands","CD_I1023495"
1,"MCG","Richmond","Carlton",17,"HFFR","Brodie","Kemp","CD_I1009241"
1,"MCG","Richmond","Carlton",36,"INT","Cooper","Lord","CD_I1032108"
1,"MCG","Richmond","Carlton",11,"BPR","Mitch","McGovern","CD_I297255"
1,"MCG","Richmond","Carlton",10,"FPR","Harry","McKay","CD_I1000953"
1,"MCG","Richmond","Carlton",3,"INT","Jesse","Motlop","CD_I1017700"
1,"MCG","Richmond","Carlton",42,"CHB","Adam","Saad","CD_I295461"
1,"MCG","Richmond","Carlton",1,"BPL","Jack","Silvagni","CD_I1001028"
1,"MCG","Richmond","Carlton",18,"HFFL","Sam","Walsh","CD_I1006094"
1,"MCG","Richmond","Carlton",23,"FB","Jacob","Weitering","CD_I993832"
1,"MCG","Richmond","Carlton",6,"FF","Zac","Williams","CD_I294685"
1,"MCG","Hawthorn","Essendon",10,"R","Karl","Amon","CD_I297354"
1,"MCG","Hawthorn","Essendon",37,"BPL","Tom","Barrass","CD_I990290"
1,"MCG","Hawthorn","Essendon",24,"HBFR","Josh","Battle","CD_I998134"
1,"MCG","Hawthorn","Essendon",18,"FF","Mabior","Chol","CD_I994077"
1,"MCG","Hawthorn","Essendon",16,"BPR","Massimo","D'Ambrosio","CD_I1005144"
1,"MCG","Hawthorn","Essendon",12,"FPR","Will","Day","CD_I1008550"
1,"MCG","Hawthorn","Essendon",8,"SUB","Sam","Frost","CD_I293738"
1,"MCG","Hawthorn","Essendon",33,"FPL","Jack","Ginnivan","CD_I1012857"
1,"MCG","Hawthorn","Essendon",15,"FB","Blake","Hardwick","CD_I993794"
1,"MCG","Hawthorn","Essendon",4,"CHB","Jarman","Impey","CD_I296254"
1,"MCG","Hawthorn","Essendon",31,"HFFL","Connor","Macdonald","CD_I1017094"
1,"MCG","Hawthorn","Essendon",28,"INT","Cam","Mackenzie","CD_I1023482"
1,"MCG","Hawthorn","Essendon",20,"INT","Finn","Maginness","CD_I1009421"
1,"MCG","Hawthorn","Essendon",17,"RK","Lloyd","Meek","CD_I1000980"
1,"MCG","Hawthorn","Essendon",13,"WL","Dylan","Moore","CD_I1006314"
1,"MCG","Hawthorn","Essendon",1,"CHF","Harry","Morrison","CD_I1000963"
1,"MCG","Hawthorn","Essendon",11,"C","Conor","Nash","CD_I1007124"
1,"MCG","Hawthorn","Essendon",3,"RR","Jai","Newcombe","CD_I1020895"
1,"MCG","Hawthorn","Essendon",14,"INT","Jack","Scrimshaw","CD_I998114"
1,"MCG","Hawthorn","Essendon",6,"WR","James","Sicily","CD_I297566"
1,"MCG","Hawthorn","Essendon",25,"INT","Josh","Ward","CD_I1017110"
1,"MCG","Hawthorn","Essendon",34,"HFFR","Nick","Watson","CD_I1023473"
1,"MCG","Hawthorn","Essendon",23,"HBFL","Josh","Weddle","CD_I1027935"
1,"MCG","Hawthorn","Essendon",24,"INT","Nick","Bryan","CD_I1011954"
1,"MCG","Hawthorn","Essendon",30,"HFFL","Nate","Caddy","CD_I1027899"
1,"MCG","Hawthorn","Essendon",6,"C","Jye","Caldwell","CD_I1006103"
1,"MCG","Hawthorn","Essendon",2,"FF","Sam","Draper","CD_I1005577"
1,"MCG","Hawthorn","Essendon",22,"RR","Sam","Durham","CD_I1015810"
1,"MCG","Hawthorn","Essendon",28,"INT","Xavier","Duursma","CD_I1006096"
1,"MCG","Hawthorn","Essendon",11,"SUB","Jade","Gresham","CD_I298421"
1,"MCG","Hawthorn","Essendon",8,"INT","Ben","Hobbs","CD_I1017088"
1,"MCG","Hawthorn","Essendon",23,"FPL","Harrison","Jones","CD_I1011755"
1,"MCG","Hawthorn","Essendon",10,"FPR","Isaac","Kako","CD_I1028554"
1,"MCG","Hawthorn","Essendon",4,"CHF","Kyle","Langford","CD_I298630"
1,"MCG","Hawthorn","Essendon",37,"WL","Nic","Martin","CD_I1012013"
1,"MCG","Hawthorn","Essendon",1,"BPL","Andrew","McGrath","CD_I998102"
1,"MCG","Hawthorn","Essendon",32,"FB","Ben","McKay","CD_I1002143"
1,"MCG","Hawthorn","Essendon",7,"R","Zach","Merrett","CD_I992016"
1,"MCG","Hawthorn","Essendon",16,"HFFR","Archie","Perkins","CD_I1015873"
1,"MCG","Hawthorn","Essendon",25,"HBFR","Jaxon","Prior","CD_I1009386"
1,"MCG","Hawthorn","Essendon",27,"HBFL","Mason","Redman","CD_I997078"
1,"MCG","Hawthorn","Essendon",31,"CHB","Zach","Reid","CD_I1012817"
1,"MCG","Hawthorn","Essendon",14,"BPR","Jordan","Ridley","CD_I1001026"
1,"MCG","Hawthorn","Essendon",21,"WR","Archie","Roberts","CD_I1023515"
1,"MCG","Hawthorn","Essendon",9,"RK","Dylan","Shiel","CD_I291783"
1,"MCG","Hawthorn","Essendon",5,"INT","Elijah","Tsatas","CD_I1023785"
1,"GMHBA Stadium","Geelong Cats","Fremantle",30,"RR","Tom","Atkins","CD_I994386"
1,"GMHBA Stadium","Geelong Cats","Fremantle",46,"CHB","Mark","Blicavs","CD_I296733"
1,"GMHBA Stadium","Geelong Cats","Fremantle",12,"INT","Jack","Bowes","CD_I998260"
1,"GMHBA Stadium","Geelong Cats","Fremantle",5,"FF","Jeremy","Cameron","CD_I293845"
1,"GMHBA Stadium","Geelong Cats","Fremantle",13,"SUB","Jhye","Clark","CD_I1023537"
1,"GMHBA Stadium","Geelong Cats","Fremantle",45,"HFFL","Brad","Close","CD_I999326"
1,"GMHBA Stadium","Geelong Cats","Fremantle",35,"FPR","Patrick","Dangerfield","CD_I270917"
1,"GMHBA Stadium","Geelong Cats","Fremantle",16,"RK","Sam","De Koning","CD_I1009229"
1,"GMHBA Stadium","Geelong Cats","Fremantle",28,"WR","Oliver","Dempsey","CD_I1025034"
1,"GMHBA Stadium","Geelong Cats","Fremantle",39,"HBFL","Zach","Guthrie","CD_I1004870"
1,"GMHBA Stadium","Geelong Cats","Fremantle",38,"FB","Jack","Henry","CD_I1000937"
1,"GMHBA Stadium","Geelong Cats","Fremantle",36,"INT","Oliver","Henry","CD_I1012860"
1,"GMHBA Stadium","Geelong Cats","Fremantle",9,"C","Max","Holmes","CD_I1015889"
1,"GMHBA Stadium","Geelong Cats","Fremantle",17,"BPR","Lawson","Humphries","CD_I1013464"
1,"GMHBA Stadium","Geelong Cats","Fremantle",10,"INT","Mitch","Knevitt","CD_I1021103"
1,"GMHBA Stadium","Geelong Cats","Fremantle",32,"CHF","Gryan","Miers","CD_I1004938"
1,"GMHBA Stadium","Geelong Cats","Fremantle",34,"INT","Oisin","Mullin","CD_I1024982"
1,"GMHBA Stadium","Geelong Cats","Fremantle",33,"FPL","Shannon","Neale","CD_I1016433"
1,"GMHBA Stadium","Geelong Cats","Fremantle",42,"R","Mark","O'Connor","CD_I1007102"
1,"GMHBA Stadium","Geelong Cats","Fremantle",14,"BPL","Connor","O'Sullivan","CD_I1027877"
1,"GMHBA Stadium","Geelong Cats","Fremantle",3,"WL","Bailey","Smith","CD_I1006130"
1,"GMHBA Stadium","Geelong Cats","Fremantle",18,"HFFR","Tyson","Stengle","CD_I997230"
1,"GMHBA Stadium","Geelong Cats","Fremantle",44,"HBFR","Tom","Stewart","CD_I291800"
1,"GMHBA Stadium","Geelong Cats","Fremantle",24,"FPR","Jye","Amiss","CD_I1020594"
1,"GMHBA Stadium","Geelong Cats","Fremantle",41,"INT","Bailey","Banfield","CD_I998180"
1,"GMHBA Stadium","Geelong Cats","Fremantle",8,"R","Andrew","Brayshaw","CD_I1002232"
1,"GMHBA Stadium","Geelong Cats","Fremantle",5,"SUB","Heath","Chapman","CD_I1013224"
1,"GMHBA Stadium","Geelong Cats","Fremantle",6,"HBFR","Jordan","Clark","CD_I1006152"
1,"GMHBA Stadium","Geelong Cats","Fremantle",36,"INT","Brennan","Cox","CD_I997033"
1,"GMHBA Stadium","Geelong Cats","Fremantle",37,"BPR","Joshua","Draper","CD_I1020668"
1,"GMHBA Stadium","Geelong Cats","Fremantle",32,"CHF","Michael","Frederick","CD_I999321"
1,"GMHBA Stadium","Geelong Cats","Fremantle",9,"FPL","Luke","Jackson","CD_I1009399"
1,"GMHBA Stadium","Geelong Cats","Fremantle",44,"WL","Matthew","Johnson","CD_I1016825"
1,"GMHBA Stadium","Geelong Cats","Fremantle",30,"INT","Nathan","O'Driscoll","CD_I1013220"
1,"GMHBA Stadium","Geelong Cats","Fremantle",2,"C","Jaeger","O'Meara","CD_I294613"
1,"GMHBA Stadium","Geelong Cats","Fremantle",25,"FB","Alex","Pearce","CD_I298409"
1,"GMHBA Stadium","Geelong Cats","Fremantle",16,"HFFL","Murphy","Reid","CD_I1028513"
1,"GMHBA Stadium","Geelong Cats","Fremantle",18,"RK","Liam","Reidy","CD_I1023346"
1,"GMHBA Stadium","Geelong Cats","Fremantle",13,"HBFL","Luke","Ryan","CD_I998659"
1,"GMHBA Stadium","Geelong Cats","Fremantle",3,"RR","Caleb","Serong","CD_I1009420"
1,"GMHBA Stadium","Geelong Cats","Fremantle",14,"WR","Jeremy","Sharp","CD_I1009380"
1,"GMHBA Stadium","Geelong Cats","Fremantle",39,"HFFR","Sam","Switkowski","CD_I992059"
1,"GMHBA Stadium","Geelong Cats","Fremantle",35,"FF","Josh","Treacy","CD_I1012819"
1,"GMHBA Stadium","Geelong Cats","Fremantle",34,"BPL","Corey","Wagner","CD_I993940"
1,"GMHBA Stadium","Geelong Cats","Fremantle",31,"CHB","Brandon","Walker","CD_I1009410"
1,"GMHBA Stadium","Geelong Cats","Fremantle",23,"INT","Karl","Worner","CD_I1021015"
1,"SCG","Sydney Swans","Brisbane Lions",36,"FF","Joel","Amartey","CD_I1008091"
1,"SCG","Sydney Swans","Brisbane Lions",26,"SUB","Riley","Bice","CD_I1008224"
1,"SCG","Sydney Swans","Brisbane Lions",22,"BPL","Nick","Blakey","CD_I1006028"
1,"SCG","Sydney Swans","Brisbane Lions",16,"INT","Braeden","Campbell","CD_I1013133"
1,"SCG","Sydney Swans","Brisbane Lions",13,"WR","Oliver","Florent","CD_I998103"
1,"SCG","Sydney Swans","Brisbane Lions",4,"RK","Brodie","Grundy","CD_I293957"
1,"SCG","Sydney Swans","Brisbane Lions",29,"HBFR","Joel","Hamling","CD_I295222"
1,"SCG","Sydney Swans","Brisbane Lions",40,"HFFL","Tom","Hanily","CD_I1027687"
1,"SCG","Sydney Swans","Brisbane Lions",9,"FPL","Will","Hayward","CD_I997100"
1,"SCG","Sydney Swans","Brisbane Lions",5,"C","Isaac","Heeney","CD_I298539"
1,"SCG","Sydney Swans","Brisbane Lions",17,"FPR","James","Jordon","CD_I1013409"
1,"SCG","Sydney Swans","Brisbane Lions",44,"WL","Jake","Lloyd","CD_I295342"
1,"SCG","Sydney Swans","Brisbane Lions",30,"CHF","Tom","McCartin","CD_I1008198"
1,"SCG","Sydney Swans","Brisbane Lions",27,"INT","Justin","McInerney","CD_I1011936"
1,"SCG","Sydney Swans","Brisbane Lions",43,"FB","Lewis","Melican","CD_I996743"
1,"SCG","Sydney Swans","Brisbane Lions",11,"HFFR","Tom","Papley","CD_I996765"
1,"SCG","Sydney Swans","Brisbane Lions",25,"INT","Ben","Paton","CD_I1004985"
1,"SCG","Sydney Swans","Brisbane Lions",24,"CHB","Dane","Rampe","CD_I290307"
1,"SCG","Sydney Swans","Brisbane Lions",34,"HBFL","Matt","Roberts","CD_I1012210"
1,"SCG","Sydney Swans","Brisbane Lions",8,"R","James","Rowbottom","CD_I1006126"
1,"SCG","Sydney Swans","Brisbane Lions",1,"RR","Chad","Warner","CD_I1012014"
1,"SCG","Sydney Swans","Brisbane Lions",37,"INT","Corey","Warner","CD_I1018424"
1,"SCG","Sydney Swans","Brisbane Lions",15,"BPR","Sam","Wicks","CD_I1006232"
1,"SCG","Sydney Swans","Brisbane Lions",4,"HFFL","Callum","Ah Chee","CD_I298437"
1,"SCG","Sydney Swans","Brisbane Lions",31,"CHB","Harris","Andrews","CD_I996059"
1,"SCG","Sydney Swans","Brisbane Lions",43,"INT","Noah","Answerth","CD_I1005053"
1,"SCG","Sydney Swans","Brisbane Lions",10,"INT","Levi","Ashcroft","CD_I1028560"
1,"SCG","Sydney Swans","Brisbane Lions",8,"WL","Will","Ashcroft","CD_I1023517"
1,"SCG","Sydney Swans","Brisbane Lions",33,"C","Zac","Bailey","CD_I1002312"
1,"SCG","Sydney Swans","Brisbane Lions",7,"WR","Jarrod","Berry","CD_I998133"
1,"SCG","Sydney Swans","Brisbane Lions",5,"RR","Josh","Dunkley","CD_I993834"
1,"SCG","Sydney Swans","Brisbane Lions",3,"INT","Jaspa","Fletcher","CD_I1023708"
1,"SCG","Sydney Swans","Brisbane Lions",32,"INT","Darcy","Fort","CD_I298211"
1,"SCG","Sydney Swans","Brisbane Lions",30,"CHF","Eric","Hipwood","CD_I993953"
1,"SCG","Sydney Swans","Brisbane Lions",35,"BPR","Ryan","Lester","CD_I291548"
1,"SCG","Sydney Swans","Brisbane Lions",1,"FPR","Kai","Lohmann","CD_I1014026"
1,"SCG","Sydney Swans","Brisbane Lions",6,"HFFR","Hugh","McCluggage","CD_I1000978"
1,"SCG","Sydney Swans","Brisbane Lions",46,"RK","Oscar","McInerney","CD_I1005521"
1,"SCG","Sydney Swans","Brisbane Lions",26,"SUB","Conor","McKenna","CD_I997846"
1,"SCG","Sydney Swans","Brisbane Lions",13,"FF","Logan","Morris","CD_I1028019"
1,"SCG","Sydney Swans","Brisbane Lions",9,"R","Lachie","Neale","CD_I293535"
1,"SCG","Sydney Swans","Brisbane Lions",40,"FB","Jack","Payne","CD_I1002347"
1,"SCG","Sydney Swans","Brisbane Lions",16,"FPL","Cam","Rayner","CD_I1002235"
1,"SCG","Sydney Swans","Brisbane Lions",37,"HBFL","Brandon","Starcevich","CD_I1002401"
1,"SCG","Sydney Swans","Brisbane Lions",44,"HBFR","Darcy","Wilmot","CD_I1017067"
1,"SCG","Sydney Swans","Brisbane Lions",15,"BPL","Dayne","Zorko","CD_I261224"
1,"Marvel Stadium","Western Bulldogs","North Melbourne",29,"HBFL","Lachlan","Bramble","CD_I1000864"
1,"Marvel Stadium","Western Bulldogs","North Melbourne",36,"BPR","Luke","Cleary","CD_I1015929"
1,"Marvel Stadium","Western Bulldogs","North Melbourne",31,"HBFR","Bailey","Dale","CD_I996708"
1,"Marvel Stadium","Western Bulldogs","North Melbourne",10,"FF","Sam","Darcy","CD_I1017126"
1,"Marvel Stadium","Western Bulldogs","North Melbourne",42,"INT","Sam","Davidson","CD_I1036123"
1,"Marvel Stadium","Western Bulldogs","North Melbourne",26,"HFFL","Josh","Dolan","CD_I1034235"
1,"Marvel Stadium","Western Bulldogs","North Melbourne",15,"INT","Taylor","Duryea","CD_I290085"
1,"Marvel Stadium","Western Bulldogs","North Melbourne",44,"RK","Tim","English","CD_I1004592"
1,"Marvel Stadium","Western Bulldogs","North Melbourne",27,"FB","Joel","Freijah","CD_I1027704"
1,"Marvel Stadium","Western Bulldogs","North Melbourne",12,"HFFR","Harvey","Gallagher","CD_I1017087"
1,"Marvel Stadium","Western Bulldogs","North Melbourne",22,"FPR","James","Harmes","CD_I297899"
1,"Marvel Stadium","Western Bulldogs","North Melbourne",32,"SUB","Arthur","Jones","CD_I1020586"
1,"Marvel Stadium","Western Bulldogs","North Melbourne",8,"INT","Matthew","Kennedy","CD_I1001398"
1,"Marvel Stadium","Western Bulldogs","North Melbourne",21,"C","Tom","Liberatore","CD_I290799"
1,"Marvel Stadium","Western Bulldogs","North Melbourne",7,"CHB","Rory","Lobb","CD_I990740"
1,"Marvel Stadium","Western Bulldogs","North Melbourne",30,"INT","Lachlan","McNeil","CD_I1009015"
1,"Marvel Stadium","Western Bulldogs","North Melbourne",33,"CHF","Aaron","Naughton","CD_I1002404"
1,"Marvel Stadium","Western Bulldogs","North Melbourne",18,"BPL","James","O'Donnell","CD_I1032966"
1,"Marvel Stadium","Western Bulldogs","North Melbourne",20,"R","Ed","Richards","CD_I1008280"
1,"Marvel Stadium","Western Bulldogs","North Melbourne",9,"RR","Ryley","Sanders","CD_I1017939"
1,"Marvel Stadium","Western Bulldogs","North Melbourne",23,"FPL","Laitham","Vandermeer","CD_I1005000"
1,"Marvel Stadium","Western Bulldogs","North Melbourne",14,"WR","Rhylee","West","CD_I1006127"
1,"Marvel Stadium","Western Bulldogs","North Melbourne",34,"WL","Bailey","Williams","CD_I992351"
1,"Marvel Stadium","Western Bulldogs","North Melbourne",34,"HBFR","Jackson","Archer","CD_I1020968"
1,"Marvel Stadium","Western Bulldogs","North Melbourne",30,"BPL","Charlie","Comben","CD_I1015781"
1,"Marvel Stadium","Western Bulldogs","North Melbourne",4,"FB","Aidan","Corr","CD_I294508"
1,"Marvel Stadium","Western Bulldogs","North Melbourne",25,"FPL","Paul","Curtis","CD_I1002947"
1,"Marvel Stadium","Western Bulldogs","North Melbourne",5,"CHB","Caleb","Daniel","CD_I295136"
1,"Marvel Stadium","Western Bulldogs","North Melbourne",28,"FF","Jack","Darling","CD_I290838"
1,"Marvel Stadium","Western Bulldogs","North Melbourne",9,"C","Luke","Davies-Uniacke","CD_I1002267"
1,"Marvel Stadium","Western Bulldogs","North Melbourne",46,"INT","Robert","Hansen Jr","CD_I1023144"
1,"Marvel Stadium","Western Bulldogs","North Melbourne",41,"INT","Jacob","Konstanty","CD_I1023530"
1,"Marvel Stadium","Western Bulldogs","North Melbourne",20,"CHF","Nick","Larkey","CD_I1001017"
1,"Marvel Stadium","Western Bulldogs","North Melbourne",19,"BPR","Griffin","Logue","CD_I997933"
1,"Marvel Stadium","Western Bulldogs","North Melbourne",11,"INT","Luke","McDonald","CD_I296355"
1,"Marvel Stadium","Western Bulldogs","North Melbourne",10,"HFFR","Colby","McKercher","CD_I1024272"
1,"Marvel Stadium","Western Bulldogs","North Melbourne",2,"WL","Finn","O'Sullivan","CD_I1028495"
1,"Marvel Stadium","Western Bulldogs","North Melbourne",26,"R","Luke","Parker","CD_I290778"
1,"Marvel Stadium","Western Bulldogs","North Melbourne",29,"INT","Will","Phillips","CD_I1012829"
1,"Marvel Stadium","Western Bulldogs","North Melbourne",24,"RR","Tom","Powell","CD_I1011659"
1,"Marvel Stadium","Western Bulldogs","North Melbourne",8,"HBFL","Bailey","Scott","CD_I1006058"
1,"Marvel Stadium","Western Bulldogs","North Melbourne",3,"HFFL","Harry","Sheezel","CD_I1023518"
1,"Marvel Stadium","Western Bulldogs","North Melbourne",12,"WR","Jy","Simpkin","CD_I993998"
1,"Marvel Stadium","Western Bulldogs","North Melbourne",13,"SUB","Darcy","Tucker","CD_I993816"
1,"Marvel Stadium","Western Bulldogs","North Melbourne",38,"RK","Tristan","Xerri","CD_I1004965"
1,"Marvel Stadium","Western Bulldogs","North Melbourne",44,"FPR","Cameron","Zurhaar","CD_I998484"
1,"MCG","Collingwood","Port Adelaide",14,"RK","Darcy","Cameron","CD_I990291"
1,"MCG","Collingwood","Port Adelaide",25,"WR","Jack","Crisp","CD_I293871"
1,"MCG","Collingwood","Port Adelaide",7,"HBFL","Josh","Daicos","CD_I1005054"
1,"MCG","Collingwood","Port Adelaide",35,"R","Nick","Daicos","CD_I1023261"
1,"MCG","Collingwood","Port Adelaide",5,"FPL","Jamie","Elliott","CD_I293801"
1,"MCG","Collingwood","Port Adelaide",23,"INT","Bobby","Hill","CD_I1006148"
1,"MCG","Collingwood","Port Adelaide",9,"HBFR","Dan","Houston","CD_I994295"
1,"MCG","Collingwood","Port Adelaide",38,"INT","Jeremy","Howe","CD_I291313"
1,"MCG","Collingwood","Port Adelaide",1,"WL","Patrick","Lipinski","CD_I1003130"
1,"MCG","Collingwood","Port Adelaide",44,"INT","Ned","Long","CD_I1017124"
1,"MCG","Collingwood","Port Adelaide",4,"BPL","Brayden","Maynard","CD_I992010"
1,"MCG","Collingwood","Port Adelaide",31,"FPR","Beau","McCreery","CD_I1004757"
1,"MCG","Collingwood","Port Adelaide",26,"CHB","Reef","McInnes","CD_I1013278"
1,"MCG","Collingwood","Port Adelaide",11,"CHF","Daniel","McStay","CD_I297504"
1,"MCG","Collingwood","Port Adelaide",28,"INT","Tim","Membrey","CD_I294596"
1,"MCG","Collingwood","Port Adelaide",41,"FF","Brody","Mihocek","CD_I291849"
1,"MCG","Collingwood","Port Adelaide",30,"FB","Darcy","Moore","CD_I298288"
1,"MCG","Collingwood","Port Adelaide",10,"SUB","Scott","Pendlebury","CD_I260257"
1,"MCG","Collingwood","Port Adelaide",12,"C","Harry","Perryman","CD_I998205"
1,"MCG","Collingwood","Port Adelaide",3,"BPR","Isaac","Quaynor","CD_I1008089"
1,"MCG","Collingwood","Port Adelaide",8,"HFFL","Lachie","Schultz","CD_I1000860"
1,"MCG","Collingwood","Port Adelaide",22,"RR","Steele","Sidebottom","CD_I280965"
1,"MCG","Collingwood","Port Adelaide",33,"HFFR","Lachlan","Sullivan","CD_I998480"
1,"MCG","Collingwood","Port Adelaide",21,"FB","Aliir","Aliir","CD_I294469"
1,"MCG","Collingwood","Port Adelaide",14,"CHB","Miles","Bergman","CD_I1009191"
1,"MCG","Collingwood","Port Adelaide",5,"INT","Joe","Berry","CD_I1028529"
1,"MCG","Collingwood","Port Adelaide",10,"INT","Travis","Boak","CD_I250365"
1,"MCG","Collingwood","Port Adelaide",7,"WL","Jase","Burgoyne","CD_I1013462"
1,"MCG","Collingwood","Port Adelaide",3,"SUB","Ryan","Burton","CD_I992128"
1,"MCG","Collingwood","Port Adelaide",33,"HFFL","Darcy","Byrne-Jones","CD_I991930"
1,"MCG","Collingwood","Port Adelaide",28,"C","Willem","Drew","CD_I1000972"
1,"MCG","Collingwood","Port Adelaide",22,"HBFL","Logan","Evans","CD_I1019938"
1,"MCG","Collingwood","Port Adelaide",6,"HBFR","Kane","Farrell","CD_I1002253"
1,"MCG","Collingwood","Port Adelaide",11,"BPL","Jeremy","Finlayson","CD_I298111"
1,"MCG","Collingwood","Port Adelaide",19,"FF","Mitch","Georgiades","CD_I1010174"
1,"MCG","Collingwood","Port Adelaide",18,"R","Jason","Horne-Francis","CD_I1011640"
1,"MCG","Collingwood","Port Adelaide",34,"BPR","Lachie","Jones","CD_I1011583"
1,"MCG","Collingwood","Port Adelaide",12,"FPR","Jack","Lukosius","CD_I1004095"
1,"MCG","Collingwood","Port Adelaide",44,"WR","Jackson","Mead","CD_I1005326"
1,"MCG","Collingwood","Port Adelaide",2,"FPL","Sam","Powell-Pepper","CD_I993979"
1,"MCG","Collingwood","Port Adelaide",35,"CHF","Joe","Richards","CD_I1008239"
1,"MCG","Collingwood","Port Adelaide",15,"HFFR","Willie","Rioli","CD_I296225"
1,"MCG","Collingwood","Port Adelaide",1,"RR","Connor","Rozee","CD_I1001299"
1,"MCG","Collingwood","Port Adelaide",8,"INT","Josh","Sinn","CD_I1017078"
1,"MCG","Collingwood","Port Adelaide",24,"RK","Jordon","Sweet","CD_I992330"
1,"MCG","Collingwood","Port Adelaide",16,"INT","Ollie","Wines","CD_I294318"
1,"Adelaide Oval","Adelaide Crows","St Kilda",5,"INT","Matt","Crouch","CD_I297401"
1,"Adelaide Oval","Adelaide Crows","St Kilda",44,"WL","Isaac","Cumming","CD_I1001396"
1,"Adelaide Oval","Adelaide Crows","St Kilda",6,"INT","Daniel","Curtin","CD_I1024023"
1,"Adelaide Oval","Adelaide Crows","St Kilda",12,"C","Jordan","Dawson","CD_I992242"
1,"Adelaide Oval","Adelaide Crows","St Kilda",34,"SUB","Sid","Draper","CD_I1022607"
1,"Adelaide Oval","Adelaide Crows","St Kilda",32,"FPL","Darcy","Fogarty","CD_I999331"
1,"Adelaide Oval","Adelaide Crows","St Kilda",20,"INT","Mitchell","Hinge","CD_I1004863"
1,"Adelaide Oval","Adelaide Crows","St Kilda",48,"FB","Mark","Keane","CD_I1013974"
1,"Adelaide Oval","Adelaide Crows","St Kilda",2,"HFFL","Ben","Keays","CD_I993946"
1,"Adelaide Oval","Adelaide Crows","St Kilda",29,"BPR","Rory","Laird","CD_I293222"
1,"Adelaide Oval","Adelaide Crows","St Kilda",16,"HBFR","Max","Michalanney","CD_I1015370"
1,"Adelaide Oval","Adelaide Crows","St Kilda",30,"HBFL","Wayne","Milera","CD_I990882"
1,"Adelaide Oval","Adelaide Crows","St Kilda",9,"CHB","Nick","Murray","CD_I1008230"
1,"Adelaide Oval","Adelaide Crows","St Kilda",28,"FPR","Alex","Neal-Bullen","CD_I296420"
1,"Adelaide Oval","Adelaide Crows","St Kilda",43,"RK","Reilly","O'Brien","CD_I297523"
1,"Adelaide Oval","Adelaide Crows","St Kilda",25,"R","James","Peatling","CD_I1006013"
1,"Adelaide Oval","Adelaide Crows","St Kilda",8,"INT","Josh","Rachele","CD_I1017051"
1,"Adelaide Oval","Adelaide Crows","St Kilda",23,"HFFR","Izak","Rankine","CD_I1001195"
1,"Adelaide Oval","Adelaide Crows","St Kilda",38,"WR","Lachlan","Sholl","CD_I1006136"
1,"Adelaide Oval","Adelaide Crows","St Kilda",14,"RR","Jake","Soligo","CD_I1017109"
1,"Adelaide Oval","Adelaide Crows","St Kilda",7,"CHF","Riley","Thilthorpe","CD_I1008384"
1,"Adelaide Oval","Adelaide Crows","St Kilda",13,"FF","Taylor","Walker","CD_I280506"
1,"Adelaide Oval","Adelaide Crows","St Kilda",24,"BPL","Josh","Worrell","CD_I1011981"
1,"Adelaide Oval","Adelaide Crows","St Kilda",31,"FPR","Harry","Boyd","CD_I1000958"
1,"Adelaide Oval","Adelaide Crows","St Kilda",13,"HBFR","Ryan","Byrnes","CD_I1011994"
1,"Adelaide Oval","Adelaide Crows","St Kilda",47,"FF","Anthony","Caminiti","CD_I1023784"
1,"Adelaide Oval","Adelaide Crows","St Kilda",11,"SUB","Hunter","Clark","CD_I1002264"
1,"Adelaide Oval","Adelaide Crows","St Kilda",21,"FB","Zaine","Cordy","CD_I991939"
1,"Adelaide Oval","Adelaide Crows","St Kilda",34,"INT","Hugo","Garcia","CD_I1027790"
1,"Adelaide Oval","Adelaide Crows","St Kilda",40,"INT","Max","Hall","CD_I1020855"
1,"Adelaide Oval","Adelaide Crows","St Kilda",24,"INT","Angus","Hastie","CD_I1027872"
1,"Adelaide Oval","Adelaide Crows","St Kilda",1,"HFFR","Jack","Higgins","CD_I1002227"
1,"Adelaide Oval","Adelaide Crows","St Kilda",8,"WL","Bradley","Hill","CD_I295584"
1,"Adelaide Oval","Adelaide Crows","St Kilda",3,"HFFL","Zak","Jones","CD_I991988"
1,"Adelaide Oval","Adelaide Crows","St Kilda",6,"R","Jack","Macrae","CD_I295467"
1,"Adelaide Oval","Adelaide Crows","St Kilda",19,"RK","Rowan","Marshall","CD_I992468"
1,"Adelaide Oval","Adelaide Crows","St Kilda",45,"INT","Liam","O'Connell","CD_I1035198"
1,"Adelaide Oval","Adelaide Crows","St Kilda",27,"HBFL","Arie","Schoenmaker","CD_I1024279"
1,"Adelaide Oval","Adelaide Crows","St Kilda",35,"C","Jack","Sinclair","CD_I994389"
1,"Adelaide Oval","Adelaide Crows","St Kilda",9,"RR","Jack","Steele","CD_I296205"
1,"Adelaide Oval","Adelaide Crows","St Kilda",7,"CHB","Nasiah","Wanganeen-Milera","CD_I1015507"
1,"Adelaide Oval","Adelaide Crows","St Kilda",29,"BPR","Jimmy","Webster","CD_I290757"
1,"Adelaide Oval","Adelaide Crows","St Kilda",44,"BPL","Callum","Wilkie","CD_I296422"
1,"Adelaide Oval","Adelaide Crows","St Kilda",22,"FPL","Darcy","Wilson","CD_I1027875"
1,"Adelaide Oval","Adelaide Crows","St Kilda",2,"CHF","Marcus","Windhager","CD_I1023270"
1,"Adelaide Oval","Adelaide Crows","St Kilda",32,"WR","Mason","Wood","CD_I295340"
1,"MCG","Melbourne","GWS GIANTS",17,"HBFR","Jake","Bowey","CD_I1012825"
1,"MCG","Melbourne","GWS GIANTS",37,"FPR","Kade","Chandler","CD_I1005330"
1,"MCG","Melbourne","GWS GIANTS",31,"FPL","Bayley","Fritsch","CD_I1001438"
1,"MCG","Melbourne","GWS GIANTS",11,"RK","Max","Gawn","CD_I290528"
1,"MCG","Melbourne","GWS GIANTS",43,"HFFL","Jack","Henderson","CD_I1008183"
1,"MCG","Melbourne","GWS GIANTS",22,"INT","Blake","Howes","CD_I1017122"
1,"MCG","Melbourne","GWS GIANTS",21,"CHF","Matthew","Jefferson","CD_I1023486"
1,"MCG","Melbourne","GWS GIANTS",42,"INT","Aidan","Johnson","CD_I1024173"
1,"MCG","Melbourne","GWS GIANTS",15,"R","Ed","Langdon","CD_I298264"
1,"MCG","Melbourne","GWS GIANTS",19,"SUB","Harvey","Langford","CD_I1028546"
1,"MCG","Melbourne","GWS GIANTS",8,"CHB","Jake","Lever","CD_I298281"
1,"MCG","Melbourne","GWS GIANTS",20,"WR","Xavier","Lindsay","CD_I1028531"
1,"MCG","Melbourne","GWS GIANTS",25,"FB","Tom","McDonald","CD_I291533"
1,"MCG","Melbourne","GWS GIANTS",13,"RR","Clayton","Oliver","CD_I996701"
1,"MCG","Melbourne","GWS GIANTS",5,"C","Christian","Petracca","CD_I298210"
1,"MCG","Melbourne","GWS GIANTS",35,"BPL","Harrison","Petty","CD_I1008893"
1,"MCG","Melbourne","GWS GIANTS",24,"INT","Trent","Rivers","CD_I1009378"
1,"MCG","Melbourne","GWS GIANTS",3,"BPR","Christian","Salem","CD_I296359"
1,"MCG","Melbourne","GWS GIANTS",30,"INT","Harry","Sharp","CD_I1007099"
1,"MCG","Melbourne","GWS GIANTS",32,"WL","Tom","Sparrow","CD_I999391"
1,"MCG","Melbourne","GWS GIANTS",2,"FF","Jacob","van Rooyen","CD_I1017720"
1,"MCG","Melbourne","GWS GIANTS",7,"HFFR","Jack","Viney","CD_I291902"
1,"MCG","Melbourne","GWS GIANTS",6,"HBFL","Caleb","Windsor","CD_I1027821"
1,"MCG","Melbourne","GWS GIANTS",7,"HBFR","Lachie","Ash","CD_I1009253"
1,"MCG","Melbourne","GWS GIANTS",14,"RR","Toby","Bedford","CD_I1008139"
1,"MCG","Melbourne","GWS GIANTS",46,"HFFL","Callum","Brown","CD_I1014038"
1,"MCG","Melbourne","GWS GIANTS",44,"CHB","Jack","Buckley","CD_I1009708"
1,"MCG","Melbourne","GWS GIANTS",5,"FF","Aaron","Cadman","CD_I1019038"
1,"MCG","Melbourne","GWS GIANTS",17,"R","Finn","Callaghan","CD_I1023266"
1,"MCG","Melbourne","GWS GIANTS",3,"WR","Stephen","Coniglio","CD_I291969"
1,"MCG","Melbourne","GWS GIANTS",16,"HFFR","Brent","Daniels","CD_I1002251"
1,"MCG","Melbourne","GWS GIANTS",12,"INT","Tom","Green","CD_I1009528"
1,"MCG","Melbourne","GWS GIANTS",4,"CHF","Toby","Greene","CD_I295344"
1,"MCG","Melbourne","GWS GIANTS",35,"SUB","Max","Gruzewski","CD_I1027921"
1,"MCG","Melbourne","GWS GIANTS",27,"BPR","Harry","Himmelberg","CD_I993107"
1,"MCG","Melbourne","GWS GIANTS",39,"BPL","Connor","Idun","CD_I1008083"
1,"MCG","Melbourne","GWS GIANTS",2,"FPL","Darcy","Jones","CD_I1020650"
1,"MCG","Melbourne","GWS GIANTS",25,"RK","Lachlan","Keeffe","CD_I290314"
1,"MCG","Melbourne","GWS GIANTS",22,"C","Josh","Kelly","CD_I296347"
1,"MCG","Melbourne","GWS GIANTS",30,"INT","James","Leake","CD_I1032119"
1,"MCG","Melbourne","GWS GIANTS",33,"INT","Xavier","O'Halloran","CD_I1006135"
1,"MCG","Melbourne","GWS GIANTS",18,"INT","Conor","Stone","CD_I1015862"
1,"MCG","Melbourne","GWS GIANTS",15,"FB","Sam","Taylor","CD_I1005247"
1,"MCG","Melbourne","GWS GIANTS",8,"FPR","Callan","Ward","CD_I280109"
1,"MCG","Melbourne","GWS GIANTS",10,"WL","Jacob","Wehr","CD_I1004530"
1,"MCG","Melbourne","GWS GIANTS",6,"HBFL","Lachie","Whitfield","CD_I294305"
1,"Optus Stadium","West Coast Eagles","Gold Coast SUNS",12,"FF","Oscar","Allen","CD_I1004385"
1,"Optus Stadium","West Coast Eagles","Gold Coast SUNS",3,"HBFR","Liam","Baker","CD_I1000223"
1,"Optus Stadium","West Coast Eagles","Gold Coast SUNS",10,"INT","Tyler","Brockman","CD_I1013511"
1,"Optus Stadium","West Coast Eagles","Gold Coast SUNS",28,"INT","Tom","Cole","CD_I993820"
1,"Optus Stadium","West Coast Eagles","Gold Coast SUNS",15,"HFFR","Jamie","Cripps","CD_I290826"
1,"Optus Stadium","West Coast Eagles","Gold Coast SUNS",43,"HBFL","Tyrell","Dewar","CD_I1023142"
1,"Optus Stadium","West Coast Eagles","Gold Coast SUNS",14,"WR","Liam","Duggan","CD_I298268"
1,"Optus Stadium","West Coast Eagles","Gold Coast SUNS",42,"FB","Harry","Edwards","CD_I1011437"
1,"Optus Stadium","West Coast Eagles","Gold Coast SUNS",25,"RK","Matt","Flynn","CD_I993902"
1,"Optus Stadium","West Coast Eagles","Gold Coast SUNS",7,"BPL","Reuben","Ginbey","CD_I1023025"
1,"Optus Stadium","West Coast Eagles","Gold Coast SUNS",17,"HFFL","Jack","Graham","CD_I990827"
1,"Optus Stadium","West Coast Eagles","Gold Coast SUNS",8,"INT","Elijah","Hewett","CD_I1020670"
1,"Optus Stadium","West Coast Eagles","Gold Coast SUNS",19,"BPR","Brady","Hough","CD_I1023167"
1,"Optus Stadium","West Coast Eagles","Gold Coast SUNS",5,"WL","Jayden","Hunt","CD_I994385"
1,"Optus Stadium","West Coast Eagles","Gold Coast SUNS",44,"RR","Jack","Hutchinson","CD_I1036098"
1,"Optus Stadium","West Coast Eagles","Gold Coast SUNS",11,"C","Tim","Kelly","CD_I295898"
1,"Optus Stadium","West Coast Eagles","Gold Coast SUNS",13,"FPR","Noah","Long","CD_I1023496"
1,"Optus Stadium","West Coast Eagles","Gold Coast SUNS",23,"SUB","Ryan","Maric","CD_I1029416"
1,"Optus Stadium","West Coast Eagles","Gold Coast SUNS",20,"CHB","Jeremy","McGovern","CD_I294859"
1,"Optus Stadium","West Coast Eagles","Gold Coast SUNS",16,"FPL","Matthew","Owies","CD_I1013973"
1,"Optus Stadium","West Coast Eagles","Gold Coast SUNS",22,"INT","Archer","Reid","CD_I1027693"
1,"Optus Stadium","West Coast Eagles","Gold Coast SUNS",9,"R","Harley","Reid","CD_I1023492"
1,"Optus Stadium","West Coast Eagles","Gold Coast SUNS",2,"CHF","Jake","Waterman","CD_I996554"
1,"Optus Stadium","West Coast Eagles","Gold Coast SUNS",9,"HFFR","Ben","Ainsworth","CD_I998130"
1,"Optus Stadium","West Coast Eagles","Gold Coast SUNS",15,"R","Noah","Anderson","CD_I1009199"
1,"Optus Stadium","West Coast Eagles","Gold Coast SUNS",10,"CHB","Charlie","Ballard","CD_I1008882"
1,"Optus Stadium","West Coast Eagles","Gold Coast SUNS",35,"INT","Connor","Budarick","CD_I1008454"
1,"Optus Stadium","West Coast Eagles","Gold Coast SUNS",33,"WR","Sam","Clohesy","CD_I1013257"
1,"Optus Stadium","West Coast Eagles","Gold Coast SUNS",25,"FB","Sam","Collins","CD_I295446"
1,"Optus Stadium","West Coast Eagles","Gold Coast SUNS",26,"HFFL","Will","Graham","CD_I1026960"
1,"Optus Stadium","West Coast Eagles","Gold Coast SUNS",7,"INT","Nick","Holman","CD_I297456"
1,"Optus Stadium","West Coast Eagles","Gold Coast SUNS",19,"RR","Bailey","Humphrey","CD_I1023500"
1,"Optus Stadium","West Coast Eagles","Gold Coast SUNS",40,"INT","Joel","Jeffrey","CD_I1005992"
1,"Optus Stadium","West Coast Eagles","Gold Coast SUNS",34,"FF","Ben","King","CD_I1006144"
1,"Optus Stadium","West Coast Eagles","Gold Coast SUNS",22,"FPL","Ben","Long","CD_I993917"
1,"Optus Stadium","West Coast Eagles","Gold Coast SUNS",11,"CHF","Touk","Miller","CD_I298272"
1,"Optus Stadium","West Coast Eagles","Gold Coast SUNS",2,"HBFL","John","Noble","CD_I1000072"
1,"Optus Stadium","West Coast Eagles","Gold Coast SUNS",27,"BPL","Wil","Powell","CD_I1007881"
1,"Optus Stadium","West Coast Eagles","Gold Coast SUNS",20,"FPR","Ethan","Read","CD_I1027033"
1,"Optus Stadium","West Coast Eagles","Gold Coast SUNS",17,"HBFR","Daniel","Rioli","CD_I1000981"
1,"Optus Stadium","West Coast Eagles","Gold Coast SUNS",29,"INT","Jake","Rogers","CD_I1018123"
1,"Optus Stadium","West Coast Eagles","Gold Coast SUNS",18,"C","Matt","Rowell","CD_I1009208"
1,"Optus Stadium","West Coast Eagles","Gold Coast SUNS",6,"SUB","Alex","Sexton","CD_I294643"
1,"Optus Stadium","West Coast Eagles","Gold Coast SUNS",32,"BPR","Bodhi","Uwland","CD_I1017665"
1,"Optus Stadium","West Coast Eagles","Gold Coast SUNS",14,"WL","Lachie","Weller","CD_I298524"
1,"Optus Stadium","West Coast Eagles","Gold Coast SUNS",28,"RK","Jarrod","Witts","CD_I291975"
2,"MCG","Carlton","Hawthorn",13,"WL","Blake","Acres","CD_I296294"
2,"MCG","Carlton","Hawthorn",21,"WR","Lucas","Camporeale","CD_I1022452"
2,"MCG","Carlton","Hawthorn",5,"INT","Adam","Cerra","CD_I1002239"
2,"MCG","Carlton","Hawthorn",46,"HFFR","Matthew","Cottrell","CD_I1008154"
2,"MCG","Carlton","Hawthorn",2,"HBFL","Lachlan","Cowan","CD_I1021353"
2,"MCG","Carlton","Hawthorn",9,"C","Patrick","Cripps","CD_I990704"
2,"MCG","Carlton","Hawthorn",30,"FF","Charlie","Curnow","CD_I996731"
2,"MCG","Carlton","Hawthorn",12,"RK","Tom","De Koning","CD_I1004912"
2,"MCG","Carlton","Hawthorn",15,"FPR","Sam","Docherty","CD_I295518"
2,"MCG","Carlton","Hawthorn",8,"HFFL","Lachie","Fogarty","CD_I1002228"
2,"MCG","Carlton","Hawthorn",26,"INT","Nick","Haynes","CD_I295265"
2,"MCG","Carlton","Hawthorn",29,"R","George","Hewett","CD_I294036"
2,"MCG","Carlton","Hawthorn",4,"CHB","Oliver","Hollands","CD_I1023495"
2,"MCG","Carlton","Hawthorn",17,"FPL","Brodie","Kemp","CD_I1009241"
2,"MCG","Carlton","Hawthorn",36,"SUB","Cooper","Lord","CD_I1032108"
2,"MCG","Carlton","Hawthorn",11,"BPR","Mitch","McGovern","CD_I297255"
2,"MCG","Carlton","Hawthorn",3,"INT","Jesse","Motlop","CD_I1017700"
2,"MCG","Carlton","Hawthorn",42,"HBFR","Adam","Saad","CD_I295461"
2,"MCG","Carlton","Hawthorn",1,"FB","Jack","Silvagni","CD_I1001028"
2,"MCG","Carlton","Hawthorn",18,"RR","Sam","Walsh","CD_I1006094"
2,"MCG","Carlton","Hawthorn",23,"BPL","Jacob","Weitering","CD_I993832"
2,"MCG","Carlton","Hawthorn",6,"INT","Zac","Williams","CD_I294685"
2,"MCG","Carlton","Hawthorn",33,"CHF","Lewis","Young","CD_I997316"
2,"MCG","Carlton","Hawthorn",10,"WL","Karl","Amon","CD_I297354"
2,"MCG","Carlton","Hawthorn",37,"BPL","Tom","Barrass","CD_I990290"
2,"MCG","Carlton","Hawthorn",24,"WR","Josh","Battle","CD_I998134"
2,"MCG","Carlton","Hawthorn",18,"FF","Mabior","Chol","CD_I994077"
2,"MCG","Carlton","Hawthorn",16,"HBFR","Massimo","D'Ambrosio","CD_I1005144"
2,"MCG","Carlton","Hawthorn",12,"RR","Will","Day","CD_I1008550"
2,"MCG","Carlton","Hawthorn",33,"FPL","Jack","Ginnivan","CD_I1012857"
2,"MCG","Carlton","Hawthorn",19,"SUB","Jack","Gunston","CD_I291351"
2,"MCG","Carlton","Hawthorn",15,"FB","Blake","Hardwick","CD_I993794"
2,"MCG","Carlton","Hawthorn",4,"CHB","Jarman","Impey","CD_I296254"
2,"MCG","Carlton","Hawthorn",9,"INT","Changkuoth","Jiath","CD_I998390"
2,"MCG","Carlton","Hawthorn",31,"HFFL","Connor","Macdonald","CD_I1017094"
2,"MCG","Carlton","Hawthorn",28,"INT","Cam","Mackenzie","CD_I1023482"
2,"MCG","Carlton","Hawthorn",20,"INT","Finn","Maginness","CD_I1009421"
2,"MCG","Carlton","Hawthorn",17,"RK","Lloyd","Meek","CD_I1000980"
2,"MCG","Carlton","Hawthorn",13,"R","Dylan","Moore","CD_I1006314"
2,"MCG","Carlton","Hawthorn",1,"C","Harry","Morrison","CD_I1000963"
2,"MCG","Carlton","Hawthorn",11,"HFFR","Conor","Nash","CD_I1007124"
2,"MCG","Carlton","Hawthorn",3,"FPR","Jai","Newcombe","CD_I1020895"
2,"MCG","Carlton","Hawthorn",6,"BPR","James","Sicily","CD_I297566"
2,"MCG","Carlton","Hawthorn",25,"INT","Josh","Ward","CD_I1017110"
2,"MCG","Carlton","Hawthorn",34,"CHF","Nick","Watson","CD_I1023473"
2,"MCG","Carlton","Hawthorn",23,"HBFL","Josh","Weddle","CD_I1027935"
2,"MCG","Western Bulldogs","Collingwood",13,"SUB","Oskar","Baker","CD_I1008855"
2,"MCG","Western Bulldogs","Collingwood",29,"HBFL","Lachlan","Bramble","CD_I1000864"
2,"MCG","Western Bulldogs","Collingwood",31,"HBFR","Bailey","Dale","CD_I996708"
2,"MCG","Western Bulldogs","Collingwood",10,"FF","Sam","Darcy","CD_I1017126"
2,"MCG","Western Bulldogs","Collingwood",42,"WR","Sam","Davidson","CD_I1036123"
2,"MCG","Western Bulldogs","Collingwood",26,"INT","Josh","Dolan","CD_I1034235"
2,"MCG","Western Bulldogs","Collingwood",15,"BPR","Taylor","Duryea","CD_I290085"
2,"MCG","Western Bulldogs","Collingwood",44,"RK","Tim","English","CD_I1004592"
2,"MCG","Western Bulldogs","Collingwood",27,"BPL","Joel","Freijah","CD_I1027704"
2,"MCG","Western Bulldogs","Collingwood",12,"WL","Harvey","Gallagher","CD_I1017087"
2,"MCG","Western Bulldogs","Collingwood",22,"FPR","James","Harmes","CD_I297899"
2,"MCG","Western Bulldogs","Collingwood",32,"INT","Arthur","Jones","CD_I1020586"
2,"MCG","Western Bulldogs","Collingwood",8,"HFFR","Matthew","Kennedy","CD_I1001398"
2,"MCG","Western Bulldogs","Collingwood",24,"FB","Buku","Khamis","CD_I998782"
2,"MCG","Western Bulldogs","Collingwood",21,"C","Tom","Liberatore","CD_I290799"
2,"MCG","Western Bulldogs","Collingwood",7,"CHB","Rory","Lobb","CD_I990740"
2,"MCG","Western Bulldogs","Collingwood",30,"HFFL","Lachlan","McNeil","CD_I1009015"
2,"MCG","Western Bulldogs","Collingwood",33,"CHF","Aaron","Naughton","CD_I1002404"
2,"MCG","Western Bulldogs","Collingwood",20,"R","Ed","Richards","CD_I1008280"
2,"MCG","Western Bulldogs","Collingwood",9,"INT","Ryley","Sanders","CD_I1017939"
2,"MCG","Western Bulldogs","Collingwood",23,"FPL","Laitham","Vandermeer","CD_I1005000"
2,"MCG","Western Bulldogs","Collingwood",14,"RR","Rhylee","West","CD_I1006127"
2,"MCG","Western Bulldogs","Collingwood",34,"INT","Bailey","Williams","CD_I992351"
2,"MCG","Western Bulldogs","Collingwood",14,"RK","Darcy","Cameron","CD_I990291"
2,"MCG","Western Bulldogs","Collingwood",46,"INT","Mason","Cox","CD_I998647"
2,"MCG","Western Bulldogs","Collingwood",25,"WR","Jack","Crisp","CD_I293871"
2,"MCG","Western Bulldogs","Collingwood",7,"HBFL","Josh","Daicos","CD_I1005054"
2,"MCG","Western Bulldogs","Collingwood",35,"R","Nick","Daicos","CD_I1023261"
2,"MCG","Western Bulldogs","Collingwood",2,"CHF","Jordan","De Goey","CD_I994185"
2,"MCG","Western Bulldogs","Collingwood",5,"FF","Jamie","Elliott","CD_I293801"
2,"MCG","Western Bulldogs","Collingwood",23,"HFFL","Bobby","Hill","CD_I1006148"
2,"MCG","Western Bulldogs","Collingwood",9,"CHB","Dan","Houston","CD_I994295"
2,"MCG","Western Bulldogs","Collingwood",38,"BPR","Jeremy","Howe","CD_I291313"
2,"MCG","Western Bulldogs","Collingwood",1,"WL","Patrick","Lipinski","CD_I1003130"
2,"MCG","Western Bulldogs","Collingwood",44,"SUB","Ned","Long","CD_I1017124"
2,"MCG","Western Bulldogs","Collingwood",4,"HBFR","Brayden","Maynard","CD_I992010"
2,"MCG","Western Bulldogs","Collingwood",31,"HFFR","Beau","McCreery","CD_I1004757"
2,"MCG","Western Bulldogs","Collingwood",26,"FB","Reef","McInnes","CD_I1013278"
2,"MCG","Western Bulldogs","Collingwood",11,"FPL","Daniel","McStay","CD_I297504"
2,"MCG","Western Bulldogs","Collingwood",28,"FPR","Tim","Membrey","CD_I294596"
2,"MCG","Western Bulldogs","Collingwood",30,"BPL","Darcy","Moore","CD_I298288"
2,"MCG","Western Bulldogs","Collingwood",10,"RR","Scott","Pendlebury","CD_I260257"
2,"MCG","Western Bulldogs","Collingwood",12,"INT","Harry","Perryman","CD_I998205"
2,"MCG","Western Bulldogs","Collingwood",3,"INT","Isaac","Quaynor","CD_I1008089"
2,"MCG","Western Bulldogs","Collingwood",8,"INT","Lachie","Schultz","CD_I1000860"
2,"MCG","Western Bulldogs","Collingwood",22,"C","Steele","Sidebottom","CD_I280965"
2,"MCG","Essendon","Adelaide Crows",24,"RK","Nick","Bryan","CD_I1011954"
2,"MCG","Essendon","Adelaide Crows",30,"CHF","Nate","Caddy","CD_I1027899"
2,"MCG","Essendon","Adelaide Crows",6,"C","Jye","Caldwell","CD_I1006103"
2,"MCG","Essendon","Adelaide Crows",2,"FF","Sam","Draper","CD_I1005577"
2,"MCG","Essendon","Adelaide Crows",22,"RR","Sam","Durham","CD_I1015810"
2,"MCG","Essendon","Adelaide Crows",28,"INT","Xavier","Duursma","CD_I1006096"
2,"MCG","Essendon","Adelaide Crows",45,"INT","Thomas","Edwards","CD_I1018323"
2,"MCG","Essendon","Adelaide Crows",11,"HFFL","Jade","Gresham","CD_I298421"
2,"MCG","Essendon","Adelaide Crows",8,"WL","Ben","Hobbs","CD_I1017088"
2,"MCG","Essendon","Adelaide Crows",23,"FPL","Harrison","Jones","CD_I1011755"
2,"MCG","Essendon","Adelaide Crows",10,"FPR","Isaac","Kako","CD_I1028554"
2,"MCG","Essendon","Adelaide Crows",37,"HBFR","Nic","Martin","CD_I1012013"
2,"MCG","Essendon","Adelaide Crows",1,"BPL","Andrew","McGrath","CD_I998102"
2,"MCG","Essendon","Adelaide Crows",32,"FB","Ben","McKay","CD_I1002143"
2,"MCG","Essendon","Adelaide Crows",29,"SUB","Jye","Menzie","CD_I1013201"
2,"MCG","Essendon","Adelaide Crows",7,"R","Zach","Merrett","CD_I992016"
2,"MCG","Essendon","Adelaide Crows",16,"HFFR","Archie","Perkins","CD_I1015873"
2,"MCG","Essendon","Adelaide Crows",25,"BPR","Jaxon","Prior","CD_I1009386"
2,"MCG","Essendon","Adelaide Crows",27,"HBFL","Mason","Redman","CD_I997078"
2,"MCG","Essendon","Adelaide Crows",31,"CHB","Zach","Reid","CD_I1012817"
2,"MCG","Essendon","Adelaide Crows",21,"WR","Archie","Roberts","CD_I1023515"
2,"MCG","Essendon","Adelaide Crows",9,"INT","Dylan","Shiel","CD_I291783"
2,"MCG","Essendon","Adelaide Crows",5,"INT","Elijah","Tsatas","CD_I1023785"
2,"MCG","Essendon","Adelaide Crows",5,"INT","Matt","Crouch","CD_I297401"
2,"MCG","Essendon","Adelaide Crows",44,"WL","Isaac","Cumming","CD_I1001396"
2,"MCG","Essendon","Adelaide Crows",6,"INT","Daniel","Curtin","CD_I1024023"
2,"MCG","Essendon","Adelaide Crows",12,"C","Jordan","Dawson","CD_I992242"
2,"MCG","Essendon","Adelaide Crows",34,"SUB","Sid","Draper","CD_I1022607"
2,"MCG","Essendon","Adelaide Crows",32,"FPL","Darcy","Fogarty","CD_I999331"
2,"MCG","Essendon","Adelaide Crows",20,"INT","Mitchell","Hinge","CD_I1004863"
2,"MCG","Essendon","Adelaide Crows",48,"FB","Mark","Keane","CD_I1013974"
2,"MCG","Essendon","Adelaide Crows",2,"HFFL","Ben","Keays","CD_I993946"
2,"MCG","Essendon","Adelaide Crows",29,"BPR","Rory","Laird","CD_I293222"
2,"MCG","Essendon","Adelaide Crows",16,"HBFR","Max","Michalanney","CD_I1015370"
2,"MCG","Essendon","Adelaide Crows",30,"HBFL","Wayne","Milera","CD_I990882"
2,"MCG","Essendon","Adelaide Crows",9,"CHB","Nick","Murray","CD_I1008230"
2,"MCG","Essendon","Adelaide Crows",28,"FPR","Alex","Neal-Bullen","CD_I296420"
2,"MCG","Essendon","Adelaide Crows",43,"RK","Reilly","O'Brien","CD_I297523"
2,"MCG","Essendon","Adelaide Crows",25,"R","James","Peatling","CD_I1006013"
2,"MCG","Essendon","Adelaide Crows",8,"INT","Josh","Rachele","CD_I1017051"
2,"MCG","Essendon","Adelaide Crows",23,"HFFR","Izak","Rankine","CD_I1001195"
2,"MCG","Essendon","Adelaide Crows",38,"WR","Lachlan","Sholl","CD_I1006136"
2,"MCG","Essendon","Adelaide Crows",14,"RR","Jake","Soligo","CD_I1017109"
2,"MCG","Essendon","Adelaide Crows",7,"CHF","Riley","Thilthorpe","CD_I1008384"
2,"MCG","Essendon","Adelaide Crows",13,"FF","Taylor","Walker","CD_I280506"
2,"MCG","Essendon","Adelaide Crows",24,"BPL","Josh","Worrell","CD_I1011981"
2,"Adelaide Oval","Port Adelaide","Richmond",21,"FB","Aliir","Aliir","CD_I294469"
2,"Adelaide Oval","Port Adelaide","Richmond",14,"BPL","Miles","Bergman","CD_I1009191"
2,"Adelaide Oval","Port Adelaide","Richmond",5,"HFFL","Joe","Berry","CD_I1028529"
2,"Adelaide Oval","Port Adelaide","Richmond",10,"WR","Travis","Boak","CD_I250365"
2,"Adelaide Oval","Port Adelaide","Richmond",7,"WL","Jase","Burgoyne","CD_I1013462"
2,"Adelaide Oval","Port Adelaide","Richmond",3,"HBFL","Ryan","Burton","CD_I992128"
2,"Adelaide Oval","Port Adelaide","Richmond",33,"INT","Darcy","Byrne-Jones","CD_I991930"
2,"Adelaide Oval","Port Adelaide","Richmond",28,"INT","Willem","Drew","CD_I1000972"
2,"Adelaide Oval","Port Adelaide","Richmond",22,"INT","Logan","Evans","CD_I1019938"
2,"Adelaide Oval","Port Adelaide","Richmond",6,"HBFR","Kane","Farrell","CD_I1002253"
2,"Adelaide Oval","Port Adelaide","Richmond",19,"FF","Mitch","Georgiades","CD_I1010174"
2,"Adelaide Oval","Port Adelaide","Richmond",18,"HFFR","Jason","Horne-Francis","CD_I1011640"
2,"Adelaide Oval","Port Adelaide","Richmond",34,"BPR","Lachie","Jones","CD_I1011583"
2,"Adelaide Oval","Port Adelaide","Richmond",12,"FPR","Jack","Lukosius","CD_I1004095"
2,"Adelaide Oval","Port Adelaide","Richmond",44,"INT","Jackson","Mead","CD_I1005326"
2,"Adelaide Oval","Port Adelaide","Richmond",31,"SUB","Christian","Moraes","CD_I1028563"
2,"Adelaide Oval","Port Adelaide","Richmond",2,"FPL","Sam","Powell-Pepper","CD_I993979"
2,"Adelaide Oval","Port Adelaide","Richmond",35,"CHF","Joe","Richards","CD_I1008239"
2,"Adelaide Oval","Port Adelaide","Richmond",15,"R","Willie","Rioli","CD_I296225"
2,"Adelaide Oval","Port Adelaide","Richmond",1,"C","Connor","Rozee","CD_I1001299"
2,"Adelaide Oval","Port Adelaide","Richmond",8,"CHB","Josh","Sinn","CD_I1017078"
2,"Adelaide Oval","Port Adelaide","Richmond",24,"RK","Jordon","Sweet","CD_I992330"
2,"Adelaide Oval","Port Adelaide","Richmond",16,"RR","Ollie","Wines","CD_I294318"
2,"Adelaide Oval","Port Adelaide","Richmond",34,"FF","Harry","Armstrong","CD_I1028525"
2,"Adelaide Oval","Port Adelaide","Richmond",41,"WL","Sam","Banks","CD_I1013197"
2,"Adelaide Oval","Port Adelaide","Richmond",43,"FPL","Jacob","Bauer","CD_I1021152"
2,"Adelaide Oval","Port Adelaide","Richmond",46,"BPR","Jacob","Blight","CD_I1013229"
2,"Adelaide Oval","Port Adelaide","Richmond",35,"FB","Nathan","Broad","CD_I295203"
2,"Adelaide Oval","Port Adelaide","Richmond",30,"INT","Tom","Brown","CD_I1017086"
2,"Adelaide Oval","Port Adelaide","Richmond",44,"CHF","Seth","Campbell","CD_I1023275"
2,"Adelaide Oval","Port Adelaide","Richmond",27,"INT","Thomson","Dow","CD_I1009226"
2,"Adelaide Oval","Port Adelaide","Richmond",37,"INT","Liam","Fawcett","CD_I1022383"
2,"Adelaide Oval","Port Adelaide","Richmond",48,"HFFR","Steely","Green","CD_I1023056"
2,"Adelaide Oval","Port Adelaide","Richmond",2,"R","Jacob","Hopper","CD_I993903"
2,"Adelaide Oval","Port Adelaide","Richmond",22,"FPR","Sam","Lalor","CD_I1028491"
2,"Adelaide Oval","Port Adelaide","Richmond",7,"HFFL","Rhyan","Mansell","CD_I1008478"
2,"Adelaide Oval","Port Adelaide","Richmond",33,"C","Kamdyn","McIntosh","CD_I294592"
2,"Adelaide Oval","Port Adelaide","Richmond",12,"BPL","Ben","Miller","CD_I1002403"
2,"Adelaide Oval","Port Adelaide","Richmond",25,"RK","Toby","Nankervis","CD_I298174"
2,"Adelaide Oval","Port Adelaide","Richmond",5,"INT","Jack","Ross","CD_I1006133"
2,"Adelaide Oval","Port Adelaide","Richmond",15,"HBFL","Jayden","Short","CD_I992049"
2,"Adelaide Oval","Port Adelaide","Richmond",49,"SUB","Kaleb","Smith","CD_I1022999"
2,"Adelaide Oval","Port Adelaide","Richmond",14,"RR","Tim","Taranto","CD_I998172"
2,"Adelaide Oval","Port Adelaide","Richmond",31,"HBFR","Luke","Trainor","CD_I1028521"
2,"Adelaide Oval","Port Adelaide","Richmond",36,"WR","James","Trezise","CD_I1031829"
2,"Adelaide Oval","Port Adelaide","Richmond",1,"CHB","Nick","Vlastuin","CD_I294674"
2,"Marvel Stadium","St Kilda","Geelong Cats",13,"HBFL","Ryan","Byrnes","CD_I1011994"
2,"Marvel Stadium","St Kilda","Geelong Cats",47,"FF","Anthony","Caminiti","CD_I1023784"
2,"Marvel Stadium","St Kilda","Geelong Cats",11,"INT","Hunter","Clark","CD_I1002264"
2,"Marvel Stadium","St Kilda","Geelong Cats",4,"INT","Lance","Collard","CD_I1017959"
2,"Marvel Stadium","St Kilda","Geelong Cats",34,"SUB","Hugo","Garcia","CD_I1027790"
2,"Marvel Stadium","St Kilda","Geelong Cats",40,"INT","Max","Hall","CD_I1020855"
2,"Marvel Stadium","St Kilda","Geelong Cats",1,"FPL","Jack","Higgins","CD_I1002227"
2,"Marvel Stadium","St Kilda","Geelong Cats",8,"HFFR","Bradley","Hill","CD_I295584"
2,"Marvel Stadium","St Kilda","Geelong Cats",3,"HFFL","Zak","Jones","CD_I991988"
2,"Marvel Stadium","St Kilda","Geelong Cats",17,"BPL","Isaac","Keeler","CD_I1015323"
2,"Marvel Stadium","St Kilda","Geelong Cats",6,"R","Jack","Macrae","CD_I295467"
2,"Marvel Stadium","St Kilda","Geelong Cats",19,"RK","Rowan","Marshall","CD_I992468"
2,"Marvel Stadium","St Kilda","Geelong Cats",45,"INT","Liam","O'Connell","CD_I1035198"
2,"Marvel Stadium","St Kilda","Geelong Cats",10,"CHF","Mitch","Owens","CD_I1023272"
2,"Marvel Stadium","St Kilda","Geelong Cats",35,"HBFR","Jack","Sinclair","CD_I994389"
2,"Marvel Stadium","St Kilda","Geelong Cats",9,"RR","Jack","Steele","CD_I296205"
2,"Marvel Stadium","St Kilda","Geelong Cats",14,"C","Liam","Stocker","CD_I1008312"
2,"Marvel Stadium","St Kilda","Geelong Cats",7,"CHB","Nasiah","Wanganeen-Milera","CD_I1015507"
2,"Marvel Stadium","St Kilda","Geelong Cats",29,"BPR","Jimmy","Webster","CD_I290757"
2,"Marvel Stadium","St Kilda","Geelong Cats",44,"FB","Callum","Wilkie","CD_I296422"
2,"Marvel Stadium","St Kilda","Geelong Cats",22,"FPR","Darcy","Wilson","CD_I1027875"
2,"Marvel Stadium","St Kilda","Geelong Cats",2,"WR","Marcus","Windhager","CD_I1023270"
2,"Marvel Stadium","St Kilda","Geelong Cats",32,"WL","Mason","Wood","CD_I295340"
2,"Marvel Stadium","St Kilda","Geelong Cats",30,"RR","Tom","Atkins","CD_I994386"
2,"Marvel Stadium","St Kilda","Geelong Cats",46,"BPR","Mark","Blicavs","CD_I296733"
2,"Marvel Stadium","St Kilda","Geelong Cats",12,"INT","Jack","Bowes","CD_I998260"
2,"Marvel Stadium","St Kilda","Geelong Cats",5,"FF","Jeremy","Cameron","CD_I293845"
2,"Marvel Stadium","St Kilda","Geelong Cats",13,"INT","Jhye","Clark","CD_I1023537"
2,"Marvel Stadium","St Kilda","Geelong Cats",40,"SUB","Ted","Clohesy","CD_I1023542"
2,"Marvel Stadium","St Kilda","Geelong Cats",45,"HFFL","Brad","Close","CD_I999326"
2,"Marvel Stadium","St Kilda","Geelong Cats",35,"FPR","Patrick","Dangerfield","CD_I270917"
2,"Marvel Stadium","St Kilda","Geelong Cats",16,"RK","Sam","De Koning","CD_I1009229"
2,"Marvel Stadium","St Kilda","Geelong Cats",28,"WR","Oliver","Dempsey","CD_I1025034"
2,"Marvel Stadium","St Kilda","Geelong Cats",39,"HBFL","Zach","Guthrie","CD_I1004870"
2,"Marvel Stadium","St Kilda","Geelong Cats",38,"FB","Jack","Henry","CD_I1000937"
2,"Marvel Stadium","St Kilda","Geelong Cats",36,"WL","Oliver","Henry","CD_I1012860"
2,"Marvel Stadium","St Kilda","Geelong Cats",9,"C","Max","Holmes","CD_I1015889"
2,"Marvel Stadium","St Kilda","Geelong Cats",17,"INT","Lawson","Humphries","CD_I1013464"
2,"Marvel Stadium","St Kilda","Geelong Cats",10,"R","Mitch","Knevitt","CD_I1021103"
2,"Marvel Stadium","St Kilda","Geelong Cats",32,"CHF","Gryan","Miers","CD_I1004938"
2,"Marvel Stadium","St Kilda","Geelong Cats",34,"HBFR","Oisin","Mullin","CD_I1024982"
2,"Marvel Stadium","St Kilda","Geelong Cats",33,"FPL","Shannon","Neale","CD_I1016433"
2,"Marvel Stadium","St Kilda","Geelong Cats",42,"INT","Mark","O'Connor","CD_I1007102"
2,"Marvel Stadium","St Kilda","Geelong Cats",14,"BPL","Connor","O'Sullivan","CD_I1027877"
2,"Marvel Stadium","St Kilda","Geelong Cats",18,"HFFR","Tyson","Stengle","CD_I997230"
2,"Marvel Stadium","St Kilda","Geelong Cats",44,"CHB","Tom","Stewart","CD_I291800"
2,"Gabba","Brisbane Lions","West Coast Eagles",4,"WL","Callum","Ah Chee","CD_I298437"
2,"Gabba","Brisbane Lions","West Coast Eagles",31,"CHB","Harris","Andrews","CD_I996059"
2,"Gabba","Brisbane Lions","West Coast Eagles",43,"HBFL","Noah","Answerth","CD_I1005053"
2,"Gabba","Brisbane Lions","West Coast Eagles",10,"INT","Levi","Ashcroft","CD_I1028560"
2,"Gabba","Brisbane Lions","West Coast Eagles",8,"INT","Will","Ashcroft","CD_I1023517"
2,"Gabba","Brisbane Lions","West Coast Eagles",33,"HFFR","Zac","Bailey","CD_I1002312"
2,"Gabba","Brisbane Lions","West Coast Eagles",7,"WR","Jarrod","Berry","CD_I998133"
2,"Gabba","Brisbane Lions","West Coast Eagles",14,"FPR","Sam","Day","CD_I291753"
2,"Gabba","Brisbane Lions","West Coast Eagles",5,"RR","Josh","Dunkley","CD_I993834"
2,"Gabba","Brisbane Lions","West Coast Eagles",3,"INT","Jaspa","Fletcher","CD_I1023708"
2,"Gabba","Brisbane Lions","West Coast Eagles",30,"CHF","Eric","Hipwood","CD_I993953"
2,"Gabba","Brisbane Lions","West Coast Eagles",35,"BPR","Ryan","Lester","CD_I291548"
2,"Gabba","Brisbane Lions","West Coast Eagles",6,"C","Hugh","McCluggage","CD_I1000978"
2,"Gabba","Brisbane Lions","West Coast Eagles",46,"RK","Oscar","McInerney","CD_I1005521"
2,"Gabba","Brisbane Lions","West Coast Eagles",26,"SUB","Conor","McKenna","CD_I997846"
2,"Gabba","Brisbane Lions","West Coast Eagles",28,"INT","Will","McLachlan","CD_I1029405"
2,"Gabba","Brisbane Lions","West Coast Eagles",13,"FF","Logan","Morris","CD_I1028019"
2,"Gabba","Brisbane Lions","West Coast Eagles",9,"R","Lachie","Neale","CD_I293535"
2,"Gabba","Brisbane Lions","West Coast Eagles",40,"FB","Jack","Payne","CD_I1002347"
2,"Gabba","Brisbane Lions","West Coast Eagles",16,"FPL","Cam","Rayner","CD_I1002235"
2,"Gabba","Brisbane Lions","West Coast Eagles",38,"HFFL","Bruce","Reville","CD_I1009317"
2,"Gabba","Brisbane Lions","West Coast Eagles",44,"HBFR","Darcy","Wilmot","CD_I1017067"
2,"Gabba","Brisbane Lions","West Coast Eagles",15,"BPL","Dayne","Zorko","CD_I261224"
2,"Gabba","Brisbane Lions","West Coast Eagles",12,"FF","Oscar","Allen","CD_I1004385"
2,"Gabba","Brisbane Lions","West Coast Eagles",3,"HBFR","Liam","Baker","CD_I1000223"
2,"Gabba","Brisbane Lions","West Coast Eagles",10,"INT","Tyler","Brockman","CD_I1013511"
2,"Gabba","Brisbane Lions","West Coast Eagles",28,"INT","Tom","Cole","CD_I993820"
2,"Gabba","Brisbane Lions","West Coast Eagles",15,"FPR","Jamie","Cripps","CD_I290826"
2,"Gabba","Brisbane Lions","West Coast Eagles",43,"WR","Tyrell","Dewar","CD_I1023142"
2,"Gabba","Brisbane Lions","West Coast Eagles",14,"RR","Liam","Duggan","CD_I298268"
2,"Gabba","Brisbane Lions","West Coast Eagles",42,"FB","Harry","Edwards","CD_I1011437"
2,"Gabba","Brisbane Lions","West Coast Eagles",7,"HBFL","Reuben","Ginbey","CD_I1023025"
2,"Gabba","Brisbane Lions","West Coast Eagles",29,"INT","Clay","Hall","CD_I1024188"
2,"Gabba","Brisbane Lions","West Coast Eagles",8,"INT","Elijah","Hewett","CD_I1020670"
2,"Gabba","Brisbane Lions","West Coast Eagles",19,"BPL","Brady","Hough","CD_I1023167"
2,"Gabba","Brisbane Lions","West Coast Eagles",5,"WL","Jayden","Hunt","CD_I994385"
2,"Gabba","Brisbane Lions","West Coast Eagles",11,"R","Tim","Kelly","CD_I295898"
2,"Gabba","Brisbane Lions","West Coast Eagles",13,"HFFL","Noah","Long","CD_I1023496"
2,"Gabba","Brisbane Lions","West Coast Eagles",23,"BPR","Ryan","Maric","CD_I1029416"
2,"Gabba","Brisbane Lions","West Coast Eagles",20,"CHB","Jeremy","McGovern","CD_I294859"
2,"Gabba","Brisbane Lions","West Coast Eagles",16,"HFFR","Matthew","Owies","CD_I1013973"
2,"Gabba","Brisbane Lions","West Coast Eagles",21,"SUB","Jack","Petruccelle","CD_I1006550"
2,"Gabba","Brisbane Lions","West Coast Eagles",22,"CHF","Archer","Reid","CD_I1027693"
2,"Gabba","Brisbane Lions","West Coast Eagles",9,"C","Harley","Reid","CD_I1023492"
2,"Gabba","Brisbane Lions","West Coast Eagles",1,"FPL","Liam","Ryan","CD_I1004364"
2,"Gabba","Brisbane Lions","West Coast Eagles",32,"RK","Bailey J.","Williams","CD_I1006114"
2,"Marvel Stadium","North Melbourne","Melbourne",30,"BPL","Charlie","Comben","CD_I1015781"
2,"Marvel Stadium","North Melbourne","Melbourne",4,"FB","Aidan","Corr","CD_I294508"
2,"Marvel Stadium","North Melbourne","Melbourne",25,"FPL","Paul","Curtis","CD_I1002947"
2,"Marvel Stadium","North Melbourne","Melbourne",5,"CHB","Caleb","Daniel","CD_I295136"
2,"Marvel Stadium","North Melbourne","Melbourne",28,"FF","Jack","Darling","CD_I290838"
2,"Marvel Stadium","North Melbourne","Melbourne",9,"C","Luke","Davies-Uniacke","CD_I1002267"
2,"Marvel Stadium","North Melbourne","Melbourne",46,"INT","Robert","Hansen Jr","CD_I1023144"
2,"Marvel Stadium","North Melbourne","Melbourne",41,"INT","Jacob","Konstanty","CD_I1023530"
2,"Marvel Stadium","North Melbourne","Melbourne",20,"CHF","Nick","Larkey","CD_I1001017"
2,"Marvel Stadium","North Melbourne","Melbourne",11,"BPR","Luke","McDonald","CD_I296355"
2,"Marvel Stadium","North Melbourne","Melbourne",10,"HBFR","Colby","McKercher","CD_I1024272"
2,"Marvel Stadium","North Melbourne","Melbourne",2,"WL","Finn","O'Sullivan","CD_I1028495"
2,"Marvel Stadium","North Melbourne","Melbourne",26,"R","Luke","Parker","CD_I290778"
2,"Marvel Stadium","North Melbourne","Melbourne",29,"INT","Will","Phillips","CD_I1012829"
2,"Marvel Stadium","North Melbourne","Melbourne",32,"HFFR","Toby","Pink","CD_I1002138"
2,"Marvel Stadium","North Melbourne","Melbourne",24,"RR","Tom","Powell","CD_I1011659"
2,"Marvel Stadium","North Melbourne","Melbourne",8,"HBFL","Bailey","Scott","CD_I1006058"
2,"Marvel Stadium","North Melbourne","Melbourne",3,"HFFL","Harry","Sheezel","CD_I1023518"
2,"Marvel Stadium","North Melbourne","Melbourne",12,"WR","Jy","Simpkin","CD_I993998"
2,"Marvel Stadium","North Melbourne","Melbourne",15,"SUB","Dylan","Stephens","CD_I1004848"
2,"Marvel Stadium","North Melbourne","Melbourne",13,"INT","Darcy","Tucker","CD_I993816"
2,"Marvel Stadium","North Melbourne","Melbourne",38,"RK","Tristan","Xerri","CD_I1004965"
2,"Marvel Stadium","North Melbourne","Melbourne",44,"FPR","Cameron","Zurhaar","CD_I998484"
2,"Marvel Stadium","North Melbourne","Melbourne",17,"HBFR","Jake","Bowey","CD_I1012825"
2,"Marvel Stadium","North Melbourne","Melbourne",37,"FPR","Kade","Chandler","CD_I1005330"
2,"Marvel Stadium","North Melbourne","Melbourne",31,"FPL","Bayley","Fritsch","CD_I1001438"
2,"Marvel Stadium","North Melbourne","Melbourne",11,"RK","Max","Gawn","CD_I290528"
2,"Marvel Stadium","North Melbourne","Melbourne",43,"HFFL","Jack","Henderson","CD_I1008183"
2,"Marvel Stadium","North Melbourne","Melbourne",22,"INT","Blake","Howes","CD_I1017122"
2,"Marvel Stadium","North Melbourne","Melbourne",21,"CHF","Matthew","Jefferson","CD_I1023486"
2,"Marvel Stadium","North Melbourne","Melbourne",15,"WL","Ed","Langdon","CD_I298264"
2,"Marvel Stadium","North Melbourne","Melbourne",8,"BPL","Jake","Lever","CD_I298281"
2,"Marvel Stadium","North Melbourne","Melbourne",20,"HBFL","Xavier","Lindsay","CD_I1028531"
2,"Marvel Stadium","North Melbourne","Melbourne",25,"FB","Tom","McDonald","CD_I291533"
2,"Marvel Stadium","North Melbourne","Melbourne",13,"C","Clayton","Oliver","CD_I996701"
2,"Marvel Stadium","North Melbourne","Melbourne",5,"RR","Christian","Petracca","CD_I298210"
2,"Marvel Stadium","North Melbourne","Melbourne",35,"CHB","Harrison","Petty","CD_I1008893"
2,"Marvel Stadium","North Melbourne","Melbourne",24,"WR","Trent","Rivers","CD_I1009378"
2,"Marvel Stadium","North Melbourne","Melbourne",3,"BPR","Christian","Salem","CD_I296359"
2,"Marvel Stadium","North Melbourne","Melbourne",30,"INT","Harry","Sharp","CD_I1007099"
2,"Marvel Stadium","North Melbourne","Melbourne",9,"HFFR","Charlie","Spargo","CD_I1002282"
2,"Marvel Stadium","North Melbourne","Melbourne",32,"INT","Tom","Sparrow","CD_I999391"
2,"Marvel Stadium","North Melbourne","Melbourne",10,"INT","Daniel","Turner","CD_I1020959"
2,"Marvel Stadium","North Melbourne","Melbourne",2,"FF","Jacob","van Rooyen","CD_I1017720"
2,"Marvel Stadium","North Melbourne","Melbourne",7,"R","Jack","Viney","CD_I291902"
2,"Marvel Stadium","North Melbourne","Melbourne",40,"SUB","Taj","Woewodin","CD_I1018425"
2,"Optus Stadium","Fremantle","Sydney Swans",24,"FPR","Jye","Amiss","CD_I1020594"
2,"Optus Stadium","Fremantle","Sydney Swans",41,"INT","Bailey","Banfield","CD_I998180"
2,"Optus Stadium","Fremantle","Sydney Swans",15,"HFFR","Shai","Bolton","CD_I993993"
2,"Optus Stadium","Fremantle","Sydney Swans",8,"R","Andrew","Brayshaw","CD_I1002232"
2,"Optus Stadium","Fremantle","Sydney Swans",5,"HBFL","Heath","Chapman","CD_I1013224"
2,"Optus Stadium","Fremantle","Sydney Swans",6,"HBFR","Jordan","Clark","CD_I1006152"
2,"Optus Stadium","Fremantle","Sydney Swans",36,"BPR","Brennan","Cox","CD_I997033"
2,"Optus Stadium","Fremantle","Sydney Swans",37,"SUB","Joshua","Draper","CD_I1020668"
2,"Optus Stadium","Fremantle","Sydney Swans",28,"INT","Neil","Erasmus","CD_I1020250"
2,"Optus Stadium","Fremantle","Sydney Swans",32,"CHF","Michael","Frederick","CD_I999321"
2,"Optus Stadium","Fremantle","Sydney Swans",9,"RK","Luke","Jackson","CD_I1009399"
2,"Optus Stadium","Fremantle","Sydney Swans",44,"WL","Matthew","Johnson","CD_I1016825"
2,"Optus Stadium","Fremantle","Sydney Swans",30,"INT","Nathan","O'Driscoll","CD_I1013220"
2,"Optus Stadium","Fremantle","Sydney Swans",2,"C","Jaeger","O'Meara","CD_I294613"
2,"Optus Stadium","Fremantle","Sydney Swans",25,"FB","Alex","Pearce","CD_I298409"
2,"Optus Stadium","Fremantle","Sydney Swans",16,"FPL","Murphy","Reid","CD_I1028513"
2,"Optus Stadium","Fremantle","Sydney Swans",13,"INT","Luke","Ryan","CD_I998659"
2,"Optus Stadium","Fremantle","Sydney Swans",3,"RR","Caleb","Serong","CD_I1009420"
2,"Optus Stadium","Fremantle","Sydney Swans",14,"WR","Jeremy","Sharp","CD_I1009380"
2,"Optus Stadium","Fremantle","Sydney Swans",35,"FF","Josh","Treacy","CD_I1012819"
2,"Optus Stadium","Fremantle","Sydney Swans",20,"HFFL","Patrick","Voss","CD_I1017754"
2,"Optus Stadium","Fremantle","Sydney Swans",34,"BPL","Corey","Wagner","CD_I993940"
2,"Optus Stadium","Fremantle","Sydney Swans",31,"CHB","Brandon","Walker","CD_I1009410"
2,"Optus Stadium","Fremantle","Sydney Swans",36,"FPL","Joel","Amartey","CD_I1008091"
2,"Optus Stadium","Fremantle","Sydney Swans",26,"INT","Riley","Bice","CD_I1008224"
2,"Optus Stadium","Fremantle","Sydney Swans",22,"BPL","Nick","Blakey","CD_I1006028"
2,"Optus Stadium","Fremantle","Sydney Swans",16,"WR","Braeden","Campbell","CD_I1013133"
2,"Optus Stadium","Fremantle","Sydney Swans",13,"HBFR","Oliver","Florent","CD_I998103"
2,"Optus Stadium","Fremantle","Sydney Swans",4,"RK","Brodie","Grundy","CD_I293957"
2,"Optus Stadium","Fremantle","Sydney Swans",29,"BPR","Joel","Hamling","CD_I295222"
2,"Optus Stadium","Fremantle","Sydney Swans",40,"HFFL","Tom","Hanily","CD_I1027687"
2,"Optus Stadium","Fremantle","Sydney Swans",9,"CHF","Will","Hayward","CD_I997100"
2,"Optus Stadium","Fremantle","Sydney Swans",5,"C","Isaac","Heeney","CD_I298539"
2,"Optus Stadium","Fremantle","Sydney Swans",17,"R","James","Jordon","CD_I1013409"
2,"Optus Stadium","Fremantle","Sydney Swans",19,"INT","Peter","Ladhams","CD_I997142"
2,"Optus Stadium","Fremantle","Sydney Swans",44,"WL","Jake","Lloyd","CD_I295342"
2,"Optus Stadium","Fremantle","Sydney Swans",30,"FF","Tom","McCartin","CD_I1008198"
2,"Optus Stadium","Fremantle","Sydney Swans",2,"HFFR","Hayden","McLean","CD_I1003203"
2,"Optus Stadium","Fremantle","Sydney Swans",11,"FPR","Tom","Papley","CD_I996765"
2,"Optus Stadium","Fremantle","Sydney Swans",24,"FB","Dane","Rampe","CD_I290307"
2,"Optus Stadium","Fremantle","Sydney Swans",34,"CHB","Matt","Roberts","CD_I1012210"
2,"Optus Stadium","Fremantle","Sydney Swans",8,"INT","James","Rowbottom","CD_I1006126"
2,"Optus Stadium","Fremantle","Sydney Swans",12,"SUB","Angus","Sheldrick","CD_I1020339"
2,"Optus Stadium","Fremantle","Sydney Swans",1,"RR","Chad","Warner","CD_I1012014"
2,"Optus Stadium","Fremantle","Sydney Swans",37,"INT","Corey","Warner","CD_I1018424"
2,"Optus Stadium","Fremantle","Sydney Swans",15,"HBFL","Sam","Wicks","CD_I1006232"
3,"Marvel Stadium","Essendon","Port Adelaide",24,"RK","Nick","Bryan","CD_I1011954"
3,"Marvel Stadium","Essendon","Port Adelaide",30,"CHF","Nate","Caddy","CD_I1027899"
3,"Marvel Stadium","Essendon","Port Adelaide",6,"C","Jye","Caldwell","CD_I1006103"
3,"Marvel Stadium","Essendon","Port Adelaide",2,"FF","Sam","Draper","CD_I1005577"
3,"Marvel Stadium","Essendon","Port Adelaide",22,"R","Sam","Durham","CD_I1015810"
3,"Marvel Stadium","Essendon","Port Adelaide",28,"INT","Xavier","Duursma","CD_I1006096"
3,"Marvel Stadium","Essendon","Port Adelaide",45,"INT","Thomas","Edwards","CD_I1018323"
3,"Marvel Stadium","Essendon","Port Adelaide",41,"SUB","Saad","El-Hawli","CD_I1015919"
3,"Marvel Stadium","Essendon","Port Adelaide",11,"HFFL","Jade","Gresham","CD_I298421"
3,"Marvel Stadium","Essendon","Port Adelaide",8,"WR","Ben","Hobbs","CD_I1017088"
3,"Marvel Stadium","Essendon","Port Adelaide",23,"FPL","Harrison","Jones","CD_I1011755"
3,"Marvel Stadium","Essendon","Port Adelaide",10,"FPR","Isaac","Kako","CD_I1028554"
3,"Marvel Stadium","Essendon","Port Adelaide",37,"HFFR","Nic","Martin","CD_I1012013"
3,"Marvel Stadium","Essendon","Port Adelaide",1,"BPL","Andrew","McGrath","CD_I998102"
3,"Marvel Stadium","Essendon","Port Adelaide",32,"FB","Ben","McKay","CD_I1002143"
3,"Marvel Stadium","Essendon","Port Adelaide",29,"INT","Jye","Menzie","CD_I1013201"
3,"Marvel Stadium","Essendon","Port Adelaide",7,"RR","Zach","Merrett","CD_I992016"
3,"Marvel Stadium","Essendon","Port Adelaide",25,"HBFR","Jaxon","Prior","CD_I1009386"
3,"Marvel Stadium","Essendon","Port Adelaide",27,"HBFL","Mason","Redman","CD_I997078"
3,"Marvel Stadium","Essendon","Port Adelaide",31,"CHB","Zach","Reid","CD_I1012817"
3,"Marvel Stadium","Essendon","Port Adelaide",14,"BPR","Jordan","Ridley","CD_I1001026"
3,"Marvel Stadium","Essendon","Port Adelaide",21,"WL","Archie","Roberts","CD_I1023515"
3,"Marvel Stadium","Essendon","Port Adelaide",9,"INT","Dylan","Shiel","CD_I291783"
3,"Marvel Stadium","Essendon","Port Adelaide",21,"FB","Aliir","Aliir","CD_I294469"
3,"Marvel Stadium","Essendon","Port Adelaide",14,"HBFL","Miles","Bergman","CD_I1009191"
3,"Marvel Stadium","Essendon","Port Adelaide",5,"INT","Joe","Berry","CD_I1028529"
3,"Marvel Stadium","Essendon","Port Adelaide",10,"WR","Travis","Boak","CD_I250365"
3,"Marvel Stadium","Essendon","Port Adelaide",7,"CHB","Jase","Burgoyne","CD_I1013462"
3,"Marvel Stadium","Essendon","Port Adelaide",33,"HFFL","Darcy","Byrne-Jones","CD_I991930"
3,"Marvel Stadium","Essendon","Port Adelaide",37,"SUB","Tom","Cochrane","CD_I1022371"
3,"Marvel Stadium","Essendon","Port Adelaide",28,"INT","Willem","Drew","CD_I1000972"
3,"Marvel Stadium","Essendon","Port Adelaide",22,"INT","Logan","Evans","CD_I1019938"
3,"Marvel Stadium","Essendon","Port Adelaide",6,"HBFR","Kane","Farrell","CD_I1002253"
3,"Marvel Stadium","Essendon","Port Adelaide",19,"FF","Mitch","Georgiades","CD_I1010174"
3,"Marvel Stadium","Essendon","Port Adelaide",18,"RR","Jason","Horne-Francis","CD_I1011640"
3,"Marvel Stadium","Essendon","Port Adelaide",44,"INT","Jackson","Mead","CD_I1005326"
3,"Marvel Stadium","Essendon","Port Adelaide",31,"WL","Christian","Moraes","CD_I1028563"
3,"Marvel Stadium","Essendon","Port Adelaide",2,"FPL","Sam","Powell-Pepper","CD_I993979"
3,"Marvel Stadium","Essendon","Port Adelaide",27,"BPL","Esava","Ratugolea","CD_I1002220"
3,"Marvel Stadium","Essendon","Port Adelaide",35,"CHF","Joe","Richards","CD_I1008239"
3,"Marvel Stadium","Essendon","Port Adelaide",15,"R","Willie","Rioli","CD_I296225"
3,"Marvel Stadium","Essendon","Port Adelaide",1,"C","Connor","Rozee","CD_I1001299"
3,"Marvel Stadium","Essendon","Port Adelaide",8,"BPR","Josh","Sinn","CD_I1017078"
3,"Marvel Stadium","Essendon","Port Adelaide",13,"FPR","Ivan","Soldo","CD_I998529"
3,"Marvel Stadium","Essendon","Port Adelaide",24,"RK","Jordon","Sweet","CD_I992330"
3,"Marvel Stadium","Essendon","Port Adelaide",16,"HFFR","Ollie","Wines","CD_I294318"
3,"Marvel Stadium","Carlton","Western Bulldogs",13,"WL","Blake","Acres","CD_I296294"
3,"Marvel Stadium","Carlton","Western Bulldogs",37,"SUB","Jordan","Boyd","CD_I1002795"
3,"Marvel Stadium","Carlton","Western Bulldogs",5,"RR","Adam","Cerra","CD_I1002239"
3,"Marvel Stadium","Carlton","Western Bulldogs",46,"WR","Matthew","Cottrell","CD_I1008154"
3,"Marvel Stadium","Carlton","Western Bulldogs",2,"INT","Lachlan","Cowan","CD_I1021353"
3,"Marvel Stadium","Carlton","Western Bulldogs",9,"C","Patrick","Cripps","CD_I990704"
3,"Marvel Stadium","Carlton","Western Bulldogs",30,"FF","Charlie","Curnow","CD_I996731"
3,"Marvel Stadium","Carlton","Western Bulldogs",12,"RK","Tom","De Koning","CD_I1004912"
3,"Marvel Stadium","Carlton","Western Bulldogs",15,"FPR","Sam","Docherty","CD_I295518"
3,"Marvel Stadium","Carlton","Western Bulldogs",44,"INT","Francis","Evans","CD_I1017255"
3,"Marvel Stadium","Carlton","Western Bulldogs",8,"INT","Lachie","Fogarty","CD_I1002228"
3,"Marvel Stadium","Carlton","Western Bulldogs",26,"BPR","Nick","Haynes","CD_I295265"
3,"Marvel Stadium","Carlton","Western Bulldogs",29,"R","George","Hewett","CD_I294036"
3,"Marvel Stadium","Carlton","Western Bulldogs",4,"HBFR","Oliver","Hollands","CD_I1023495"
3,"Marvel Stadium","Carlton","Western Bulldogs",17,"FPL","Brodie","Kemp","CD_I1009241"
3,"Marvel Stadium","Carlton","Western Bulldogs",11,"CHB","Mitch","McGovern","CD_I297255"
3,"Marvel Stadium","Carlton","Western Bulldogs",3,"HFFL","Jesse","Motlop","CD_I1017700"
3,"Marvel Stadium","Carlton","Western Bulldogs",42,"HBFL","Adam","Saad","CD_I295461"
3,"Marvel Stadium","Carlton","Western Bulldogs",1,"CHF","Jack","Silvagni","CD_I1001028"
3,"Marvel Stadium","Carlton","Western Bulldogs",18,"INT","Sam","Walsh","CD_I1006094"
3,"Marvel Stadium","Carlton","Western Bulldogs",23,"FB","Jacob","Weitering","CD_I993832"
3,"Marvel Stadium","Carlton","Western Bulldogs",6,"HFFR","Zac","Williams","CD_I294685"
3,"Marvel Stadium","Carlton","Western Bulldogs",33,"BPL","Lewis","Young","CD_I997316"
3,"Marvel Stadium","Carlton","Western Bulldogs",13,"INT","Oskar","Baker","CD_I1008855"
3,"Marvel Stadium","Carlton","Western Bulldogs",29,"HBFL","Lachlan","Bramble","CD_I1000864"
3,"Marvel Stadium","Carlton","Western Bulldogs",31,"HBFR","Bailey","Dale","CD_I996708"
3,"Marvel Stadium","Carlton","Western Bulldogs",10,"FF","Sam","Darcy","CD_I1017126"
3,"Marvel Stadium","Carlton","Western Bulldogs",42,"WR","Sam","Davidson","CD_I1036123"
3,"Marvel Stadium","Carlton","Western Bulldogs",26,"SUB","Josh","Dolan","CD_I1034235"
3,"Marvel Stadium","Carlton","Western Bulldogs",44,"RK","Tim","English","CD_I1004592"
3,"Marvel Stadium","Carlton","Western Bulldogs",27,"RR","Joel","Freijah","CD_I1027704"
3,"Marvel Stadium","Carlton","Western Bulldogs",12,"BPR","Harvey","Gallagher","CD_I1017087"
3,"Marvel Stadium","Carlton","Western Bulldogs",22,"INT","James","Harmes","CD_I297899"
3,"Marvel Stadium","Carlton","Western Bulldogs",19,"FB","Liam","Jones","CD_I281078"
3,"Marvel Stadium","Carlton","Western Bulldogs",8,"HFFR","Matthew","Kennedy","CD_I1001398"
3,"Marvel Stadium","Carlton","Western Bulldogs",24,"BPL","Buku","Khamis","CD_I998782"
3,"Marvel Stadium","Carlton","Western Bulldogs",21,"C","Tom","Liberatore","CD_I290799"
3,"Marvel Stadium","Carlton","Western Bulldogs",7,"CHB","Rory","Lobb","CD_I990740"
3,"Marvel Stadium","Carlton","Western Bulldogs",30,"INT","Lachlan","McNeil","CD_I1009015"
3,"Marvel Stadium","Carlton","Western Bulldogs",33,"CHF","Aaron","Naughton","CD_I1002404"
3,"Marvel Stadium","Carlton","Western Bulldogs",18,"INT","James","O'Donnell","CD_I1032966"
3,"Marvel Stadium","Carlton","Western Bulldogs",20,"R","Ed","Richards","CD_I1008280"
3,"Marvel Stadium","Carlton","Western Bulldogs",9,"HFFL","Ryley","Sanders","CD_I1017939"
3,"Marvel Stadium","Carlton","Western Bulldogs",23,"FPL","Laitham","Vandermeer","CD_I1005000"
3,"Marvel Stadium","Carlton","Western Bulldogs",14,"FPR","Rhylee","West","CD_I1006127"
3,"Marvel Stadium","Carlton","Western Bulldogs",34,"WL","Bailey","Williams","CD_I992351"
3,"MCG","Melbourne","Gold Coast SUNS",14,"WL","Jack","Billings","CD_I296351"
3,"MCG","Melbourne","Gold Coast SUNS",17,"HBFR","Jake","Bowey","CD_I1012825"
3,"MCG","Melbourne","Gold Coast SUNS",37,"FPR","Kade","Chandler","CD_I1005330"
3,"MCG","Melbourne","Gold Coast SUNS",31,"INT","Bayley","Fritsch","CD_I1001438"
3,"MCG","Melbourne","Gold Coast SUNS",11,"RK","Max","Gawn","CD_I290528"
3,"MCG","Melbourne","Gold Coast SUNS",43,"HFFL","Jack","Henderson","CD_I1008183"
3,"MCG","Melbourne","Gold Coast SUNS",22,"INT","Blake","Howes","CD_I1017122"
3,"MCG","Melbourne","Gold Coast SUNS",42,"CHF","Aidan","Johnson","CD_I1024173"
3,"MCG","Melbourne","Gold Coast SUNS",15,"R","Ed","Langdon","CD_I298264"
3,"MCG","Melbourne","Gold Coast SUNS",19,"FPL","Harvey","Langford","CD_I1028546"
3,"MCG","Melbourne","Gold Coast SUNS",20,"WR","Xavier","Lindsay","CD_I1028531"
3,"MCG","Melbourne","Gold Coast SUNS",1,"FB","Steven","May","CD_I281085"
3,"MCG","Melbourne","Gold Coast SUNS",25,"BPL","Tom","McDonald","CD_I291533"
3,"MCG","Melbourne","Gold Coast SUNS",18,"SUB","Jake","Melksham","CD_I280824"
3,"MCG","Melbourne","Gold Coast SUNS",13,"C","Clayton","Oliver","CD_I996701"
3,"MCG","Melbourne","Gold Coast SUNS",5,"RR","Christian","Petracca","CD_I298210"
3,"MCG","Melbourne","Gold Coast SUNS",35,"CHB","Harrison","Petty","CD_I1008893"
3,"MCG","Melbourne","Gold Coast SUNS",24,"INT","Trent","Rivers","CD_I1009378"
3,"MCG","Melbourne","Gold Coast SUNS",3,"BPR","Christian","Salem","CD_I296359"
3,"MCG","Melbourne","Gold Coast SUNS",30,"INT","Harry","Sharp","CD_I1007099"
3,"MCG","Melbourne","Gold Coast SUNS",32,"HBFL","Tom","Sparrow","CD_I999391"
3,"MCG","Melbourne","Gold Coast SUNS",2,"FF","Jacob","van Rooyen","CD_I1017720"
3,"MCG","Melbourne","Gold Coast SUNS",7,"HFFR","Jack","Viney","CD_I291902"
3,"MCG","Melbourne","Gold Coast SUNS",15,"R","Noah","Anderson","CD_I1009199"
3,"MCG","Melbourne","Gold Coast SUNS",1,"BPL","Mac","Andrew","CD_I1017396"
3,"MCG","Melbourne","Gold Coast SUNS",35,"CHF","Connor","Budarick","CD_I1008454"
3,"MCG","Melbourne","Gold Coast SUNS",33,"WR","Sam","Clohesy","CD_I1013257"
3,"MCG","Melbourne","Gold Coast SUNS",25,"BPR","Sam","Collins","CD_I295446"
3,"MCG","Melbourne","Gold Coast SUNS",3,"INT","Sam","Flanders","CD_I1009260"
3,"MCG","Melbourne","Gold Coast SUNS",26,"HFFL","Will","Graham","CD_I1026960"
3,"MCG","Melbourne","Gold Coast SUNS",7,"INT","Nick","Holman","CD_I297456"
3,"MCG","Melbourne","Gold Coast SUNS",19,"RR","Bailey","Humphrey","CD_I1023500"
3,"MCG","Melbourne","Gold Coast SUNS",40,"INT","Joel","Jeffrey","CD_I1005992"
3,"MCG","Melbourne","Gold Coast SUNS",34,"FPL","Ben","King","CD_I1006144"
3,"MCG","Melbourne","Gold Coast SUNS",22,"FF","Ben","Long","CD_I993917"
3,"MCG","Melbourne","Gold Coast SUNS",11,"HFFR","Touk","Miller","CD_I298272"
3,"MCG","Melbourne","Gold Coast SUNS",2,"HBFL","John","Noble","CD_I1000072"
3,"MCG","Melbourne","Gold Coast SUNS",27,"FB","Wil","Powell","CD_I1007881"
3,"MCG","Melbourne","Gold Coast SUNS",20,"FPR","Ethan","Read","CD_I1027033"
3,"MCG","Melbourne","Gold Coast SUNS",17,"HBFR","Daniel","Rioli","CD_I1000981"
3,"MCG","Melbourne","Gold Coast SUNS",29,"SUB","Jake","Rogers","CD_I1018123"
3,"MCG","Melbourne","Gold Coast SUNS",18,"C","Matt","Rowell","CD_I1009208"
3,"MCG","Melbourne","Gold Coast SUNS",32,"CHB","Bodhi","Uwland","CD_I1017665"
3,"MCG","Melbourne","Gold Coast SUNS",4,"INT","Jed","Walter","CD_I1023736"
3,"MCG","Melbourne","Gold Coast SUNS",14,"WL","Lachie","Weller","CD_I298524"
3,"MCG","Melbourne","Gold Coast SUNS",28,"RK","Jarrod","Witts","CD_I291975"
3,"Marvel Stadium","St Kilda","Richmond",13,"HBFL","Ryan","Byrnes","CD_I1011994"
3,"Marvel Stadium","St Kilda","Richmond",47,"FF","Anthony","Caminiti","CD_I1023784"
3,"Marvel Stadium","St Kilda","Richmond",4,"INT","Lance","Collard","CD_I1017959"
3,"Marvel Stadium","St Kilda","Richmond",34,"RR","Hugo","Garcia","CD_I1027790"
3,"Marvel Stadium","St Kilda","Richmond",40,"INT","Max","Hall","CD_I1020855"
3,"Marvel Stadium","St Kilda","Richmond",24,"SUB","Angus","Hastie","CD_I1027872"
3,"Marvel Stadium","St Kilda","Richmond",1,"HFFL","Jack","Higgins","CD_I1002227"
3,"Marvel Stadium","St Kilda","Richmond",8,"CHF","Bradley","Hill","CD_I295584"
3,"Marvel Stadium","St Kilda","Richmond",3,"HBFR","Zak","Jones","CD_I991988"
3,"Marvel Stadium","St Kilda","Richmond",17,"BPL","Isaac","Keeler","CD_I1015323"
3,"Marvel Stadium","St Kilda","Richmond",6,"R","Jack","Macrae","CD_I295467"
3,"Marvel Stadium","St Kilda","Richmond",19,"RK","Rowan","Marshall","CD_I992468"
3,"Marvel Stadium","St Kilda","Richmond",45,"INT","Liam","O'Connell","CD_I1035198"
3,"Marvel Stadium","St Kilda","Richmond",10,"HFFR","Mitch","Owens","CD_I1023272"
3,"Marvel Stadium","St Kilda","Richmond",43,"FPL","Cooper","Sharman","CD_I1018018"
3,"Marvel Stadium","St Kilda","Richmond",35,"C","Jack","Sinclair","CD_I994389"
3,"Marvel Stadium","St Kilda","Richmond",5,"INT","Tobie","Travaglia","CD_I1028538"
3,"Marvel Stadium","St Kilda","Richmond",7,"CHB","Nasiah","Wanganeen-Milera","CD_I1015507"
3,"Marvel Stadium","St Kilda","Richmond",29,"BPR","Jimmy","Webster","CD_I290757"
3,"Marvel Stadium","St Kilda","Richmond",44,"FB","Callum","Wilkie","CD_I296422"
3,"Marvel Stadium","St Kilda","Richmond",22,"WL","Darcy","Wilson","CD_I1027875"
3,"Marvel Stadium","St Kilda","Richmond",2,"WR","Marcus","Windhager","CD_I1023270"
3,"Marvel Stadium","St Kilda","Richmond",32,"FPR","Mason","Wood","CD_I295340"
3,"Marvel Stadium","St Kilda","Richmond",9,"EMERG","Jack","Steele","CD_I296205"
3,"Marvel Stadium","St Kilda","Richmond",34,"INT","Harry","Armstrong","CD_I1028525"
3,"Marvel Stadium","St Kilda","Richmond",43,"FPL","Jacob","Bauer","CD_I1021152"
3,"Marvel Stadium","St Kilda","Richmond",46,"FB","Jacob","Blight","CD_I1013229"
3,"Marvel Stadium","St Kilda","Richmond",35,"BPL","Nathan","Broad","CD_I295203"
3,"Marvel Stadium","St Kilda","Richmond",30,"INT","Tom","Brown","CD_I1017086"
3,"Marvel Stadium","St Kilda","Richmond",44,"CHF","Seth","Campbell","CD_I1023275"
3,"Marvel Stadium","St Kilda","Richmond",27,"WL","Thomson","Dow","CD_I1009226"
3,"Marvel Stadium","St Kilda","Richmond",48,"HFFR","Steely","Green","CD_I1023056"
3,"Marvel Stadium","St Kilda","Richmond",2,"R","Jacob","Hopper","CD_I993903"
3,"Marvel Stadium","St Kilda","Richmond",22,"FPR","Sam","Lalor","CD_I1028491"
3,"Marvel Stadium","St Kilda","Richmond",19,"FF","Tom","Lynch","CD_I293813"
3,"Marvel Stadium","St Kilda","Richmond",7,"HFFL","Rhyan","Mansell","CD_I1008478"
3,"Marvel Stadium","St Kilda","Richmond",33,"C","Kamdyn","McIntosh","CD_I294592"
3,"Marvel Stadium","St Kilda","Richmond",12,"BPR","Ben","Miller","CD_I1002403"
3,"Marvel Stadium","St Kilda","Richmond",25,"RK","Toby","Nankervis","CD_I298174"
3,"Marvel Stadium","St Kilda","Richmond",5,"INT","Jack","Ross","CD_I1006133"
3,"Marvel Stadium","St Kilda","Richmond",15,"CHB","Jayden","Short","CD_I992049"
3,"Marvel Stadium","St Kilda","Richmond",49,"SUB","Kaleb","Smith","CD_I1022999"
3,"Marvel Stadium","St Kilda","Richmond",40,"INT","Tyler","Sonsie","CD_I1017114"
3,"Marvel Stadium","St Kilda","Richmond",14,"RR","Tim","Taranto","CD_I998172"
3,"Marvel Stadium","St Kilda","Richmond",31,"HBFL","Luke","Trainor","CD_I1028521"
3,"Marvel Stadium","St Kilda","Richmond",36,"WR","James","Trezise","CD_I1031829"
3,"Marvel Stadium","St Kilda","Richmond",1,"HBFR","Nick","Vlastuin","CD_I294674"
3,"University of Tasmania Stadium","Hawthorn","GWS GIANTS",10,"WL","Karl","Amon","CD_I297354"
3,"University of Tasmania Stadium","Hawthorn","GWS GIANTS",37,"BPL","Tom","Barrass","CD_I990290"
3,"University of Tasmania Stadium","Hawthorn","GWS GIANTS",24,"WR","Josh","Battle","CD_I998134"
3,"University of Tasmania Stadium","Hawthorn","GWS GIANTS",22,"SUB","Luke","Breust","CD_I280744"
3,"University of Tasmania Stadium","Hawthorn","GWS GIANTS",18,"FF","Mabior","Chol","CD_I994077"
3,"University of Tasmania Stadium","Hawthorn","GWS GIANTS",16,"HBFR","Massimo","D'Ambrosio","CD_I1005144"
3,"University of Tasmania Stadium","Hawthorn","GWS GIANTS",12,"FPR","Will","Day","CD_I1008550"
3,"University of Tasmania Stadium","Hawthorn","GWS GIANTS",33,"HFFR","Jack","Ginnivan","CD_I1012857"
3,"University of Tasmania Stadium","Hawthorn","GWS GIANTS",19,"FPL","Jack","Gunston","CD_I291351"
3,"University of Tasmania Stadium","Hawthorn","GWS GIANTS",15,"FB","Blake","Hardwick","CD_I993794"
3,"University of Tasmania Stadium","Hawthorn","GWS GIANTS",4,"CHB","Jarman","Impey","CD_I296254"
3,"University of Tasmania Stadium","Hawthorn","GWS GIANTS",9,"INT","Changkuoth","Jiath","CD_I998390"
3,"University of Tasmania Stadium","Hawthorn","GWS GIANTS",28,"INT","Cam","Mackenzie","CD_I1023482"
3,"University of Tasmania Stadium","Hawthorn","GWS GIANTS",20,"INT","Finn","Maginness","CD_I1009421"
3,"University of Tasmania Stadium","Hawthorn","GWS GIANTS",17,"RK","Lloyd","Meek","CD_I1000980"
3,"University of Tasmania Stadium","Hawthorn","GWS GIANTS",13,"R","Dylan","Moore","CD_I1006314"
3,"University of Tasmania Stadium","Hawthorn","GWS GIANTS",1,"HFFL","Harry","Morrison","CD_I1000963"
3,"University of Tasmania Stadium","Hawthorn","GWS GIANTS",11,"C","Conor","Nash","CD_I1007124"
3,"University of Tasmania Stadium","Hawthorn","GWS GIANTS",3,"RR","Jai","Newcombe","CD_I1020895"
3,"University of Tasmania Stadium","Hawthorn","GWS GIANTS",6,"BPR","James","Sicily","CD_I297566"
3,"University of Tasmania Stadium","Hawthorn","GWS GIANTS",25,"INT","Josh","Ward","CD_I1017110"
3,"University of Tasmania Stadium","Hawthorn","GWS GIANTS",34,"CHF","Nick","Watson","CD_I1023473"
3,"University of Tasmania Stadium","Hawthorn","GWS GIANTS",23,"HBFL","Josh","Weddle","CD_I1027935"
3,"University of Tasmania Stadium","Hawthorn","GWS GIANTS",7,"HBFR","Lachie","Ash","CD_I1009253"
3,"University of Tasmania Stadium","Hawthorn","GWS GIANTS",14,"RR","Toby","Bedford","CD_I1008139"
3,"University of Tasmania Stadium","Hawthorn","GWS GIANTS",32,"RK","Kieren","Briggs","CD_I1008436"
3,"University of Tasmania Stadium","Hawthorn","GWS GIANTS",44,"CHB","Jack","Buckley","CD_I1009708"
3,"University of Tasmania Stadium","Hawthorn","GWS GIANTS",5,"FPR","Aaron","Cadman","CD_I1019038"
3,"University of Tasmania Stadium","Hawthorn","GWS GIANTS",17,"WL","Finn","Callaghan","CD_I1023266"
3,"University of Tasmania Stadium","Hawthorn","GWS GIANTS",3,"WR","Stephen","Coniglio","CD_I291969"
3,"University of Tasmania Stadium","Hawthorn","GWS GIANTS",16,"HFFR","Brent","Daniels","CD_I1002251"
3,"University of Tasmania Stadium","Hawthorn","GWS GIANTS",12,"R","Tom","Green","CD_I1009528"
3,"University of Tasmania Stadium","Hawthorn","GWS GIANTS",4,"HFFL","Toby","Greene","CD_I295344"
3,"University of Tasmania Stadium","Hawthorn","GWS GIANTS",27,"BPR","Harry","Himmelberg","CD_I993107"
3,"University of Tasmania Stadium","Hawthorn","GWS GIANTS",23,"FF","Jesse","Hogan","CD_I296324"
3,"University of Tasmania Stadium","Hawthorn","GWS GIANTS",39,"BPL","Connor","Idun","CD_I1008083"
3,"University of Tasmania Stadium","Hawthorn","GWS GIANTS",2,"FPL","Darcy","Jones","CD_I1020650"
3,"University of Tasmania Stadium","Hawthorn","GWS GIANTS",25,"INT","Lachlan","Keeffe","CD_I290314"
3,"University of Tasmania Stadium","Hawthorn","GWS GIANTS",22,"C","Josh","Kelly","CD_I296347"
3,"University of Tasmania Stadium","Hawthorn","GWS GIANTS",33,"INT","Xavier","O'Halloran","CD_I1006135"
3,"University of Tasmania Stadium","Hawthorn","GWS GIANTS",18,"INT","Conor","Stone","CD_I1015862"
3,"University of Tasmania Stadium","Hawthorn","GWS GIANTS",20,"CHF","Jake","Stringer","CD_I293884"
3,"University of Tasmania Stadium","Hawthorn","GWS GIANTS",15,"FB","Sam","Taylor","CD_I1005247"
3,"University of Tasmania Stadium","Hawthorn","GWS GIANTS",8,"INT","Callan","Ward","CD_I280109"
3,"University of Tasmania Stadium","Hawthorn","GWS GIANTS",10,"SUB","Jacob","Wehr","CD_I1004530"
3,"University of Tasmania Stadium","Hawthorn","GWS GIANTS",6,"HBFL","Lachie","Whitfield","CD_I294305"
3,"Gabba","Brisbane Lions","Geelong Cats",4,"WL","Callum","Ah Chee","CD_I298437"
3,"Gabba","Brisbane Lions","Geelong Cats",31,"CHB","Harris","Andrews","CD_I996059"
3,"Gabba","Brisbane Lions","Geelong Cats",43,"HBFL","Noah","Answerth","CD_I1005053"
3,"Gabba","Brisbane Lions","Geelong Cats",10,"INT","Levi","Ashcroft","CD_I1028560"
3,"Gabba","Brisbane Lions","Geelong Cats",8,"INT","Will","Ashcroft","CD_I1023517"
3,"Gabba","Brisbane Lions","Geelong Cats",33,"C","Zac","Bailey","CD_I1002312"
3,"Gabba","Brisbane Lions","Geelong Cats",7,"WR","Jarrod","Berry","CD_I998133"
3,"Gabba","Brisbane Lions","Geelong Cats",23,"HFFL","Charlie","Cameron","CD_I990609"
3,"Gabba","Brisbane Lions","Geelong Cats",14,"FF","Sam","Day","CD_I291753"
3,"Gabba","Brisbane Lions","Geelong Cats",5,"RR","Josh","Dunkley","CD_I993834"
3,"Gabba","Brisbane Lions","Geelong Cats",3,"INT","Jaspa","Fletcher","CD_I1023708"
3,"Gabba","Brisbane Lions","Geelong Cats",32,"RK","Darcy","Fort","CD_I298211"
3,"Gabba","Brisbane Lions","Geelong Cats",30,"CHF","Eric","Hipwood","CD_I993953"
3,"Gabba","Brisbane Lions","Geelong Cats",35,"BPR","Ryan","Lester","CD_I291548"
3,"Gabba","Brisbane Lions","Geelong Cats",1,"INT","Kai","Lohmann","CD_I1014026"
3,"Gabba","Brisbane Lions","Geelong Cats",6,"HFFR","Hugh","McCluggage","CD_I1000978"
3,"Gabba","Brisbane Lions","Geelong Cats",13,"FPR","Logan","Morris","CD_I1028019"
3,"Gabba","Brisbane Lions","Geelong Cats",9,"R","Lachie","Neale","CD_I293535"
3,"Gabba","Brisbane Lions","Geelong Cats",40,"FB","Jack","Payne","CD_I1002347"
3,"Gabba","Brisbane Lions","Geelong Cats",16,"FPL","Cam","Rayner","CD_I1002235"
3,"Gabba","Brisbane Lions","Geelong Cats",38,"SUB","Bruce","Reville","CD_I1009317"
3,"Gabba","Brisbane Lions","Geelong Cats",44,"HBFR","Darcy","Wilmot","CD_I1017067"
3,"Gabba","Brisbane Lions","Geelong Cats",15,"BPL","Dayne","Zorko","CD_I261224"
3,"Gabba","Brisbane Lions","Geelong Cats",30,"R","Tom","Atkins","CD_I994386"
3,"Gabba","Brisbane Lions","Geelong Cats",46,"BPR","Mark","Blicavs","CD_I296733"
3,"Gabba","Brisbane Lions","Geelong Cats",12,"INT","Jack","Bowes","CD_I998260"
3,"Gabba","Brisbane Lions","Geelong Cats",5,"FF","Jeremy","Cameron","CD_I293845"
3,"Gabba","Brisbane Lions","Geelong Cats",13,"INT","Jhye","Clark","CD_I1023537"
3,"Gabba","Brisbane Lions","Geelong Cats",40,"INT","Ted","Clohesy","CD_I1023542"
3,"Gabba","Brisbane Lions","Geelong Cats",45,"WL","Brad","Close","CD_I999326"
3,"Gabba","Brisbane Lions","Geelong Cats",35,"C","Patrick","Dangerfield","CD_I270917"
3,"Gabba","Brisbane Lions","Geelong Cats",16,"RK","Sam","De Koning","CD_I1009229"
3,"Gabba","Brisbane Lions","Geelong Cats",28,"WR","Oliver","Dempsey","CD_I1025034"
3,"Gabba","Brisbane Lions","Geelong Cats",39,"CHB","Zach","Guthrie","CD_I1004870"
3,"Gabba","Brisbane Lions","Geelong Cats",38,"FB","Jack","Henry","CD_I1000937"
3,"Gabba","Brisbane Lions","Geelong Cats",36,"FPR","Oliver","Henry","CD_I1012860"
3,"Gabba","Brisbane Lions","Geelong Cats",9,"RR","Max","Holmes","CD_I1015889"
3,"Gabba","Brisbane Lions","Geelong Cats",17,"INT","Lawson","Humphries","CD_I1013464"
3,"Gabba","Brisbane Lions","Geelong Cats",10,"SUB","Mitch","Knevitt","CD_I1021103"
3,"Gabba","Brisbane Lions","Geelong Cats",32,"CHF","Gryan","Miers","CD_I1004938"
3,"Gabba","Brisbane Lions","Geelong Cats",34,"HBFR","Oisin","Mullin","CD_I1024982"
3,"Gabba","Brisbane Lions","Geelong Cats",33,"FPL","Shannon","Neale","CD_I1016433"
3,"Gabba","Brisbane Lions","Geelong Cats",42,"HBFL","Mark","O'Connor","CD_I1007102"
3,"Gabba","Brisbane Lions","Geelong Cats",14,"BPL","Connor","O'Sullivan","CD_I1027877"
3,"Gabba","Brisbane Lions","Geelong Cats",3,"HFFL","Bailey","Smith","CD_I1006130"
3,"Gabba","Brisbane Lions","Geelong Cats",18,"HFFR","Tyson","Stengle","CD_I997230"
3,"Adelaide Oval","Adelaide Crows","North Melbourne",35,"FB","James","Borlase","CD_I1009029"
3,"Adelaide Oval","Adelaide Crows","North Melbourne",5,"INT","Matt","Crouch","CD_I297401"
3,"Adelaide Oval","Adelaide Crows","North Melbourne",44,"WL","Isaac","Cumming","CD_I1001396"
3,"Adelaide Oval","Adelaide Crows","North Melbourne",6,"INT","Daniel","Curtin","CD_I1024023"
3,"Adelaide Oval","Adelaide Crows","North Melbourne",12,"C","Jordan","Dawson","CD_I992242"
3,"Adelaide Oval","Adelaide Crows","North Melbourne",34,"SUB","Sid","Draper","CD_I1022607"
3,"Adelaide Oval","Adelaide Crows","North Melbourne",32,"FPL","Darcy","Fogarty","CD_I999331"
3,"Adelaide Oval","Adelaide Crows","North Melbourne",20,"INT","Mitchell","Hinge","CD_I1004863"
3,"Adelaide Oval","Adelaide Crows","North Melbourne",48,"CHB","Mark","Keane","CD_I1013974"
3,"Adelaide Oval","Adelaide Crows","North Melbourne",2,"HFFL","Ben","Keays","CD_I993946"
3,"Adelaide Oval","Adelaide Crows","North Melbourne",29,"BPR","Rory","Laird","CD_I293222"
3,"Adelaide Oval","Adelaide Crows","North Melbourne",16,"HBFR","Max","Michalanney","CD_I1015370"
3,"Adelaide Oval","Adelaide Crows","North Melbourne",30,"HBFL","Wayne","Milera","CD_I990882"
3,"Adelaide Oval","Adelaide Crows","North Melbourne",28,"FPR","Alex","Neal-Bullen","CD_I296420"
3,"Adelaide Oval","Adelaide Crows","North Melbourne",43,"RK","Reilly","O'Brien","CD_I297523"
3,"Adelaide Oval","Adelaide Crows","North Melbourne",25,"R","James","Peatling","CD_I1006013"
3,"Adelaide Oval","Adelaide Crows","North Melbourne",8,"INT","Josh","Rachele","CD_I1017051"
3,"Adelaide Oval","Adelaide Crows","North Melbourne",23,"HFFR","Izak","Rankine","CD_I1001195"
3,"Adelaide Oval","Adelaide Crows","North Melbourne",38,"WR","Lachlan","Sholl","CD_I1006136"
3,"Adelaide Oval","Adelaide Crows","North Melbourne",14,"RR","Jake","Soligo","CD_I1017109"
3,"Adelaide Oval","Adelaide Crows","North Melbourne",7,"CHF","Riley","Thilthorpe","CD_I1008384"
3,"Adelaide Oval","Adelaide Crows","North Melbourne",13,"FF","Taylor","Walker","CD_I280506"
3,"Adelaide Oval","Adelaide Crows","North Melbourne",24,"BPL","Josh","Worrell","CD_I1011981"
3,"Adelaide Oval","Adelaide Crows","North Melbourne",30,"BPL","Charlie","Comben","CD_I1015781"
3,"Adelaide Oval","Adelaide Crows","North Melbourne",4,"FB","Aidan","Corr","CD_I294508"
3,"Adelaide Oval","Adelaide Crows","North Melbourne",25,"FPL","Paul","Curtis","CD_I1002947"
3,"Adelaide Oval","Adelaide Crows","North Melbourne",5,"CHB","Caleb","Daniel","CD_I295136"
3,"Adelaide Oval","Adelaide Crows","North Melbourne",28,"FF","Jack","Darling","CD_I290838"
3,"Adelaide Oval","Adelaide Crows","North Melbourne",9,"C","Luke","Davies-Uniacke","CD_I1002267"
3,"Adelaide Oval","Adelaide Crows","North Melbourne",46,"INT","Robert","Hansen Jr","CD_I1023144"
3,"Adelaide Oval","Adelaide Crows","North Melbourne",41,"INT","Jacob","Konstanty","CD_I1023530"
3,"Adelaide Oval","Adelaide Crows","North Melbourne",20,"CHF","Nick","Larkey","CD_I1001017"
3,"Adelaide Oval","Adelaide Crows","North Melbourne",11,"BPR","Luke","McDonald","CD_I296355"
3,"Adelaide Oval","Adelaide Crows","North Melbourne",10,"HBFR","Colby","McKercher","CD_I1024272"
3,"Adelaide Oval","Adelaide Crows","North Melbourne",2,"WL","Finn","O'Sullivan","CD_I1028495"
3,"Adelaide Oval","Adelaide Crows","North Melbourne",26,"R","Luke","Parker","CD_I290778"
3,"Adelaide Oval","Adelaide Crows","North Melbourne",29,"INT","Will","Phillips","CD_I1012829"
3,"Adelaide Oval","Adelaide Crows","North Melbourne",32,"HFFR","Toby","Pink","CD_I1002138"
3,"Adelaide Oval","Adelaide Crows","North Melbourne",24,"RR","Tom","Powell","CD_I1011659"
3,"Adelaide Oval","Adelaide Crows","North Melbourne",8,"HBFL","Bailey","Scott","CD_I1006058"
3,"Adelaide Oval","Adelaide Crows","North Melbourne",3,"HFFL","Harry","Sheezel","CD_I1023518"
3,"Adelaide Oval","Adelaide Crows","North Melbourne",12,"WR","Jy","Simpkin","CD_I993998"
3,"Adelaide Oval","Adelaide Crows","North Melbourne",15,"SUB","Dylan","Stephens","CD_I1004848"
3,"Adelaide Oval","Adelaide Crows","North Melbourne",13,"INT","Darcy","Tucker","CD_I993816"
3,"Adelaide Oval","Adelaide Crows","North Melbourne",38,"RK","Tristan","Xerri","CD_I1004965"
3,"Adelaide Oval","Adelaide Crows","North Melbourne",44,"FPR","Cameron","Zurhaar","CD_I998484"
3,"Optus Stadium","West Coast Eagles","Fremantle",12,"FF","Oscar","Allen","CD_I1004385"
3,"Optus Stadium","West Coast Eagles","Fremantle",3,"HBFL","Liam","Baker","CD_I1000223"
3,"Optus Stadium","West Coast Eagles","Fremantle",10,"HFFL","Tyler","Brockman","CD_I1013511"
3,"Optus Stadium","West Coast Eagles","Fremantle",28,"INT","Tom","Cole","CD_I993820"
3,"Optus Stadium","West Coast Eagles","Fremantle",15,"FPR","Jamie","Cripps","CD_I290826"
3,"Optus Stadium","West Coast Eagles","Fremantle",43,"WL","Tyrell","Dewar","CD_I1023142"
3,"Optus Stadium","West Coast Eagles","Fremantle",14,"R","Liam","Duggan","CD_I298268"
3,"Optus Stadium","West Coast Eagles","Fremantle",42,"FB","Harry","Edwards","CD_I1011437"
3,"Optus Stadium","West Coast Eagles","Fremantle",7,"BPR","Reuben","Ginbey","CD_I1023025"
3,"Optus Stadium","West Coast Eagles","Fremantle",17,"INT","Jack","Graham","CD_I990827"
3,"Optus Stadium","West Coast Eagles","Fremantle",8,"SUB","Elijah","Hewett","CD_I1020670"
3,"Optus Stadium","West Coast Eagles","Fremantle",19,"BPL","Brady","Hough","CD_I1023167"
3,"Optus Stadium","West Coast Eagles","Fremantle",5,"WR","Jayden","Hunt","CD_I994385"
3,"Optus Stadium","West Coast Eagles","Fremantle",11,"C","Tim","Kelly","CD_I295898"
3,"Optus Stadium","West Coast Eagles","Fremantle",13,"FPL","Noah","Long","CD_I1023496"
3,"Optus Stadium","West Coast Eagles","Fremantle",23,"HBFR","Ryan","Maric","CD_I1029416"
3,"Optus Stadium","West Coast Eagles","Fremantle",20,"CHB","Jeremy","McGovern","CD_I294859"
3,"Optus Stadium","West Coast Eagles","Fremantle",16,"INT","Matthew","Owies","CD_I1013973"
3,"Optus Stadium","West Coast Eagles","Fremantle",22,"CHF","Archer","Reid","CD_I1027693"
3,"Optus Stadium","West Coast Eagles","Fremantle",9,"RR","Harley","Reid","CD_I1023492"
3,"Optus Stadium","West Coast Eagles","Fremantle",1,"HFFR","Liam","Ryan","CD_I1004364"
3,"Optus Stadium","West Coast Eagles","Fremantle",32,"RK","Bailey J.","Williams","CD_I1006114"
3,"Optus Stadium","West Coast Eagles","Fremantle",34,"INT","Jack","Williams","CD_I1020371"
3,"Optus Stadium","West Coast Eagles","Fremantle",11,"SUB","James","Aish","CD_I295067"
3,"Optus Stadium","West Coast Eagles","Fremantle",24,"FPR","Jye","Amiss","CD_I1020594"
3,"Optus Stadium","West Coast Eagles","Fremantle",41,"INT","Bailey","Banfield","CD_I998180"
3,"Optus Stadium","West Coast Eagles","Fremantle",15,"HFFR","Shai","Bolton","CD_I993993"
3,"Optus Stadium","West Coast Eagles","Fremantle",8,"R","Andrew","Brayshaw","CD_I1002232"
3,"Optus Stadium","West Coast Eagles","Fremantle",5,"HBFL","Heath","Chapman","CD_I1013224"
3,"Optus Stadium","West Coast Eagles","Fremantle",6,"HBFR","Jordan","Clark","CD_I1006152"
3,"Optus Stadium","West Coast Eagles","Fremantle",36,"BPR","Brennan","Cox","CD_I997033"
3,"Optus Stadium","West Coast Eagles","Fremantle",37,"BPL","Joshua","Draper","CD_I1020668"
3,"Optus Stadium","West Coast Eagles","Fremantle",43,"INT","Isaiah","Dudley","CD_I1011558"
3,"Optus Stadium","West Coast Eagles","Fremantle",28,"INT","Neil","Erasmus","CD_I1020250"
3,"Optus Stadium","West Coast Eagles","Fremantle",32,"CHF","Michael","Frederick","CD_I999321"
3,"Optus Stadium","West Coast Eagles","Fremantle",9,"RK","Luke","Jackson","CD_I1009399"
3,"Optus Stadium","West Coast Eagles","Fremantle",44,"WL","Matthew","Johnson","CD_I1016825"
3,"Optus Stadium","West Coast Eagles","Fremantle",30,"C","Nathan","O'Driscoll","CD_I1013220"
3,"Optus Stadium","West Coast Eagles","Fremantle",25,"FB","Alex","Pearce","CD_I298409"
3,"Optus Stadium","West Coast Eagles","Fremantle",16,"HFFL","Murphy","Reid","CD_I1028513"
3,"Optus Stadium","West Coast Eagles","Fremantle",13,"CHB","Luke","Ryan","CD_I998659"
3,"Optus Stadium","West Coast Eagles","Fremantle",3,"RR","Caleb","Serong","CD_I1009420"
3,"Optus Stadium","West Coast Eagles","Fremantle",14,"WR","Jeremy","Sharp","CD_I1009380"
3,"Optus Stadium","West Coast Eagles","Fremantle",35,"FF","Josh","Treacy","CD_I1012819"
3,"Optus Stadium","West Coast Eagles","Fremantle",20,"FPL","Patrick","Voss","CD_I1017754"
3,"Optus Stadium","West Coast Eagles","Fremantle",23,"INT","Karl","Worner","CD_I1021015"
4,"MCG","Collingwood","Carlton",14,"RK","Darcy","Cameron","CD_I990291"
4,"MCG","Collingwood","Carlton",25,"WR","Jack","Crisp","CD_I293871"
4,"MCG","Collingwood","Carlton",7,"INT","Josh","Daicos","CD_I1005054"
4,"MCG","Collingwood","Carlton",35,"R","Nick","Daicos","CD_I1023261"
4,"MCG","Collingwood","Carlton",2,"HFFR","Jordan","De Goey","CD_I994185"
4,"MCG","Collingwood","Carlton",5,"FPL","Jamie","Elliott","CD_I293801"
4,"MCG","Collingwood","Carlton",17,"FB","Billy","Frampton","CD_I991773"
4,"MCG","Collingwood","Carlton",23,"HFFL","Bobby","Hill","CD_I1006148"
4,"MCG","Collingwood","Carlton",9,"HBFR","Dan","Houston","CD_I994295"
4,"MCG","Collingwood","Carlton",38,"BPR","Jeremy","Howe","CD_I291313"
4,"MCG","Collingwood","Carlton",1,"WL","Patrick","Lipinski","CD_I1003130"
4,"MCG","Collingwood","Carlton",44,"SUB","Ned","Long","CD_I1017124"
4,"MCG","Collingwood","Carlton",4,"BPL","Brayden","Maynard","CD_I992010"
4,"MCG","Collingwood","Carlton",31,"INT","Beau","McCreery","CD_I1004757"
4,"MCG","Collingwood","Carlton",11,"FF","Daniel","McStay","CD_I297504"
4,"MCG","Collingwood","Carlton",28,"INT","Tim","Membrey","CD_I294596"
4,"MCG","Collingwood","Carlton",41,"CHF","Brody","Mihocek","CD_I291849"
4,"MCG","Collingwood","Carlton",30,"CHB","Darcy","Moore","CD_I298288"
4,"MCG","Collingwood","Carlton",10,"RR","Scott","Pendlebury","CD_I260257"
4,"MCG","Collingwood","Carlton",12,"C","Harry","Perryman","CD_I998205"
4,"MCG","Collingwood","Carlton",3,"HBFL","Isaac","Quaynor","CD_I1008089"
4,"MCG","Collingwood","Carlton",8,"FPR","Lachie","Schultz","CD_I1000860"
4,"MCG","Collingwood","Carlton",22,"INT","Steele","Sidebottom","CD_I280965"
4,"MCG","Collingwood","Carlton",13,"WL","Blake","Acres","CD_I296294"
4,"MCG","Collingwood","Carlton",5,"RR","Adam","Cerra","CD_I1002239"
4,"MCG","Collingwood","Carlton",2,"HBFR","Lachlan","Cowan","CD_I1021353"
4,"MCG","Collingwood","Carlton",9,"C","Patrick","Cripps","CD_I990704"
4,"MCG","Collingwood","Carlton",30,"FF","Charlie","Curnow","CD_I996731"
4,"MCG","Collingwood","Carlton",12,"RK","Tom","De Koning","CD_I1004912"
4,"MCG","Collingwood","Carlton",15,"HFFL","Sam","Docherty","CD_I295518"
4,"MCG","Collingwood","Carlton",8,"HFFR","Lachie","Fogarty","CD_I1002228"
4,"MCG","Collingwood","Carlton",26,"INT","Nick","Haynes","CD_I295265"
4,"MCG","Collingwood","Carlton",29,"R","George","Hewett","CD_I294036"
4,"MCG","Collingwood","Carlton",4,"BPR","Oliver","Hollands","CD_I1023495"
4,"MCG","Collingwood","Carlton",17,"CHF","Brodie","Kemp","CD_I1009241"
4,"MCG","Collingwood","Carlton",36,"INT","Cooper","Lord","CD_I1032108"
4,"MCG","Collingwood","Carlton",11,"CHB","Mitch","McGovern","CD_I297255"
4,"MCG","Collingwood","Carlton",43,"SUB","Ashton","Moir","CD_I1020097"
4,"MCG","Collingwood","Carlton",3,"FPR","Jesse","Motlop","CD_I1017700"
4,"MCG","Collingwood","Carlton",42,"BPL","Adam","Saad","CD_I295461"
4,"MCG","Collingwood","Carlton",1,"FPL","Jack","Silvagni","CD_I1001028"
4,"MCG","Collingwood","Carlton",18,"WR","Sam","Walsh","CD_I1006094"
4,"MCG","Collingwood","Carlton",23,"FB","Jacob","Weitering","CD_I993832"
4,"MCG","Collingwood","Carlton",38,"INT","Will","White","CD_I1027713"
4,"MCG","Collingwood","Carlton",6,"INT","Zac","Williams","CD_I294685"
4,"MCG","Collingwood","Carlton",33,"HBFL","Lewis","Young","CD_I997316"
4,"GMHBA Stadium","Geelong Cats","Melbourne",30,"R","Tom","Atkins","CD_I994386"
4,"GMHBA Stadium","Geelong Cats","Melbourne",12,"INT","Jack","Bowes","CD_I998260"
4,"GMHBA Stadium","Geelong Cats","Melbourne",5,"FF","Jeremy","Cameron","CD_I293845"
4,"GMHBA Stadium","Geelong Cats","Melbourne",40,"INT","Ted","Clohesy","CD_I1023542"
4,"GMHBA Stadium","Geelong Cats","Melbourne",45,"HFFL","Brad","Close","CD_I999326"
4,"GMHBA Stadium","Geelong Cats","Melbourne",35,"C","Patrick","Dangerfield","CD_I270917"
4,"GMHBA Stadium","Geelong Cats","Melbourne",16,"BPR","Sam","De Koning","CD_I1009229"
4,"GMHBA Stadium","Geelong Cats","Melbourne",28,"WR","Oliver","Dempsey","CD_I1025034"
4,"GMHBA Stadium","Geelong Cats","Melbourne",39,"HBFR","Zach","Guthrie","CD_I1004870"
4,"GMHBA Stadium","Geelong Cats","Melbourne",38,"FB","Jack","Henry","CD_I1000937"
4,"GMHBA Stadium","Geelong Cats","Melbourne",36,"INT","Oliver","Henry","CD_I1012860"
4,"GMHBA Stadium","Geelong Cats","Melbourne",9,"RR","Max","Holmes","CD_I1015889"
4,"GMHBA Stadium","Geelong Cats","Melbourne",17,"HBFL","Lawson","Humphries","CD_I1013464"
4,"GMHBA Stadium","Geelong Cats","Melbourne",7,"FPR","Shaun","Mannagh","CD_I993878"
4,"GMHBA Stadium","Geelong Cats","Melbourne",32,"CHF","Gryan","Miers","CD_I1004938"
4,"GMHBA Stadium","Geelong Cats","Melbourne",34,"INT","Oisin","Mullin","CD_I1024982"
4,"GMHBA Stadium","Geelong Cats","Melbourne",33,"FPL","Shannon","Neale","CD_I1016433"
4,"GMHBA Stadium","Geelong Cats","Melbourne",42,"SUB","Mark","O'Connor","CD_I1007102"
4,"GMHBA Stadium","Geelong Cats","Melbourne",14,"BPL","Connor","O'Sullivan","CD_I1027877"
4,"GMHBA Stadium","Geelong Cats","Melbourne",3,"WL","Bailey","Smith","CD_I1006130"
4,"GMHBA Stadium","Geelong Cats","Melbourne",1,"RK","Rhys","Stanley","CD_I280317"
4,"GMHBA Stadium","Geelong Cats","Melbourne",18,"HFFR","Tyson","Stengle","CD_I997230"
4,"GMHBA Stadium","Geelong Cats","Melbourne",44,"CHB","Tom","Stewart","CD_I291800"
4,"GMHBA Stadium","Geelong Cats","Melbourne",17,"BPL","Jake","Bowey","CD_I1012825"
4,"GMHBA Stadium","Geelong Cats","Melbourne",37,"HFFL","Kade","Chandler","CD_I1005330"
4,"GMHBA Stadium","Geelong Cats","Melbourne",31,"INT","Bayley","Fritsch","CD_I1001438"
4,"GMHBA Stadium","Geelong Cats","Melbourne",11,"RK","Max","Gawn","CD_I290528"
4,"GMHBA Stadium","Geelong Cats","Melbourne",43,"CHF","Jack","Henderson","CD_I1008183"
4,"GMHBA Stadium","Geelong Cats","Melbourne",15,"WR","Ed","Langdon","CD_I298264"
4,"GMHBA Stadium","Geelong Cats","Melbourne",19,"FPR","Harvey","Langford","CD_I1028546"
4,"GMHBA Stadium","Geelong Cats","Melbourne",1,"FB","Steven","May","CD_I281085"
4,"GMHBA Stadium","Geelong Cats","Melbourne",25,"CHB","Tom","McDonald","CD_I291533"
4,"GMHBA Stadium","Geelong Cats","Melbourne",18,"FPL","Jake","Melksham","CD_I280824"
4,"GMHBA Stadium","Geelong Cats","Melbourne",13,"INT","Clayton","Oliver","CD_I996701"
4,"GMHBA Stadium","Geelong Cats","Melbourne",5,"RR","Christian","Petracca","CD_I298210"
4,"GMHBA Stadium","Geelong Cats","Melbourne",35,"BPR","Harrison","Petty","CD_I1008893"
4,"GMHBA Stadium","Geelong Cats","Melbourne",36,"HFFR","Kysaiah","Pickett","CD_I1008541"
4,"GMHBA Stadium","Geelong Cats","Melbourne",24,"R","Trent","Rivers","CD_I1009378"
4,"GMHBA Stadium","Geelong Cats","Melbourne",3,"HBFR","Christian","Salem","CD_I296359"
4,"GMHBA Stadium","Geelong Cats","Melbourne",30,"WL","Harry","Sharp","CD_I1007099"
4,"GMHBA Stadium","Geelong Cats","Melbourne",9,"SUB","Charlie","Spargo","CD_I1002282"
4,"GMHBA Stadium","Geelong Cats","Melbourne",32,"HBFL","Tom","Sparrow","CD_I999391"
4,"GMHBA Stadium","Geelong Cats","Melbourne",10,"INT","Daniel","Turner","CD_I1020959"
4,"GMHBA Stadium","Geelong Cats","Melbourne",2,"FF","Jacob","van Rooyen","CD_I1017720"
4,"GMHBA Stadium","Geelong Cats","Melbourne",7,"C","Jack","Viney","CD_I291902"
4,"GMHBA Stadium","Geelong Cats","Melbourne",6,"INT","Caleb","Windsor","CD_I1027821"
4,"People First Stadium","Gold Coast SUNS","Adelaide Crows",9,"HFFL","Ben","Ainsworth","CD_I998130"
4,"People First Stadium","Gold Coast SUNS","Adelaide Crows",15,"R","Noah","Anderson","CD_I1009199"
4,"People First Stadium","Gold Coast SUNS","Adelaide Crows",1,"CHB","Mac","Andrew","CD_I1017396"
4,"People First Stadium","Gold Coast SUNS","Adelaide Crows",35,"WR","Connor","Budarick","CD_I1008454"
4,"People First Stadium","Gold Coast SUNS","Adelaide Crows",33,"INT","Sam","Clohesy","CD_I1013257"
4,"People First Stadium","Gold Coast SUNS","Adelaide Crows",25,"FB","Sam","Collins","CD_I295446"
4,"People First Stadium","Gold Coast SUNS","Adelaide Crows",3,"HFFR","Sam","Flanders","CD_I1009260"
4,"People First Stadium","Gold Coast SUNS","Adelaide Crows",26,"RR","Will","Graham","CD_I1026960"
4,"People First Stadium","Gold Coast SUNS","Adelaide Crows",19,"FF","Bailey","Humphrey","CD_I1023500"
4,"People First Stadium","Gold Coast SUNS","Adelaide Crows",40,"INT","Joel","Jeffrey","CD_I1005992"
4,"People First Stadium","Gold Coast SUNS","Adelaide Crows",34,"FPL","Ben","King","CD_I1006144"
4,"People First Stadium","Gold Coast SUNS","Adelaide Crows",22,"INT","Ben","Long","CD_I993917"
4,"People First Stadium","Gold Coast SUNS","Adelaide Crows",11,"CHF","Touk","Miller","CD_I298272"
4,"People First Stadium","Gold Coast SUNS","Adelaide Crows",2,"HBFL","John","Noble","CD_I1000072"
4,"People First Stadium","Gold Coast SUNS","Adelaide Crows",27,"BPL","Wil","Powell","CD_I1007881"
4,"People First Stadium","Gold Coast SUNS","Adelaide Crows",20,"FPR","Ethan","Read","CD_I1027033"
4,"People First Stadium","Gold Coast SUNS","Adelaide Crows",17,"HBFR","Daniel","Rioli","CD_I1000981"
4,"People First Stadium","Gold Coast SUNS","Adelaide Crows",29,"SUB","Jake","Rogers","CD_I1018123"
4,"People First Stadium","Gold Coast SUNS","Adelaide Crows",18,"C","Matt","Rowell","CD_I1009208"
4,"People First Stadium","Gold Coast SUNS","Adelaide Crows",32,"BPR","Bodhi","Uwland","CD_I1017665"
4,"People First Stadium","Gold Coast SUNS","Adelaide Crows",4,"INT","Jed","Walter","CD_I1023736"
4,"People First Stadium","Gold Coast SUNS","Adelaide Crows",14,"WL","Lachie","Weller","CD_I298524"
4,"People First Stadium","Gold Coast SUNS","Adelaide Crows",28,"RK","Jarrod","Witts","CD_I291975"
4,"People First Stadium","Gold Coast SUNS","Adelaide Crows",35,"FB","James","Borlase","CD_I1009029"
4,"People First Stadium","Gold Coast SUNS","Adelaide Crows",44,"WL","Isaac","Cumming","CD_I1001396"
4,"People First Stadium","Gold Coast SUNS","Adelaide Crows",6,"INT","Daniel","Curtin","CD_I1024023"
4,"People First Stadium","Gold Coast SUNS","Adelaide Crows",12,"C","Jordan","Dawson","CD_I992242"
4,"People First Stadium","Gold Coast SUNS","Adelaide Crows",34,"INT","Sid","Draper","CD_I1022607"
4,"People First Stadium","Gold Coast SUNS","Adelaide Crows",32,"FPL","Darcy","Fogarty","CD_I999331"
4,"People First Stadium","Gold Coast SUNS","Adelaide Crows",20,"INT","Mitchell","Hinge","CD_I1004863"
4,"People First Stadium","Gold Coast SUNS","Adelaide Crows",48,"CHB","Mark","Keane","CD_I1013974"
4,"People First Stadium","Gold Coast SUNS","Adelaide Crows",2,"HFFL","Ben","Keays","CD_I993946"
4,"People First Stadium","Gold Coast SUNS","Adelaide Crows",29,"BPR","Rory","Laird","CD_I293222"
4,"People First Stadium","Gold Coast SUNS","Adelaide Crows",16,"HBFR","Max","Michalanney","CD_I1015370"
4,"People First Stadium","Gold Coast SUNS","Adelaide Crows",30,"HBFL","Wayne","Milera","CD_I990882"
4,"People First Stadium","Gold Coast SUNS","Adelaide Crows",4,"INT","Lachlan","Murphy","CD_I1000998"
4,"People First Stadium","Gold Coast SUNS","Adelaide Crows",27,"SUB","Luke","Nankervis","CD_I1021031"
4,"People First Stadium","Gold Coast SUNS","Adelaide Crows",28,"FPR","Alex","Neal-Bullen","CD_I296420"
4,"People First Stadium","Gold Coast SUNS","Adelaide Crows",43,"RK","Reilly","O'Brien","CD_I297523"
4,"People First Stadium","Gold Coast SUNS","Adelaide Crows",25,"R","James","Peatling","CD_I1006013"
4,"People First Stadium","Gold Coast SUNS","Adelaide Crows",23,"HFFR","Izak","Rankine","CD_I1001195"
4,"People First Stadium","Gold Coast SUNS","Adelaide Crows",38,"WR","Lachlan","Sholl","CD_I1006136"
4,"People First Stadium","Gold Coast SUNS","Adelaide Crows",14,"RR","Jake","Soligo","CD_I1017109"
4,"People First Stadium","Gold Coast SUNS","Adelaide Crows",7,"CHF","Riley","Thilthorpe","CD_I1008384"
4,"People First Stadium","Gold Coast SUNS","Adelaide Crows",13,"FF","Taylor","Walker","CD_I280506"
4,"People First Stadium","Gold Coast SUNS","Adelaide Crows",24,"BPL","Josh","Worrell","CD_I1011981"
4,"MCG","Richmond","Brisbane Lions",34,"INT","Harry","Armstrong","CD_I1028525"
4,"MCG","Richmond","Brisbane Lions",41,"WL","Sam","Banks","CD_I1013197"
4,"MCG","Richmond","Brisbane Lions",43,"SUB","Jacob","Bauer","CD_I1021152"
4,"MCG","Richmond","Brisbane Lions",46,"BPR","Jacob","Blight","CD_I1013229"
4,"MCG","Richmond","Brisbane Lions",35,"BPL","Nathan","Broad","CD_I295203"
4,"MCG","Richmond","Brisbane Lions",30,"INT","Tom","Brown","CD_I1017086"
4,"MCG","Richmond","Brisbane Lions",44,"HFFL","Seth","Campbell","CD_I1023275"
4,"MCG","Richmond","Brisbane Lions",27,"INT","Thomson","Dow","CD_I1009226"
4,"MCG","Richmond","Brisbane Lions",48,"HFFR","Steely","Green","CD_I1023056"
4,"MCG","Richmond","Brisbane Lions",2,"R","Jacob","Hopper","CD_I993903"
4,"MCG","Richmond","Brisbane Lions",22,"FF","Sam","Lalor","CD_I1028491"
4,"MCG","Richmond","Brisbane Lions",19,"FPL","Tom","Lynch","CD_I293813"
4,"MCG","Richmond","Brisbane Lions",33,"C","Kamdyn","McIntosh","CD_I294592"
4,"MCG","Richmond","Brisbane Lions",12,"FB","Ben","Miller","CD_I1002403"
4,"MCG","Richmond","Brisbane Lions",25,"RK","Toby","Nankervis","CD_I298174"
4,"MCG","Richmond","Brisbane Lions",5,"CHF","Jack","Ross","CD_I1006133"
4,"MCG","Richmond","Brisbane Lions",15,"CHB","Jayden","Short","CD_I992049"
4,"MCG","Richmond","Brisbane Lions",49,"HBFL","Kaleb","Smith","CD_I1022999"
4,"MCG","Richmond","Brisbane Lions",40,"INT","Tyler","Sonsie","CD_I1017114"
4,"MCG","Richmond","Brisbane Lions",14,"RR","Tim","Taranto","CD_I998172"
4,"MCG","Richmond","Brisbane Lions",31,"HBFR","Luke","Trainor","CD_I1028521"
4,"MCG","Richmond","Brisbane Lions",36,"WR","James","Trezise","CD_I1031829"
4,"MCG","Richmond","Brisbane Lions",1,"FPR","Nick","Vlastuin","CD_I294674"
4,"MCG","Richmond","Brisbane Lions",4,"WL","Callum","Ah Chee","CD_I298437"
4,"MCG","Richmond","Brisbane Lions",31,"CHB","Harris","Andrews","CD_I996059"
4,"MCG","Richmond","Brisbane Lions",43,"HBFL","Noah","Answerth","CD_I1005053"
4,"MCG","Richmond","Brisbane Lions",10,"FPR","Levi","Ashcroft","CD_I1028560"
4,"MCG","Richmond","Brisbane Lions",8,"INT","Will","Ashcroft","CD_I1023517"
4,"MCG","Richmond","Brisbane Lions",33,"C","Zac","Bailey","CD_I1002312"
4,"MCG","Richmond","Brisbane Lions",7,"WR","Jarrod","Berry","CD_I998133"
4,"MCG","Richmond","Brisbane Lions",23,"HFFL","Charlie","Cameron","CD_I990609"
4,"MCG","Richmond","Brisbane Lions",14,"FF","Sam","Day","CD_I291753"
4,"MCG","Richmond","Brisbane Lions",5,"RR","Josh","Dunkley","CD_I993834"
4,"MCG","Richmond","Brisbane Lions",3,"INT","Jaspa","Fletcher","CD_I1023708"
4,"MCG","Richmond","Brisbane Lions",30,"CHF","Eric","Hipwood","CD_I993953"
4,"MCG","Richmond","Brisbane Lions",35,"BPR","Ryan","Lester","CD_I291548"
4,"MCG","Richmond","Brisbane Lions",6,"HFFR","Hugh","McCluggage","CD_I1000978"
4,"MCG","Richmond","Brisbane Lions",46,"RK","Oscar","McInerney","CD_I1005521"
4,"MCG","Richmond","Brisbane Lions",28,"SUB","Will","McLachlan","CD_I1029405"
4,"MCG","Richmond","Brisbane Lions",13,"INT","Logan","Morris","CD_I1028019"
4,"MCG","Richmond","Brisbane Lions",9,"R","Lachie","Neale","CD_I293535"
4,"MCG","Richmond","Brisbane Lions",40,"FB","Jack","Payne","CD_I1002347"
4,"MCG","Richmond","Brisbane Lions",16,"FPL","Cam","Rayner","CD_I1002235"
4,"MCG","Richmond","Brisbane Lions",38,"INT","Bruce","Reville","CD_I1009317"
4,"MCG","Richmond","Brisbane Lions",44,"HBFR","Darcy","Wilmot","CD_I1017067"
4,"MCG","Richmond","Brisbane Lions",15,"BPL","Dayne","Zorko","CD_I261224"
4,"Marvel Stadium","North Melbourne","Sydney Swans",30,"BPL","Charlie","Comben","CD_I1015781"
4,"Marvel Stadium","North Melbourne","Sydney Swans",4,"FB","Aidan","Corr","CD_I294508"
4,"Marvel Stadium","North Melbourne","Sydney Swans",25,"FPL","Paul","Curtis","CD_I1002947"
4,"Marvel Stadium","North Melbourne","Sydney Swans",5,"CHB","Caleb","Daniel","CD_I295136"
4,"Marvel Stadium","North Melbourne","Sydney Swans",28,"FF","Jack","Darling","CD_I290838"
4,"Marvel Stadium","North Melbourne","Sydney Swans",9,"C","Luke","Davies-Uniacke","CD_I1002267"
4,"Marvel Stadium","North Melbourne","Sydney Swans",46,"INT","Robert","Hansen Jr","CD_I1023144"
4,"Marvel Stadium","North Melbourne","Sydney Swans",17,"SUB","Riley","Hardeman","CD_I1023625"
4,"Marvel Stadium","North Melbourne","Sydney Swans",41,"INT","Jacob","Konstanty","CD_I1023530"
4,"Marvel Stadium","North Melbourne","Sydney Swans",20,"CHF","Nick","Larkey","CD_I1001017"
4,"Marvel Stadium","North Melbourne","Sydney Swans",19,"BPR","Griffin","Logue","CD_I997933"
4,"Marvel Stadium","North Melbourne","Sydney Swans",11,"HBFL","Luke","McDonald","CD_I296355"
4,"Marvel Stadium","North Melbourne","Sydney Swans",10,"HFFL","Colby","McKercher","CD_I1024272"
4,"Marvel Stadium","North Melbourne","Sydney Swans",26,"R","Luke","Parker","CD_I290778"
4,"Marvel Stadium","North Melbourne","Sydney Swans",24,"RR","Tom","Powell","CD_I1011659"
4,"Marvel Stadium","North Melbourne","Sydney Swans",8,"WL","Bailey","Scott","CD_I1006058"
4,"Marvel Stadium","North Melbourne","Sydney Swans",3,"HBFR","Harry","Sheezel","CD_I1023518"
4,"Marvel Stadium","North Melbourne","Sydney Swans",12,"WR","Jy","Simpkin","CD_I993998"
4,"Marvel Stadium","North Melbourne","Sydney Swans",15,"HFFR","Dylan","Stephens","CD_I1004848"
4,"Marvel Stadium","North Melbourne","Sydney Swans",13,"INT","Darcy","Tucker","CD_I993816"
4,"Marvel Stadium","North Melbourne","Sydney Swans",35,"INT","Matt","Whitlock","CD_I1028547"
4,"Marvel Stadium","North Melbourne","Sydney Swans",38,"RK","Tristan","Xerri","CD_I1004965"
4,"Marvel Stadium","North Melbourne","Sydney Swans",44,"FPR","Cameron","Zurhaar","CD_I998484"
4,"Marvel Stadium","North Melbourne","Sydney Swans",36,"FPL","Joel","Amartey","CD_I1008091"
4,"Marvel Stadium","North Melbourne","Sydney Swans",26,"INT","Riley","Bice","CD_I1008224"
4,"Marvel Stadium","North Melbourne","Sydney Swans",22,"BPR","Nick","Blakey","CD_I1006028"
4,"Marvel Stadium","North Melbourne","Sydney Swans",16,"WL","Braeden","Campbell","CD_I1013133"
4,"Marvel Stadium","North Melbourne","Sydney Swans",33,"INT","Caiden","Cleary","CD_I1024057"
4,"Marvel Stadium","North Melbourne","Sydney Swans",13,"HBFR","Oliver","Florent","CD_I998103"
4,"Marvel Stadium","North Melbourne","Sydney Swans",4,"RK","Brodie","Grundy","CD_I293957"
4,"Marvel Stadium","North Melbourne","Sydney Swans",29,"BPL","Joel","Hamling","CD_I295222"
4,"Marvel Stadium","North Melbourne","Sydney Swans",40,"INT","Tom","Hanily","CD_I1027687"
4,"Marvel Stadium","North Melbourne","Sydney Swans",9,"CHF","Will","Hayward","CD_I997100"
4,"Marvel Stadium","North Melbourne","Sydney Swans",5,"C","Isaac","Heeney","CD_I298539"
4,"Marvel Stadium","North Melbourne","Sydney Swans",17,"HFFR","James","Jordon","CD_I1013409"
4,"Marvel Stadium","North Melbourne","Sydney Swans",19,"INT","Peter","Ladhams","CD_I997142"
4,"Marvel Stadium","North Melbourne","Sydney Swans",44,"WR","Jake","Lloyd","CD_I295342"
4,"Marvel Stadium","North Melbourne","Sydney Swans",30,"FF","Tom","McCartin","CD_I1008198"
4,"Marvel Stadium","North Melbourne","Sydney Swans",2,"HFFL","Hayden","McLean","CD_I1003203"
4,"Marvel Stadium","North Melbourne","Sydney Swans",24,"FB","Dane","Rampe","CD_I290307"
4,"Marvel Stadium","North Melbourne","Sydney Swans",34,"CHB","Matt","Roberts","CD_I1012210"
4,"Marvel Stadium","North Melbourne","Sydney Swans",8,"R","James","Rowbottom","CD_I1006126"
4,"Marvel Stadium","North Melbourne","Sydney Swans",12,"SUB","Angus","Sheldrick","CD_I1020339"
4,"Marvel Stadium","North Melbourne","Sydney Swans",1,"RR","Chad","Warner","CD_I1012014"
4,"Marvel Stadium","North Melbourne","Sydney Swans",37,"FPR","Corey","Warner","CD_I1018424"
4,"Marvel Stadium","North Melbourne","Sydney Swans",15,"HBFL","Sam","Wicks","CD_I1006232"
4,"ENGIE Stadium","GWS GIANTS","West Coast Eagles",7,"HBFR","Lachie","Ash","CD_I1009253"
4,"ENGIE Stadium","GWS GIANTS","West Coast Eagles",14,"RR","Toby","Bedford","CD_I1008139"
4,"ENGIE Stadium","GWS GIANTS","West Coast Eagles",32,"RK","Kieren","Briggs","CD_I1008436"
4,"ENGIE Stadium","GWS GIANTS","West Coast Eagles",46,"INT","Callum","Brown","CD_I1014038"
4,"ENGIE Stadium","GWS GIANTS","West Coast Eagles",44,"CHB","Jack","Buckley","CD_I1009708"
4,"ENGIE Stadium","GWS GIANTS","West Coast Eagles",5,"FPR","Aaron","Cadman","CD_I1019038"
4,"ENGIE Stadium","GWS GIANTS","West Coast Eagles",17,"C","Finn","Callaghan","CD_I1023266"
4,"ENGIE Stadium","GWS GIANTS","West Coast Eagles",16,"HFFR","Brent","Daniels","CD_I1002251"
4,"ENGIE Stadium","GWS GIANTS","West Coast Eagles",12,"R","Tom","Green","CD_I1009528"
4,"ENGIE Stadium","GWS GIANTS","West Coast Eagles",4,"HFFL","Toby","Greene","CD_I295344"
4,"ENGIE Stadium","GWS GIANTS","West Coast Eagles",27,"INT","Harry","Himmelberg","CD_I993107"
4,"ENGIE Stadium","GWS GIANTS","West Coast Eagles",23,"FF","Jesse","Hogan","CD_I296324"
4,"ENGIE Stadium","GWS GIANTS","West Coast Eagles",39,"BPL","Connor","Idun","CD_I1008083"
4,"ENGIE Stadium","GWS GIANTS","West Coast Eagles",2,"FPL","Darcy","Jones","CD_I1020650"
4,"ENGIE Stadium","GWS GIANTS","West Coast Eagles",22,"INT","Josh","Kelly","CD_I296347"
4,"ENGIE Stadium","GWS GIANTS","West Coast Eagles",33,"SUB","Xavier","O'Halloran","CD_I1006135"
4,"ENGIE Stadium","GWS GIANTS","West Coast Eagles",26,"INT","Jake","Riccardi","CD_I1008123"
4,"ENGIE Stadium","GWS GIANTS","West Coast Eagles",18,"BPR","Conor","Stone","CD_I1015862"
4,"ENGIE Stadium","GWS GIANTS","West Coast Eagles",20,"CHF","Jake","Stringer","CD_I293884"
4,"ENGIE Stadium","GWS GIANTS","West Coast Eagles",15,"FB","Sam","Taylor","CD_I1005247"
4,"ENGIE Stadium","GWS GIANTS","West Coast Eagles",8,"WR","Callan","Ward","CD_I280109"
4,"ENGIE Stadium","GWS GIANTS","West Coast Eagles",10,"WL","Jacob","Wehr","CD_I1004530"
4,"ENGIE Stadium","GWS GIANTS","West Coast Eagles",6,"HBFL","Lachie","Whitfield","CD_I294305"
4,"ENGIE Stadium","GWS GIANTS","West Coast Eagles",12,"FF","Oscar","Allen","CD_I1004385"
4,"ENGIE Stadium","GWS GIANTS","West Coast Eagles",3,"HBFL","Liam","Baker","CD_I1000223"
4,"ENGIE Stadium","GWS GIANTS","West Coast Eagles",41,"FB","Sandy","Brock","CD_I1013315"
4,"ENGIE Stadium","GWS GIANTS","West Coast Eagles",10,"HFFL","Tyler","Brockman","CD_I1013511"
4,"ENGIE Stadium","GWS GIANTS","West Coast Eagles",28,"INT","Tom","Cole","CD_I993820"
4,"ENGIE Stadium","GWS GIANTS","West Coast Eagles",15,"FPL","Jamie","Cripps","CD_I290826"
4,"ENGIE Stadium","GWS GIANTS","West Coast Eagles",38,"SUB","Hamish","Davis","CD_I1032624"
4,"ENGIE Stadium","GWS GIANTS","West Coast Eagles",43,"HBFR","Tyrell","Dewar","CD_I1023142"
4,"ENGIE Stadium","GWS GIANTS","West Coast Eagles",14,"WL","Liam","Duggan","CD_I298268"
4,"ENGIE Stadium","GWS GIANTS","West Coast Eagles",7,"BPR","Reuben","Ginbey","CD_I1023025"
4,"ENGIE Stadium","GWS GIANTS","West Coast Eagles",17,"C","Jack","Graham","CD_I990827"
4,"ENGIE Stadium","GWS GIANTS","West Coast Eagles",27,"INT","Tom","Gross","CD_I1028561"
4,"ENGIE Stadium","GWS GIANTS","West Coast Eagles",29,"FPR","Clay","Hall","CD_I1024188"
4,"ENGIE Stadium","GWS GIANTS","West Coast Eagles",19,"BPL","Brady","Hough","CD_I1023167"
4,"ENGIE Stadium","GWS GIANTS","West Coast Eagles",5,"WR","Jayden","Hunt","CD_I994385"
4,"ENGIE Stadium","GWS GIANTS","West Coast Eagles",11,"R","Tim","Kelly","CD_I295898"
4,"ENGIE Stadium","GWS GIANTS","West Coast Eagles",13,"INT","Noah","Long","CD_I1023496"
4,"ENGIE Stadium","GWS GIANTS","West Coast Eagles",23,"CHB","Ryan","Maric","CD_I1029416"
4,"ENGIE Stadium","GWS GIANTS","West Coast Eagles",16,"HFFR","Matthew","Owies","CD_I1013973"
4,"ENGIE Stadium","GWS GIANTS","West Coast Eagles",22,"CHF","Archer","Reid","CD_I1027693"
4,"ENGIE Stadium","GWS GIANTS","West Coast Eagles",9,"RR","Harley","Reid","CD_I1023492"
4,"ENGIE Stadium","GWS GIANTS","West Coast Eagles",32,"RK","Bailey J.","Williams","CD_I1006114"
4,"ENGIE Stadium","GWS GIANTS","West Coast Eagles",34,"INT","Jack","Williams","CD_I1020371"
4,"Adelaide Oval","Port Adelaide","St Kilda",21,"FB","Aliir","Aliir","CD_I294469"
4,"Adelaide Oval","Port Adelaide","St Kilda",14,"HBFL","Miles","Bergman","CD_I1009191"
4,"Adelaide Oval","Port Adelaide","St Kilda",5,"SUB","Joe","Berry","CD_I1028529"
4,"Adelaide Oval","Port Adelaide","St Kilda",7,"WL","Jase","Burgoyne","CD_I1013462"
4,"Adelaide Oval","Port Adelaide","St Kilda",9,"R","Zak","Butters","CD_I1006121"
4,"Adelaide Oval","Port Adelaide","St Kilda",33,"HFFL","Darcy","Byrne-Jones","CD_I991930"
4,"Adelaide Oval","Port Adelaide","St Kilda",28,"WR","Willem","Drew","CD_I1000972"
4,"Adelaide Oval","Port Adelaide","St Kilda",22,"INT","Logan","Evans","CD_I1019938"
4,"Adelaide Oval","Port Adelaide","St Kilda",6,"HBFR","Kane","Farrell","CD_I1002253"
4,"Adelaide Oval","Port Adelaide","St Kilda",19,"FF","Mitch","Georgiades","CD_I1010174"
4,"Adelaide Oval","Port Adelaide","St Kilda",18,"RR","Jason","Horne-Francis","CD_I1011640"
4,"Adelaide Oval","Port Adelaide","St Kilda",34,"BPR","Lachie","Jones","CD_I1011583"
4,"Adelaide Oval","Port Adelaide","St Kilda",30,"FPR","Ollie","Lord","CD_I1012881"
4,"Adelaide Oval","Port Adelaide","St Kilda",44,"INT","Jackson","Mead","CD_I1005326"
4,"Adelaide Oval","Port Adelaide","St Kilda",31,"INT","Christian","Moraes","CD_I1028563"
4,"Adelaide Oval","Port Adelaide","St Kilda",2,"CHF","Sam","Powell-Pepper","CD_I993979"
4,"Adelaide Oval","Port Adelaide","St Kilda",27,"BPL","Esava","Ratugolea","CD_I1002220"
4,"Adelaide Oval","Port Adelaide","St Kilda",35,"INT","Joe","Richards","CD_I1008239"
4,"Adelaide Oval","Port Adelaide","St Kilda",15,"HFFR","Willie","Rioli","CD_I296225"
4,"Adelaide Oval","Port Adelaide","St Kilda",1,"C","Connor","Rozee","CD_I1001299"
4,"Adelaide Oval","Port Adelaide","St Kilda",8,"CHB","Josh","Sinn","CD_I1017078"
4,"Adelaide Oval","Port Adelaide","St Kilda",24,"RK","Jordon","Sweet","CD_I992330"
4,"Adelaide Oval","Port Adelaide","St Kilda",16,"FPL","Ollie","Wines","CD_I294318"
4,"Adelaide Oval","Port Adelaide","St Kilda",13,"HBFL","Ryan","Byrnes","CD_I1011994"
4,"Adelaide Oval","Port Adelaide","St Kilda",47,"FF","Anthony","Caminiti","CD_I1023784"
4,"Adelaide Oval","Port Adelaide","St Kilda",4,"INT","Lance","Collard","CD_I1017959"
4,"Adelaide Oval","Port Adelaide","St Kilda",34,"R","Hugo","Garcia","CD_I1027790"
4,"Adelaide Oval","Port Adelaide","St Kilda",40,"INT","Max","Hall","CD_I1020855"
4,"Adelaide Oval","Port Adelaide","St Kilda",24,"SUB","Angus","Hastie","CD_I1027872"
4,"Adelaide Oval","Port Adelaide","St Kilda",1,"HFFL","Jack","Higgins","CD_I1002227"
4,"Adelaide Oval","Port Adelaide","St Kilda",8,"CHF","Bradley","Hill","CD_I295584"
4,"Adelaide Oval","Port Adelaide","St Kilda",3,"INT","Zak","Jones","CD_I991988"
4,"Adelaide Oval","Port Adelaide","St Kilda",17,"BPL","Isaac","Keeler","CD_I1015323"
4,"Adelaide Oval","Port Adelaide","St Kilda",6,"RR","Jack","Macrae","CD_I295467"
4,"Adelaide Oval","Port Adelaide","St Kilda",19,"RK","Rowan","Marshall","CD_I992468"
4,"Adelaide Oval","Port Adelaide","St Kilda",10,"HFFR","Mitch","Owens","CD_I1023272"
4,"Adelaide Oval","Port Adelaide","St Kilda",43,"FPL","Cooper","Sharman","CD_I1018018"
4,"Adelaide Oval","Port Adelaide","St Kilda",35,"C","Jack","Sinclair","CD_I994389"
4,"Adelaide Oval","Port Adelaide","St Kilda",14,"INT","Liam","Stocker","CD_I1008312"
4,"Adelaide Oval","Port Adelaide","St Kilda",5,"HBFR","Tobie","Travaglia","CD_I1028538"
4,"Adelaide Oval","Port Adelaide","St Kilda",7,"CHB","Nasiah","Wanganeen-Milera","CD_I1015507"
4,"Adelaide Oval","Port Adelaide","St Kilda",29,"BPR","Jimmy","Webster","CD_I290757"
4,"Adelaide Oval","Port Adelaide","St Kilda",44,"FB","Callum","Wilkie","CD_I296422"
4,"Adelaide Oval","Port Adelaide","St Kilda",22,"FPR","Darcy","Wilson","CD_I1027875"
4,"Adelaide Oval","Port Adelaide","St Kilda",2,"WR","Marcus","Windhager","CD_I1023270"
4,"Adelaide Oval","Port Adelaide","St Kilda",32,"WL","Mason","Wood","CD_I295340"
4,"Optus Stadium","Fremantle","Western Bulldogs",24,"FPR","Jye","Amiss","CD_I1020594"
4,"Optus Stadium","Fremantle","Western Bulldogs",41,"INT","Bailey","Banfield","CD_I998180"
4,"Optus Stadium","Fremantle","Western Bulldogs",15,"HFFR","Shai","Bolton","CD_I993993"
4,"Optus Stadium","Fremantle","Western Bulldogs",8,"R","Andrew","Brayshaw","CD_I1002232"
4,"Optus Stadium","Fremantle","Western Bulldogs",5,"HBFL","Heath","Chapman","CD_I1013224"
4,"Optus Stadium","Fremantle","Western Bulldogs",6,"HBFR","Jordan","Clark","CD_I1006152"
4,"Optus Stadium","Fremantle","Western Bulldogs",36,"BPR","Brennan","Cox","CD_I997033"
4,"Optus Stadium","Fremantle","Western Bulldogs",37,"INT","Joshua","Draper","CD_I1020668"
4,"Optus Stadium","Fremantle","Western Bulldogs",43,"INT","Isaiah","Dudley","CD_I1011558"
4,"Optus Stadium","Fremantle","Western Bulldogs",32,"CHF","Michael","Frederick","CD_I999321"
4,"Optus Stadium","Fremantle","Western Bulldogs",9,"RK","Luke","Jackson","CD_I1009399"
4,"Optus Stadium","Fremantle","Western Bulldogs",44,"INT","Matthew","Johnson","CD_I1016825"
4,"Optus Stadium","Fremantle","Western Bulldogs",30,"WR","Nathan","O'Driscoll","CD_I1013220"
4,"Optus Stadium","Fremantle","Western Bulldogs",2,"C","Jaeger","O'Meara","CD_I294613"
4,"Optus Stadium","Fremantle","Western Bulldogs",25,"FB","Alex","Pearce","CD_I298409"
4,"Optus Stadium","Fremantle","Western Bulldogs",16,"HFFL","Murphy","Reid","CD_I1028513"
4,"Optus Stadium","Fremantle","Western Bulldogs",13,"CHB","Luke","Ryan","CD_I998659"
4,"Optus Stadium","Fremantle","Western Bulldogs",3,"RR","Caleb","Serong","CD_I1009420"
4,"Optus Stadium","Fremantle","Western Bulldogs",14,"WL","Jeremy","Sharp","CD_I1009380"
4,"Optus Stadium","Fremantle","Western Bulldogs",35,"FF","Josh","Treacy","CD_I1012819"
4,"Optus Stadium","Fremantle","Western Bulldogs",20,"FPL","Patrick","Voss","CD_I1017754"
4,"Optus Stadium","Fremantle","Western Bulldogs",34,"BPL","Corey","Wagner","CD_I993940"
4,"Optus Stadium","Fremantle","Western Bulldogs",23,"SUB","Karl","Worner","CD_I1021015"
4,"Optus Stadium","Fremantle","Western Bulldogs",13,"HBFL","Oskar","Baker","CD_I1008855"
4,"Optus Stadium","Fremantle","Western Bulldogs",29,"INT","Lachlan","Bramble","CD_I1000864"
4,"Optus Stadium","Fremantle","Western Bulldogs",31,"HBFR","Bailey","Dale","CD_I996708"
4,"Optus Stadium","Fremantle","Western Bulldogs",10,"FF","Sam","Darcy","CD_I1017126"
4,"Optus Stadium","Fremantle","Western Bulldogs",42,"WR","Sam","Davidson","CD_I1036123"
4,"Optus Stadium","Fremantle","Western Bulldogs",26,"INT","Josh","Dolan","CD_I1034235"
4,"Optus Stadium","Fremantle","Western Bulldogs",44,"RK","Tim","English","CD_I1004592"
4,"Optus Stadium","Fremantle","Western Bulldogs",27,"WL","Joel","Freijah","CD_I1027704"
4,"Optus Stadium","Fremantle","Western Bulldogs",12,"SUB","Harvey","Gallagher","CD_I1017087"
4,"Optus Stadium","Fremantle","Western Bulldogs",22,"FPR","James","Harmes","CD_I297899"
4,"Optus Stadium","Fremantle","Western Bulldogs",19,"FB","Liam","Jones","CD_I281078"
4,"Optus Stadium","Fremantle","Western Bulldogs",8,"RR","Matthew","Kennedy","CD_I1001398"
4,"Optus Stadium","Fremantle","Western Bulldogs",24,"BPL","Buku","Khamis","CD_I998782"
4,"Optus Stadium","Fremantle","Western Bulldogs",21,"C","Tom","Liberatore","CD_I290799"
4,"Optus Stadium","Fremantle","Western Bulldogs",7,"CHB","Rory","Lobb","CD_I990740"
4,"Optus Stadium","Fremantle","Western Bulldogs",30,"INT","Lachlan","McNeil","CD_I1009015"
4,"Optus Stadium","Fremantle","Western Bulldogs",33,"CHF","Aaron","Naughton","CD_I1002404"
4,"Optus Stadium","Fremantle","Western Bulldogs",18,"INT","James","O'Donnell","CD_I1032966"
4,"Optus Stadium","Fremantle","Western Bulldogs",20,"R","Ed","Richards","CD_I1008280"
4,"Optus Stadium","Fremantle","Western Bulldogs",9,"HFFR","Ryley","Sanders","CD_I1017939"
4,"Optus Stadium","Fremantle","Western Bulldogs",23,"FPL","Laitham","Vandermeer","CD_I1005000"
4,"Optus Stadium","Fremantle","Western Bulldogs",14,"HFFL","Rhylee","West","CD_I1006127"
4,"Optus Stadium","Fremantle","Western Bulldogs",34,"BPR","Bailey","Williams","CD_I992351"
5,"Adelaide Oval","Adelaide Crows","Geelong Cats",5,"INT","Matt","Crouch","CD_I297401"
5,"Adelaide Oval","Adelaide Crows","Geelong Cats",44,"WL","Isaac","Cumming","CD_I1001396"
5,"Adelaide Oval","Adelaide Crows","Geelong Cats",6,"INT","Daniel","Curtin","CD_I1024023"
5,"Adelaide Oval","Adelaide Crows","Geelong Cats",12,"C","Jordan","Dawson","CD_I992242"
5,"Adelaide Oval","Adelaide Crows","Geelong Cats",34,"INT","Sid","Draper","CD_I1022607"
5,"Adelaide Oval","Adelaide Crows","Geelong Cats",32,"FPL","Darcy","Fogarty","CD_I999331"
5,"Adelaide Oval","Adelaide Crows","Geelong Cats",20,"BPL","Mitchell","Hinge","CD_I1004863"
5,"Adelaide Oval","Adelaide Crows","Geelong Cats",48,"CHB","Mark","Keane","CD_I1013974"
5,"Adelaide Oval","Adelaide Crows","Geelong Cats",2,"HFFL","Ben","Keays","CD_I993946"
5,"Adelaide Oval","Adelaide Crows","Geelong Cats",29,"BPR","Rory","Laird","CD_I293222"
5,"Adelaide Oval","Adelaide Crows","Geelong Cats",16,"HBFR","Max","Michalanney","CD_I1015370"
5,"Adelaide Oval","Adelaide Crows","Geelong Cats",30,"HBFL","Wayne","Milera","CD_I990882"
5,"Adelaide Oval","Adelaide Crows","Geelong Cats",27,"INT","Luke","Nankervis","CD_I1021031"
5,"Adelaide Oval","Adelaide Crows","Geelong Cats",28,"FPR","Alex","Neal-Bullen","CD_I296420"
5,"Adelaide Oval","Adelaide Crows","Geelong Cats",43,"RK","Reilly","O'Brien","CD_I297523"
5,"Adelaide Oval","Adelaide Crows","Geelong Cats",25,"R","James","Peatling","CD_I1006013"
5,"Adelaide Oval","Adelaide Crows","Geelong Cats",23,"HFFR","Izak","Rankine","CD_I1001195"
5,"Adelaide Oval","Adelaide Crows","Geelong Cats",38,"WR","Lachlan","Sholl","CD_I1006136"
5,"Adelaide Oval","Adelaide Crows","Geelong Cats",14,"RR","Jake","Soligo","CD_I1017109"
5,"Adelaide Oval","Adelaide Crows","Geelong Cats",19,"SUB","Zac","Taylor","CD_I1017065"
5,"Adelaide Oval","Adelaide Crows","Geelong Cats",7,"CHF","Riley","Thilthorpe","CD_I1008384"
5,"Adelaide Oval","Adelaide Crows","Geelong Cats",13,"FF","Taylor","Walker","CD_I280506"
5,"Adelaide Oval","Adelaide Crows","Geelong Cats",24,"FB","Josh","Worrell","CD_I1011981"
5,"Adelaide Oval","Adelaide Crows","Geelong Cats",30,"R","Tom","Atkins","CD_I994386"
5,"Adelaide Oval","Adelaide Crows","Geelong Cats",46,"BPR","Mark","Blicavs","CD_I296733"
5,"Adelaide Oval","Adelaide Crows","Geelong Cats",12,"INT","Jack","Bowes","CD_I998260"
5,"Adelaide Oval","Adelaide Crows","Geelong Cats",5,"FF","Jeremy","Cameron","CD_I293845"
5,"Adelaide Oval","Adelaide Crows","Geelong Cats",40,"SUB","Ted","Clohesy","CD_I1023542"
5,"Adelaide Oval","Adelaide Crows","Geelong Cats",45,"HFFL","Brad","Close","CD_I999326"
5,"Adelaide Oval","Adelaide Crows","Geelong Cats",35,"C","Patrick","Dangerfield","CD_I270917"
5,"Adelaide Oval","Adelaide Crows","Geelong Cats",16,"FB","Sam","De Koning","CD_I1009229"
5,"Adelaide Oval","Adelaide Crows","Geelong Cats",28,"WR","Oliver","Dempsey","CD_I1025034"
5,"Adelaide Oval","Adelaide Crows","Geelong Cats",39,"HBFR","Zach","Guthrie","CD_I1004870"
5,"Adelaide Oval","Adelaide Crows","Geelong Cats",36,"WL","Oliver","Henry","CD_I1012860"
5,"Adelaide Oval","Adelaide Crows","Geelong Cats",9,"CHB","Max","Holmes","CD_I1015889"
5,"Adelaide Oval","Adelaide Crows","Geelong Cats",17,"HBFL","Lawson","Humphries","CD_I1013464"
5,"Adelaide Oval","Adelaide Crows","Geelong Cats",10,"CHF","Mitch","Knevitt","CD_I1021103"
5,"Adelaide Oval","Adelaide Crows","Geelong Cats",7,"HFFR","Shaun","Mannagh","CD_I993878"
5,"Adelaide Oval","Adelaide Crows","Geelong Cats",32,"INT","Gryan","Miers","CD_I1004938"
5,"Adelaide Oval","Adelaide Crows","Geelong Cats",34,"INT","Oisin","Mullin","CD_I1024982"
5,"Adelaide Oval","Adelaide Crows","Geelong Cats",33,"FPL","Shannon","Neale","CD_I1016433"
5,"Adelaide Oval","Adelaide Crows","Geelong Cats",42,"INT","Mark","O'Connor","CD_I1007102"
5,"Adelaide Oval","Adelaide Crows","Geelong Cats",14,"BPL","Connor","O'Sullivan","CD_I1027877"
5,"Adelaide Oval","Adelaide Crows","Geelong Cats",3,"RR","Bailey","Smith","CD_I1006130"
5,"Adelaide Oval","Adelaide Crows","Geelong Cats",1,"RK","Rhys","Stanley","CD_I280317"
5,"Adelaide Oval","Adelaide Crows","Geelong Cats",18,"FPR","Tyson","Stengle","CD_I997230"
5,"Adelaide Oval","Collingwood","Sydney Swans",16,"SUB","Edward","Allan","CD_I1022915"
5,"Adelaide Oval","Collingwood","Sydney Swans",14,"RK","Darcy","Cameron","CD_I990291"
5,"Adelaide Oval","Collingwood","Sydney Swans",25,"WR","Jack","Crisp","CD_I293871"
5,"Adelaide Oval","Collingwood","Sydney Swans",7,"HBFL","Josh","Daicos","CD_I1005054"
5,"Adelaide Oval","Collingwood","Sydney Swans",35,"R","Nick","Daicos","CD_I1023261"
5,"Adelaide Oval","Collingwood","Sydney Swans",5,"INT","Jamie","Elliott","CD_I293801"
5,"Adelaide Oval","Collingwood","Sydney Swans",17,"FB","Billy","Frampton","CD_I991773"
5,"Adelaide Oval","Collingwood","Sydney Swans",23,"HFFL","Bobby","Hill","CD_I1006148"
5,"Adelaide Oval","Collingwood","Sydney Swans",32,"INT","Will","Hoskin-Elliott","CD_I291720"
5,"Adelaide Oval","Collingwood","Sydney Swans",38,"BPR","Jeremy","Howe","CD_I291313"
5,"Adelaide Oval","Collingwood","Sydney Swans",1,"WL","Patrick","Lipinski","CD_I1003130"
5,"Adelaide Oval","Collingwood","Sydney Swans",44,"RR","Ned","Long","CD_I1017124"
5,"Adelaide Oval","Collingwood","Sydney Swans",4,"BPL","Brayden","Maynard","CD_I992010"
5,"Adelaide Oval","Collingwood","Sydney Swans",31,"FPL","Beau","McCreery","CD_I1004757"
5,"Adelaide Oval","Collingwood","Sydney Swans",11,"FF","Daniel","McStay","CD_I297504"
5,"Adelaide Oval","Collingwood","Sydney Swans",28,"FPR","Tim","Membrey","CD_I294596"
5,"Adelaide Oval","Collingwood","Sydney Swans",41,"CHF","Brody","Mihocek","CD_I291849"
5,"Adelaide Oval","Collingwood","Sydney Swans",30,"CHB","Darcy","Moore","CD_I298288"
5,"Adelaide Oval","Collingwood","Sydney Swans",10,"INT","Scott","Pendlebury","CD_I260257"
5,"Adelaide Oval","Collingwood","Sydney Swans",12,"HBFR","Harry","Perryman","CD_I998205"
5,"Adelaide Oval","Collingwood","Sydney Swans",3,"INT","Isaac","Quaynor","CD_I1008089"
5,"Adelaide Oval","Collingwood","Sydney Swans",22,"C","Steele","Sidebottom","CD_I280965"
5,"Adelaide Oval","Collingwood","Sydney Swans",33,"HFFR","Lachlan","Sullivan","CD_I998480"
5,"Adelaide Oval","Collingwood","Sydney Swans",36,"FPL","Joel","Amartey","CD_I1008091"
5,"Adelaide Oval","Collingwood","Sydney Swans",26,"CHB","Riley","Bice","CD_I1008224"
5,"Adelaide Oval","Collingwood","Sydney Swans",22,"BPR","Nick","Blakey","CD_I1006028"
5,"Adelaide Oval","Collingwood","Sydney Swans",16,"WL","Braeden","Campbell","CD_I1013133"
5,"Adelaide Oval","Collingwood","Sydney Swans",33,"INT","Caiden","Cleary","CD_I1024057"
5,"Adelaide Oval","Collingwood","Sydney Swans",13,"HBFR","Oliver","Florent","CD_I998103"
5,"Adelaide Oval","Collingwood","Sydney Swans",4,"RK","Brodie","Grundy","CD_I293957"
5,"Adelaide Oval","Collingwood","Sydney Swans",29,"BPL","Joel","Hamling","CD_I295222"
5,"Adelaide Oval","Collingwood","Sydney Swans",40,"INT","Tom","Hanily","CD_I1027687"
5,"Adelaide Oval","Collingwood","Sydney Swans",9,"CHF","Will","Hayward","CD_I997100"
5,"Adelaide Oval","Collingwood","Sydney Swans",5,"C","Isaac","Heeney","CD_I298539"
5,"Adelaide Oval","Collingwood","Sydney Swans",17,"HFFR","James","Jordon","CD_I1013409"
5,"Adelaide Oval","Collingwood","Sydney Swans",19,"INT","Peter","Ladhams","CD_I997142"
5,"Adelaide Oval","Collingwood","Sydney Swans",44,"WR","Jake","Lloyd","CD_I295342"
5,"Adelaide Oval","Collingwood","Sydney Swans",30,"FF","Tom","McCartin","CD_I1008198"
5,"Adelaide Oval","Collingwood","Sydney Swans",2,"HFFL","Hayden","McLean","CD_I1003203"
5,"Adelaide Oval","Collingwood","Sydney Swans",24,"FB","Dane","Rampe","CD_I290307"
5,"Adelaide Oval","Collingwood","Sydney Swans",34,"INT","Matt","Roberts","CD_I1012210"
5,"Adelaide Oval","Collingwood","Sydney Swans",8,"R","James","Rowbottom","CD_I1006126"
5,"Adelaide Oval","Collingwood","Sydney Swans",12,"SUB","Angus","Sheldrick","CD_I1020339"
5,"Adelaide Oval","Collingwood","Sydney Swans",1,"RR","Chad","Warner","CD_I1012014"
5,"Adelaide Oval","Collingwood","Sydney Swans",37,"FPR","Corey","Warner","CD_I1018424"
5,"Adelaide Oval","Collingwood","Sydney Swans",15,"HBFL","Sam","Wicks","CD_I1006232"
5,"Barossa Park","North Melbourne","Gold Coast SUNS",30,"BPL","Charlie","Comben","CD_I1015781"
5,"Barossa Park","North Melbourne","Gold Coast SUNS",4,"FB","Aidan","Corr","CD_I294508"
5,"Barossa Park","North Melbourne","Gold Coast SUNS",25,"HFFL","Paul","Curtis","CD_I1002947"
5,"Barossa Park","North Melbourne","Gold Coast SUNS",5,"CHB","Caleb","Daniel","CD_I295136"
5,"Barossa Park","North Melbourne","Gold Coast SUNS",28,"FF","Jack","Darling","CD_I290838"
5,"Barossa Park","North Melbourne","Gold Coast SUNS",9,"RR","Luke","Davies-Uniacke","CD_I1002267"
5,"Barossa Park","North Melbourne","Gold Coast SUNS",7,"INT","Zane","Duursma","CD_I1023494"
5,"Barossa Park","North Melbourne","Gold Coast SUNS",16,"INT","Zac","Fisher","CD_I999827"
5,"Barossa Park","North Melbourne","Gold Coast SUNS",17,"SUB","Riley","Hardeman","CD_I1023625"
5,"Barossa Park","North Melbourne","Gold Coast SUNS",41,"INT","Jacob","Konstanty","CD_I1023530"
5,"Barossa Park","North Melbourne","Gold Coast SUNS",20,"CHF","Nick","Larkey","CD_I1001017"
5,"Barossa Park","North Melbourne","Gold Coast SUNS",19,"BPR","Griffin","Logue","CD_I997933"
5,"Barossa Park","North Melbourne","Gold Coast SUNS",11,"HBFL","Luke","McDonald","CD_I296355"
5,"Barossa Park","North Melbourne","Gold Coast SUNS",10,"WR","Colby","McKercher","CD_I1024272"
5,"Barossa Park","North Melbourne","Gold Coast SUNS",2,"WL","Finn","O'Sullivan","CD_I1028495"
5,"Barossa Park","North Melbourne","Gold Coast SUNS",26,"INT","Luke","Parker","CD_I290778"
5,"Barossa Park","North Melbourne","Gold Coast SUNS",24,"C","Tom","Powell","CD_I1011659"
5,"Barossa Park","North Melbourne","Gold Coast SUNS",3,"HFFR","Harry","Sheezel","CD_I1023518"
5,"Barossa Park","North Melbourne","Gold Coast SUNS",12,"R","Jy","Simpkin","CD_I993998"
5,"Barossa Park","North Melbourne","Gold Coast SUNS",15,"FPR","Dylan","Stephens","CD_I1004848"
5,"Barossa Park","North Melbourne","Gold Coast SUNS",13,"HBFR","Darcy","Tucker","CD_I993816"
5,"Barossa Park","North Melbourne","Gold Coast SUNS",38,"RK","Tristan","Xerri","CD_I1004965"
5,"Barossa Park","North Melbourne","Gold Coast SUNS",44,"FPL","Cameron","Zurhaar","CD_I998484"
5,"Barossa Park","North Melbourne","Gold Coast SUNS",9,"HFFL","Ben","Ainsworth","CD_I998130"
5,"Barossa Park","North Melbourne","Gold Coast SUNS",15,"R","Noah","Anderson","CD_I1009199"
5,"Barossa Park","North Melbourne","Gold Coast SUNS",1,"CHB","Mac","Andrew","CD_I1017396"
5,"Barossa Park","North Melbourne","Gold Coast SUNS",33,"WR","Sam","Clohesy","CD_I1013257"
5,"Barossa Park","North Melbourne","Gold Coast SUNS",25,"FB","Sam","Collins","CD_I295446"
5,"Barossa Park","North Melbourne","Gold Coast SUNS",3,"INT","Sam","Flanders","CD_I1009260"
5,"Barossa Park","North Melbourne","Gold Coast SUNS",26,"RR","Will","Graham","CD_I1026960"
5,"Barossa Park","North Melbourne","Gold Coast SUNS",7,"SUB","Nick","Holman","CD_I297456"
5,"Barossa Park","North Melbourne","Gold Coast SUNS",19,"FF","Bailey","Humphrey","CD_I1023500"
5,"Barossa Park","North Melbourne","Gold Coast SUNS",40,"INT","Joel","Jeffrey","CD_I1005992"
5,"Barossa Park","North Melbourne","Gold Coast SUNS",34,"FPL","Ben","King","CD_I1006144"
5,"Barossa Park","North Melbourne","Gold Coast SUNS",22,"HFFR","Ben","Long","CD_I993917"
5,"Barossa Park","North Melbourne","Gold Coast SUNS",11,"CHF","Touk","Miller","CD_I298272"
5,"Barossa Park","North Melbourne","Gold Coast SUNS",2,"HBFL","John","Noble","CD_I1000072"
5,"Barossa Park","North Melbourne","Gold Coast SUNS",27,"BPL","Wil","Powell","CD_I1007881"
5,"Barossa Park","North Melbourne","Gold Coast SUNS",20,"FPR","Ethan","Read","CD_I1027033"
5,"Barossa Park","North Melbourne","Gold Coast SUNS",17,"HBFR","Daniel","Rioli","CD_I1000981"
5,"Barossa Park","North Melbourne","Gold Coast SUNS",29,"INT","Jake","Rogers","CD_I1018123"
5,"Barossa Park","North Melbourne","Gold Coast SUNS",18,"C","Matt","Rowell","CD_I1009208"
5,"Barossa Park","North Melbourne","Gold Coast SUNS",32,"BPR","Bodhi","Uwland","CD_I1017665"
5,"Barossa Park","North Melbourne","Gold Coast SUNS",4,"INT","Jed","Walter","CD_I1023736"
5,"Barossa Park","North Melbourne","Gold Coast SUNS",14,"WL","Lachie","Weller","CD_I298524"
5,"Barossa Park","North Melbourne","Gold Coast SUNS",28,"RK","Jarrod","Witts","CD_I291975"
5,"Adelaide Oval","Carlton","West Coast Eagles",32,"WR","Matthew","Carroll","CD_I1027964"
5,"Adelaide Oval","Carlton","West Coast Eagles",5,"INT","Adam","Cerra","CD_I1002239"
5,"Adelaide Oval","Carlton","West Coast Eagles",46,"HFFR","Matthew","Cottrell","CD_I1008154"
5,"Adelaide Oval","Carlton","West Coast Eagles",9,"C","Patrick","Cripps","CD_I990704"
5,"Adelaide Oval","Carlton","West Coast Eagles",30,"CHF","Charlie","Curnow","CD_I996731"
5,"Adelaide Oval","Carlton","West Coast Eagles",12,"RK","Tom","De Koning","CD_I1004912"
5,"Adelaide Oval","Carlton","West Coast Eagles",15,"WL","Sam","Docherty","CD_I295518"
5,"Adelaide Oval","Carlton","West Coast Eagles",19,"INT","Corey","Durdin","CD_I1008510"
5,"Adelaide Oval","Carlton","West Coast Eagles",8,"HFFL","Lachie","Fogarty","CD_I1002228"
5,"Adelaide Oval","Carlton","West Coast Eagles",26,"INT","Nick","Haynes","CD_I295265"
5,"Adelaide Oval","Carlton","West Coast Eagles",29,"RR","George","Hewett","CD_I294036"
5,"Adelaide Oval","Carlton","West Coast Eagles",4,"HBFL","Oliver","Hollands","CD_I1023495"
5,"Adelaide Oval","Carlton","West Coast Eagles",17,"INT","Brodie","Kemp","CD_I1009241"
5,"Adelaide Oval","Carlton","West Coast Eagles",36,"SUB","Cooper","Lord","CD_I1032108"
5,"Adelaide Oval","Carlton","West Coast Eagles",11,"CHB","Mitch","McGovern","CD_I297255"
5,"Adelaide Oval","Carlton","West Coast Eagles",10,"FF","Harry","McKay","CD_I1000953"
5,"Adelaide Oval","Carlton","West Coast Eagles",3,"FPR","Jesse","Motlop","CD_I1017700"
5,"Adelaide Oval","Carlton","West Coast Eagles",42,"HBFR","Adam","Saad","CD_I295461"
5,"Adelaide Oval","Carlton","West Coast Eagles",1,"BPL","Jack","Silvagni","CD_I1001028"
5,"Adelaide Oval","Carlton","West Coast Eagles",18,"R","Sam","Walsh","CD_I1006094"
5,"Adelaide Oval","Carlton","West Coast Eagles",23,"FB","Jacob","Weitering","CD_I993832"
5,"Adelaide Oval","Carlton","West Coast Eagles",38,"FPL","Will","White","CD_I1027713"
5,"Adelaide Oval","Carlton","West Coast Eagles",6,"BPR","Zac","Williams","CD_I294685"
5,"Adelaide Oval","Carlton","West Coast Eagles",12,"FF","Oscar","Allen","CD_I1004385"
5,"Adelaide Oval","Carlton","West Coast Eagles",3,"RR","Liam","Baker","CD_I1000223"
5,"Adelaide Oval","Carlton","West Coast Eagles",41,"CHB","Sandy","Brock","CD_I1013315"
5,"Adelaide Oval","Carlton","West Coast Eagles",15,"HFFL","Jamie","Cripps","CD_I290826"
5,"Adelaide Oval","Carlton","West Coast Eagles",38,"SUB","Hamish","Davis","CD_I1032624"
5,"Adelaide Oval","Carlton","West Coast Eagles",43,"WL","Tyrell","Dewar","CD_I1023142"
5,"Adelaide Oval","Carlton","West Coast Eagles",14,"C","Liam","Duggan","CD_I298268"
5,"Adelaide Oval","Carlton","West Coast Eagles",42,"FB","Harry","Edwards","CD_I1011437"
5,"Adelaide Oval","Carlton","West Coast Eagles",7,"BPR","Reuben","Ginbey","CD_I1023025"
5,"Adelaide Oval","Carlton","West Coast Eagles",17,"WR","Jack","Graham","CD_I990827"
5,"Adelaide Oval","Carlton","West Coast Eagles",27,"INT","Tom","Gross","CD_I1028561"
5,"Adelaide Oval","Carlton","West Coast Eagles",29,"HFFR","Clay","Hall","CD_I1024188"
5,"Adelaide Oval","Carlton","West Coast Eagles",19,"BPL","Brady","Hough","CD_I1023167"
5,"Adelaide Oval","Carlton","West Coast Eagles",5,"HBFL","Jayden","Hunt","CD_I994385"
5,"Adelaide Oval","Carlton","West Coast Eagles",44,"HBFR","Jack","Hutchinson","CD_I1036098"
5,"Adelaide Oval","Carlton","West Coast Eagles",23,"INT","Ryan","Maric","CD_I1029416"
5,"Adelaide Oval","Carlton","West Coast Eagles",16,"INT","Matthew","Owies","CD_I1013973"
5,"Adelaide Oval","Carlton","West Coast Eagles",22,"INT","Archer","Reid","CD_I1027693"
5,"Adelaide Oval","Carlton","West Coast Eagles",9,"R","Harley","Reid","CD_I1023492"
5,"Adelaide Oval","Carlton","West Coast Eagles",1,"FPR","Liam","Ryan","CD_I1004364"
5,"Adelaide Oval","Carlton","West Coast Eagles",2,"CHF","Jake","Waterman","CD_I996554"
5,"Adelaide Oval","Carlton","West Coast Eagles",32,"RK","Bailey J.","Williams","CD_I1006114"
5,"Adelaide Oval","Carlton","West Coast Eagles",34,"FPL","Jack","Williams","CD_I1020371"
5,"Norwood Oval","Western Bulldogs","Brisbane Lions",29,"BPR","Lachlan","Bramble","CD_I1000864"
5,"Norwood Oval","Western Bulldogs","Brisbane Lions",36,"INT","Luke","Cleary","CD_I1015929"
5,"Norwood Oval","Western Bulldogs","Brisbane Lions",31,"HBFR","Bailey","Dale","CD_I996708"
5,"Norwood Oval","Western Bulldogs","Brisbane Lions",10,"FF","Sam","Darcy","CD_I1017126"
5,"Norwood Oval","Western Bulldogs","Brisbane Lions",42,"WR","Sam","Davidson","CD_I1036123"
5,"Norwood Oval","Western Bulldogs","Brisbane Lions",26,"SUB","Josh","Dolan","CD_I1034235"
5,"Norwood Oval","Western Bulldogs","Brisbane Lions",44,"RK","Tim","English","CD_I1004592"
5,"Norwood Oval","Western Bulldogs","Brisbane Lions",27,"WL","Joel","Freijah","CD_I1027704"
5,"Norwood Oval","Western Bulldogs","Brisbane Lions",22,"FPR","James","Harmes","CD_I297899"
5,"Norwood Oval","Western Bulldogs","Brisbane Lions",6,"HFFL","Cooper","Hynes","CD_I1029456"
5,"Norwood Oval","Western Bulldogs","Brisbane Lions",39,"HBFL","Jason","Johannisen","CD_I294101"
5,"Norwood Oval","Western Bulldogs","Brisbane Lions",19,"FB","Liam","Jones","CD_I281078"
5,"Norwood Oval","Western Bulldogs","Brisbane Lions",8,"RR","Matthew","Kennedy","CD_I1001398"
5,"Norwood Oval","Western Bulldogs","Brisbane Lions",24,"BPL","Buku","Khamis","CD_I998782"
5,"Norwood Oval","Western Bulldogs","Brisbane Lions",21,"C","Tom","Liberatore","CD_I290799"
5,"Norwood Oval","Western Bulldogs","Brisbane Lions",7,"CHB","Rory","Lobb","CD_I990740"
5,"Norwood Oval","Western Bulldogs","Brisbane Lions",30,"INT","Lachlan","McNeil","CD_I1009015"
5,"Norwood Oval","Western Bulldogs","Brisbane Lions",33,"CHF","Aaron","Naughton","CD_I1002404"
5,"Norwood Oval","Western Bulldogs","Brisbane Lions",18,"INT","James","O'Donnell","CD_I1032966"
5,"Norwood Oval","Western Bulldogs","Brisbane Lions",20,"R","Ed","Richards","CD_I1008280"
5,"Norwood Oval","Western Bulldogs","Brisbane Lions",9,"HFFR","Ryley","Sanders","CD_I1017939"
5,"Norwood Oval","Western Bulldogs","Brisbane Lions",14,"FPL","Rhylee","West","CD_I1006127"
5,"Norwood Oval","Western Bulldogs","Brisbane Lions",34,"INT","Bailey","Williams","CD_I992351"
5,"Norwood Oval","Western Bulldogs","Brisbane Lions",4,"HBFR","Callum","Ah Chee","CD_I298437"
5,"Norwood Oval","Western Bulldogs","Brisbane Lions",31,"CHB","Harris","Andrews","CD_I996059"
5,"Norwood Oval","Western Bulldogs","Brisbane Lions",43,"HBFL","Noah","Answerth","CD_I1005053"
5,"Norwood Oval","Western Bulldogs","Brisbane Lions",10,"INT","Levi","Ashcroft","CD_I1028560"
5,"Norwood Oval","Western Bulldogs","Brisbane Lions",8,"INT","Will","Ashcroft","CD_I1023517"
5,"Norwood Oval","Western Bulldogs","Brisbane Lions",33,"C","Zac","Bailey","CD_I1002312"
5,"Norwood Oval","Western Bulldogs","Brisbane Lions",7,"WR","Jarrod","Berry","CD_I998133"
5,"Norwood Oval","Western Bulldogs","Brisbane Lions",23,"HFFL","Charlie","Cameron","CD_I990609"
5,"Norwood Oval","Western Bulldogs","Brisbane Lions",14,"FF","Sam","Day","CD_I291753"
5,"Norwood Oval","Western Bulldogs","Brisbane Lions",5,"RR","Josh","Dunkley","CD_I993834"
5,"Norwood Oval","Western Bulldogs","Brisbane Lions",3,"WL","Jaspa","Fletcher","CD_I1023708"
5,"Norwood Oval","Western Bulldogs","Brisbane Lions",30,"CHF","Eric","Hipwood","CD_I993953"
5,"Norwood Oval","Western Bulldogs","Brisbane Lions",35,"BPR","Ryan","Lester","CD_I291548"
5,"Norwood Oval","Western Bulldogs","Brisbane Lions",6,"HFFR","Hugh","McCluggage","CD_I1000978"
5,"Norwood Oval","Western Bulldogs","Brisbane Lions",46,"RK","Oscar","McInerney","CD_I1005521"
5,"Norwood Oval","Western Bulldogs","Brisbane Lions",28,"SUB","Will","McLachlan","CD_I1029405"
5,"Norwood Oval","Western Bulldogs","Brisbane Lions",13,"FPR","Logan","Morris","CD_I1028019"
5,"Norwood Oval","Western Bulldogs","Brisbane Lions",9,"R","Lachie","Neale","CD_I293535"
5,"Norwood Oval","Western Bulldogs","Brisbane Lions",40,"FB","Jack","Payne","CD_I1002347"
5,"Norwood Oval","Western Bulldogs","Brisbane Lions",16,"FPL","Cam","Rayner","CD_I1002235"
5,"Norwood Oval","Western Bulldogs","Brisbane Lions",38,"INT","Bruce","Reville","CD_I1009317"
5,"Norwood Oval","Western Bulldogs","Brisbane Lions",44,"INT","Darcy","Wilmot","CD_I1017067"
5,"Norwood Oval","Western Bulldogs","Brisbane Lions",15,"BPL","Dayne","Zorko","CD_I261224"
5,"Adelaide Oval","Melbourne","Essendon",17,"BPL","Jake","Bowey","CD_I1012825"
5,"Adelaide Oval","Melbourne","Essendon",37,"WL","Kade","Chandler","CD_I1005330"
5,"Adelaide Oval","Melbourne","Essendon",31,"INT","Bayley","Fritsch","CD_I1001438"
5,"Adelaide Oval","Melbourne","Essendon",11,"RK","Max","Gawn","CD_I290528"
5,"Adelaide Oval","Melbourne","Essendon",43,"INT","Jack","Henderson","CD_I1008183"
5,"Adelaide Oval","Melbourne","Essendon",15,"WR","Ed","Langdon","CD_I298264"
5,"Adelaide Oval","Melbourne","Essendon",19,"R","Harvey","Langford","CD_I1028546"
5,"Adelaide Oval","Melbourne","Essendon",20,"HFFL","Xavier","Lindsay","CD_I1028531"
5,"Adelaide Oval","Melbourne","Essendon",1,"FB","Steven","May","CD_I281085"
5,"Adelaide Oval","Melbourne","Essendon",25,"CHB","Tom","McDonald","CD_I291533"
5,"Adelaide Oval","Melbourne","Essendon",18,"FPL","Jake","Melksham","CD_I280824"
5,"Adelaide Oval","Melbourne","Essendon",13,"CHF","Clayton","Oliver","CD_I996701"
5,"Adelaide Oval","Melbourne","Essendon",5,"RR","Christian","Petracca","CD_I298210"
5,"Adelaide Oval","Melbourne","Essendon",35,"BPR","Harrison","Petty","CD_I1008893"
5,"Adelaide Oval","Melbourne","Essendon",36,"HFFR","Kysaiah","Pickett","CD_I1008541"
5,"Adelaide Oval","Melbourne","Essendon",24,"INT","Trent","Rivers","CD_I1009378"
5,"Adelaide Oval","Melbourne","Essendon",3,"HBFR","Christian","Salem","CD_I296359"
5,"Adelaide Oval","Melbourne","Essendon",30,"SUB","Harry","Sharp","CD_I1007099"
5,"Adelaide Oval","Melbourne","Essendon",9,"FPR","Charlie","Spargo","CD_I1002282"
5,"Adelaide Oval","Melbourne","Essendon",32,"HBFL","Tom","Sparrow","CD_I999391"
5,"Adelaide Oval","Melbourne","Essendon",2,"FF","Jacob","van Rooyen","CD_I1017720"
5,"Adelaide Oval","Melbourne","Essendon",7,"C","Jack","Viney","CD_I291902"
5,"Adelaide Oval","Melbourne","Essendon",6,"INT","Caleb","Windsor","CD_I1027821"
5,"Adelaide Oval","Melbourne","Essendon",24,"RK","Nick","Bryan","CD_I1011954"
5,"Adelaide Oval","Melbourne","Essendon",30,"CHF","Nate","Caddy","CD_I1027899"
5,"Adelaide Oval","Melbourne","Essendon",2,"FF","Sam","Draper","CD_I1005577"
5,"Adelaide Oval","Melbourne","Essendon",22,"R","Sam","Durham","CD_I1015810"
5,"Adelaide Oval","Melbourne","Essendon",28,"INT","Xavier","Duursma","CD_I1006096"
5,"Adelaide Oval","Melbourne","Essendon",41,"SUB","Saad","El-Hawli","CD_I1015919"
5,"Adelaide Oval","Melbourne","Essendon",11,"HFFL","Jade","Gresham","CD_I298421"
5,"Adelaide Oval","Melbourne","Essendon",8,"INT","Ben","Hobbs","CD_I1017088"
5,"Adelaide Oval","Melbourne","Essendon",23,"FPL","Harrison","Jones","CD_I1011755"
5,"Adelaide Oval","Melbourne","Essendon",10,"FPR","Isaac","Kako","CD_I1028554"
5,"Adelaide Oval","Melbourne","Essendon",37,"HFFR","Nic","Martin","CD_I1012013"
5,"Adelaide Oval","Melbourne","Essendon",1,"BPL","Andrew","McGrath","CD_I998102"
5,"Adelaide Oval","Melbourne","Essendon",32,"FB","Ben","McKay","CD_I1002143"
5,"Adelaide Oval","Melbourne","Essendon",29,"INT","Jye","Menzie","CD_I1013201"
5,"Adelaide Oval","Melbourne","Essendon",7,"RR","Zach","Merrett","CD_I992016"
5,"Adelaide Oval","Melbourne","Essendon",16,"INT","Archie","Perkins","CD_I1015873"
5,"Adelaide Oval","Melbourne","Essendon",25,"HBFR","Jaxon","Prior","CD_I1009386"
5,"Adelaide Oval","Melbourne","Essendon",27,"HBFL","Mason","Redman","CD_I997078"
5,"Adelaide Oval","Melbourne","Essendon",31,"CHB","Zach","Reid","CD_I1012817"
5,"Adelaide Oval","Melbourne","Essendon",14,"BPR","Jordan","Ridley","CD_I1001026"
5,"Adelaide Oval","Melbourne","Essendon",21,"C","Archie","Roberts","CD_I1023515"
5,"Adelaide Oval","Melbourne","Essendon",12,"WL","Will","Setterfield","CD_I998215"
5,"Adelaide Oval","Melbourne","Essendon",9,"WR","Dylan","Shiel","CD_I291783"
5,"Barossa Park","Richmond","Fremantle",41,"WL","Sam","Banks","CD_I1013197"
5,"Barossa Park","Richmond","Fremantle",43,"SUB","Jacob","Bauer","CD_I1021152"
5,"Barossa Park","Richmond","Fremantle",46,"INT","Jacob","Blight","CD_I1013229"
5,"Barossa Park","Richmond","Fremantle",35,"BPR","Nathan","Broad","CD_I295203"
5,"Barossa Park","Richmond","Fremantle",30,"INT","Tom","Brown","CD_I1017086"
5,"Barossa Park","Richmond","Fremantle",44,"CHF","Seth","Campbell","CD_I1023275"
5,"Barossa Park","Richmond","Fremantle",27,"INT","Thomson","Dow","CD_I1009226"
5,"Barossa Park","Richmond","Fremantle",26,"FPR","Jonty","Faull","CD_I1028498"
5,"Barossa Park","Richmond","Fremantle",48,"HFFR","Steely","Green","CD_I1023056"
5,"Barossa Park","Richmond","Fremantle",2,"R","Jacob","Hopper","CD_I993903"
5,"Barossa Park","Richmond","Fremantle",19,"FF","Tom","Lynch","CD_I293813"
5,"Barossa Park","Richmond","Fremantle",33,"C","Kamdyn","McIntosh","CD_I294592"
5,"Barossa Park","Richmond","Fremantle",12,"FB","Ben","Miller","CD_I1002403"
5,"Barossa Park","Richmond","Fremantle",25,"RK","Toby","Nankervis","CD_I298174"
5,"Barossa Park","Richmond","Fremantle",13,"WR","Hugo","Ralphsmith","CD_I1011985"
5,"Barossa Park","Richmond","Fremantle",17,"FPL","Maurice","Rioli","CD_I1009551"
5,"Barossa Park","Richmond","Fremantle",5,"HFFL","Jack","Ross","CD_I1006133"
5,"Barossa Park","Richmond","Fremantle",15,"HBFL","Jayden","Short","CD_I992049"
5,"Barossa Park","Richmond","Fremantle",40,"INT","Tyler","Sonsie","CD_I1017114"
5,"Barossa Park","Richmond","Fremantle",14,"RR","Tim","Taranto","CD_I998172"
5,"Barossa Park","Richmond","Fremantle",31,"CHB","Luke","Trainor","CD_I1028521"
5,"Barossa Park","Richmond","Fremantle",36,"HBFR","James","Trezise","CD_I1031829"
5,"Barossa Park","Richmond","Fremantle",1,"BPL","Nick","Vlastuin","CD_I294674"
5,"Barossa Park","Richmond","Fremantle",24,"FPR","Jye","Amiss","CD_I1020594"
5,"Barossa Park","Richmond","Fremantle",41,"INT","Bailey","Banfield","CD_I998180"
5,"Barossa Park","Richmond","Fremantle",15,"HFFR","Shai","Bolton","CD_I993993"
5,"Barossa Park","Richmond","Fremantle",8,"R","Andrew","Brayshaw","CD_I1002232"
5,"Barossa Park","Richmond","Fremantle",5,"HBFL","Heath","Chapman","CD_I1013224"
5,"Barossa Park","Richmond","Fremantle",6,"HBFR","Jordan","Clark","CD_I1006152"
5,"Barossa Park","Richmond","Fremantle",36,"BPR","Brennan","Cox","CD_I997033"
5,"Barossa Park","Richmond","Fremantle",4,"RK","Sean","Darcy","CD_I998145"
5,"Barossa Park","Richmond","Fremantle",37,"INT","Joshua","Draper","CD_I1020668"
5,"Barossa Park","Richmond","Fremantle",43,"SUB","Isaiah","Dudley","CD_I1011558"
5,"Barossa Park","Richmond","Fremantle",32,"HFFL","Michael","Frederick","CD_I999321"
5,"Barossa Park","Richmond","Fremantle",44,"INT","Matthew","Johnson","CD_I1016825"
5,"Barossa Park","Richmond","Fremantle",2,"WR","Jaeger","O'Meara","CD_I294613"
5,"Barossa Park","Richmond","Fremantle",25,"FB","Alex","Pearce","CD_I298409"
5,"Barossa Park","Richmond","Fremantle",16,"INT","Murphy","Reid","CD_I1028513"
5,"Barossa Park","Richmond","Fremantle",13,"BPL","Luke","Ryan","CD_I998659"
5,"Barossa Park","Richmond","Fremantle",3,"RR","Caleb","Serong","CD_I1009420"
5,"Barossa Park","Richmond","Fremantle",14,"WL","Jeremy","Sharp","CD_I1009380"
5,"Barossa Park","Richmond","Fremantle",39,"CHF","Sam","Switkowski","CD_I992059"
5,"Barossa Park","Richmond","Fremantle",35,"FF","Josh","Treacy","CD_I1012819"
5,"Barossa Park","Richmond","Fremantle",20,"FPL","Patrick","Voss","CD_I1017754"
5,"Barossa Park","Richmond","Fremantle",23,"CHB","Karl","Worner","CD_I1021015"
5,"Barossa Park","Richmond","Fremantle",26,"C","Hayden","Young","CD_I1009256"
5,"Norwood Oval","St Kilda","GWS GIANTS",13,"BPL","Ryan","Byrnes","CD_I1011994"
5,"Norwood Oval","St Kilda","GWS GIANTS",47,"FF","Anthony","Caminiti","CD_I1023784"
5,"Norwood Oval","St Kilda","GWS GIANTS",4,"INT","Lance","Collard","CD_I1017959"
5,"Norwood Oval","St Kilda","GWS GIANTS",34,"R","Hugo","Garcia","CD_I1027790"
5,"Norwood Oval","St Kilda","GWS GIANTS",40,"INT","Max","Hall","CD_I1020855"
5,"Norwood Oval","St Kilda","GWS GIANTS",24,"SUB","Angus","Hastie","CD_I1027872"
5,"Norwood Oval","St Kilda","GWS GIANTS",1,"CHF","Jack","Higgins","CD_I1002227"
5,"Norwood Oval","St Kilda","GWS GIANTS",8,"HFFL","Bradley","Hill","CD_I295584"
5,"Norwood Oval","St Kilda","GWS GIANTS",3,"C","Zak","Jones","CD_I991988"
5,"Norwood Oval","St Kilda","GWS GIANTS",6,"RR","Jack","Macrae","CD_I295467"
5,"Norwood Oval","St Kilda","GWS GIANTS",19,"RK","Rowan","Marshall","CD_I992468"
5,"Norwood Oval","St Kilda","GWS GIANTS",10,"HFFR","Mitch","Owens","CD_I1023272"
5,"Norwood Oval","St Kilda","GWS GIANTS",43,"FPL","Cooper","Sharman","CD_I1018018"
5,"Norwood Oval","St Kilda","GWS GIANTS",35,"HBFR","Jack","Sinclair","CD_I994389"
5,"Norwood Oval","St Kilda","GWS GIANTS",9,"INT","Jack","Steele","CD_I296205"
5,"Norwood Oval","St Kilda","GWS GIANTS",14,"INT","Liam","Stocker","CD_I1008312"
5,"Norwood Oval","St Kilda","GWS GIANTS",5,"HBFL","Tobie","Travaglia","CD_I1028538"
5,"Norwood Oval","St Kilda","GWS GIANTS",7,"CHB","Nasiah","Wanganeen-Milera","CD_I1015507"
5,"Norwood Oval","St Kilda","GWS GIANTS",29,"BPR","Jimmy","Webster","CD_I290757"
5,"Norwood Oval","St Kilda","GWS GIANTS",44,"FB","Callum","Wilkie","CD_I296422"
5,"Norwood Oval","St Kilda","GWS GIANTS",22,"FPR","Darcy","Wilson","CD_I1027875"
5,"Norwood Oval","St Kilda","GWS GIANTS",2,"WR","Marcus","Windhager","CD_I1023270"
5,"Norwood Oval","St Kilda","GWS GIANTS",32,"WL","Mason","Wood","CD_I295340"
5,"Norwood Oval","St Kilda","GWS GIANTS",7,"HBFR","Lachie","Ash","CD_I1009253"
5,"Norwood Oval","St Kilda","GWS GIANTS",14,"HFFR","Toby","Bedford","CD_I1008139"
5,"Norwood Oval","St Kilda","GWS GIANTS",32,"RK","Kieren","Briggs","CD_I1008436"
5,"Norwood Oval","St Kilda","GWS GIANTS",46,"INT","Callum","Brown","CD_I1014038"
5,"Norwood Oval","St Kilda","GWS GIANTS",44,"CHB","Jack","Buckley","CD_I1009708"
5,"Norwood Oval","St Kilda","GWS GIANTS",5,"FPR","Aaron","Cadman","CD_I1019038"
5,"Norwood Oval","St Kilda","GWS GIANTS",17,"C","Finn","Callaghan","CD_I1023266"
5,"Norwood Oval","St Kilda","GWS GIANTS",12,"R","Tom","Green","CD_I1009528"
5,"Norwood Oval","St Kilda","GWS GIANTS",4,"FPL","Toby","Greene","CD_I295344"
5,"Norwood Oval","St Kilda","GWS GIANTS",27,"BPR","Harry","Himmelberg","CD_I993107"
5,"Norwood Oval","St Kilda","GWS GIANTS",23,"FF","Jesse","Hogan","CD_I296324"
5,"Norwood Oval","St Kilda","GWS GIANTS",39,"BPL","Connor","Idun","CD_I1008083"
5,"Norwood Oval","St Kilda","GWS GIANTS",2,"HFFL","Darcy","Jones","CD_I1020650"
5,"Norwood Oval","St Kilda","GWS GIANTS",22,"RR","Josh","Kelly","CD_I296347"
5,"Norwood Oval","St Kilda","GWS GIANTS",31,"SUB","Toby","McMullin","CD_I1027971"
5,"Norwood Oval","St Kilda","GWS GIANTS",26,"INT","Jake","Riccardi","CD_I1008123"
5,"Norwood Oval","St Kilda","GWS GIANTS",18,"INT","Conor","Stone","CD_I1015862"
5,"Norwood Oval","St Kilda","GWS GIANTS",20,"CHF","Jake","Stringer","CD_I293884"
5,"Norwood Oval","St Kilda","GWS GIANTS",15,"FB","Sam","Taylor","CD_I1005247"
5,"Norwood Oval","St Kilda","GWS GIANTS",1,"WL","Harvey","Thomas","CD_I1027925"
5,"Norwood Oval","St Kilda","GWS GIANTS",8,"WR","Callan","Ward","CD_I280109"
5,"Norwood Oval","St Kilda","GWS GIANTS",10,"INT","Jacob","Wehr","CD_I1004530"
5,"Norwood Oval","St Kilda","GWS GIANTS",6,"HBFL","Lachie","Whitfield","CD_I294305"
5,"Adelaide Oval","Port Adelaide","Hawthorn",21,"FB","Aliir","Aliir","CD_I294469"
5,"Adelaide Oval","Port Adelaide","Hawthorn",14,"HBFL","Miles","Bergman","CD_I1009191"
5,"Adelaide Oval","Port Adelaide","Hawthorn",5,"SUB","Joe","Berry","CD_I1028529"
5,"Adelaide Oval","Port Adelaide","Hawthorn",10,"WR","Travis","Boak","CD_I250365"
5,"Adelaide Oval","Port Adelaide","Hawthorn",7,"CHB","Jase","Burgoyne","CD_I1013462"
5,"Adelaide Oval","Port Adelaide","Hawthorn",9,"RR","Zak","Butters","CD_I1006121"
5,"Adelaide Oval","Port Adelaide","Hawthorn",37,"INT","Tom","Cochrane","CD_I1022371"
5,"Adelaide Oval","Port Adelaide","Hawthorn",28,"C","Willem","Drew","CD_I1000972"
5,"Adelaide Oval","Port Adelaide","Hawthorn",6,"HBFR","Kane","Farrell","CD_I1002253"
5,"Adelaide Oval","Port Adelaide","Hawthorn",19,"FF","Mitch","Georgiades","CD_I1010174"
5,"Adelaide Oval","Port Adelaide","Hawthorn",18,"R","Jason","Horne-Francis","CD_I1011640"
5,"Adelaide Oval","Port Adelaide","Hawthorn",34,"BPR","Lachie","Jones","CD_I1011583"
5,"Adelaide Oval","Port Adelaide","Hawthorn",30,"FPR","Ollie","Lord","CD_I1012881"
5,"Adelaide Oval","Port Adelaide","Hawthorn",44,"CHF","Jackson","Mead","CD_I1005326"
5,"Adelaide Oval","Port Adelaide","Hawthorn",31,"INT","Christian","Moraes","CD_I1028563"
5,"Adelaide Oval","Port Adelaide","Hawthorn",2,"FPL","Sam","Powell-Pepper","CD_I993979"
5,"Adelaide Oval","Port Adelaide","Hawthorn",27,"BPL","Esava","Ratugolea","CD_I1002220"
5,"Adelaide Oval","Port Adelaide","Hawthorn",35,"HFFL","Joe","Richards","CD_I1008239"
5,"Adelaide Oval","Port Adelaide","Hawthorn",15,"HFFR","Willie","Rioli","CD_I296225"
5,"Adelaide Oval","Port Adelaide","Hawthorn",1,"WL","Connor","Rozee","CD_I1001299"
5,"Adelaide Oval","Port Adelaide","Hawthorn",8,"INT","Josh","Sinn","CD_I1017078"
5,"Adelaide Oval","Port Adelaide","Hawthorn",24,"RK","Jordon","Sweet","CD_I992330"
5,"Adelaide Oval","Port Adelaide","Hawthorn",16,"INT","Ollie","Wines","CD_I294318"
5,"Adelaide Oval","Port Adelaide","Hawthorn",10,"WL","Karl","Amon","CD_I297354"
5,"Adelaide Oval","Port Adelaide","Hawthorn",37,"BPL","Tom","Barrass","CD_I990290"
5,"Adelaide Oval","Port Adelaide","Hawthorn",24,"HBFL","Josh","Battle","CD_I998134"
5,"Adelaide Oval","Port Adelaide","Hawthorn",22,"SUB","Luke","Breust","CD_I280744"
5,"Adelaide Oval","Port Adelaide","Hawthorn",18,"FF","Mabior","Chol","CD_I994077"
5,"Adelaide Oval","Port Adelaide","Hawthorn",16,"WR","Massimo","D'Ambrosio","CD_I1005144"
5,"Adelaide Oval","Port Adelaide","Hawthorn",33,"HFFR","Jack","Ginnivan","CD_I1012857"
5,"Adelaide Oval","Port Adelaide","Hawthorn",19,"FPL","Jack","Gunston","CD_I291351"
5,"Adelaide Oval","Port Adelaide","Hawthorn",15,"FB","Blake","Hardwick","CD_I993794"
5,"Adelaide Oval","Port Adelaide","Hawthorn",4,"CHB","Jarman","Impey","CD_I296254"
5,"Adelaide Oval","Port Adelaide","Hawthorn",9,"INT","Changkuoth","Jiath","CD_I998390"
5,"Adelaide Oval","Port Adelaide","Hawthorn",28,"INT","Cam","Mackenzie","CD_I1023482"
5,"Adelaide Oval","Port Adelaide","Hawthorn",20,"INT","Finn","Maginness","CD_I1009421"
5,"Adelaide Oval","Port Adelaide","Hawthorn",17,"RK","Lloyd","Meek","CD_I1000980"
5,"Adelaide Oval","Port Adelaide","Hawthorn",13,"FPR","Dylan","Moore","CD_I1006314"
5,"Adelaide Oval","Port Adelaide","Hawthorn",1,"HFFL","Harry","Morrison","CD_I1000963"
5,"Adelaide Oval","Port Adelaide","Hawthorn",11,"C","Conor","Nash","CD_I1007124"
5,"Adelaide Oval","Port Adelaide","Hawthorn",3,"RR","Jai","Newcombe","CD_I1020895"
5,"Adelaide Oval","Port Adelaide","Hawthorn",6,"BPR","James","Sicily","CD_I297566"
5,"Adelaide Oval","Port Adelaide","Hawthorn",25,"INT","Josh","Ward","CD_I1017110"
5,"Adelaide Oval","Port Adelaide","Hawthorn",34,"CHF","Nick","Watson","CD_I1023473"
5,"Adelaide Oval","Port Adelaide","Hawthorn",23,"HBFR","Josh","Weddle","CD_I1027935"
5,"Adelaide Oval","Port Adelaide","Hawthorn",5,"R","James","Worpel","CD_I1002222"
6,"Gabba","Brisbane Lions","Collingwood",4,"FPR","Callum","Ah Chee","CD_I298437"
6,"Gabba","Brisbane Lions","Collingwood",31,"CHB","Harris","Andrews","CD_I996059"
6,"Gabba","Brisbane Lions","Collingwood",43,"HBFL","Noah","Answerth","CD_I1005053"
6,"Gabba","Brisbane Lions","Collingwood",10,"INT","Levi","Ashcroft","CD_I1028560"
6,"Gabba","Brisbane Lions","Collingwood",8,"WL","Will","Ashcroft","CD_I1023517"
6,"Gabba","Brisbane Lions","Collingwood",33,"C","Zac","Bailey","CD_I1002312"
6,"Gabba","Brisbane Lions","Collingwood",7,"WR","Jarrod","Berry","CD_I998133"
6,"Gabba","Brisbane Lions","Collingwood",23,"HFFL","Charlie","Cameron","CD_I990609"
6,"Gabba","Brisbane Lions","Collingwood",14,"INT","Sam","Day","CD_I291753"
6,"Gabba","Brisbane Lions","Collingwood",5,"RR","Josh","Dunkley","CD_I993834"
6,"Gabba","Brisbane Lions","Collingwood",3,"INT","Jaspa","Fletcher","CD_I1023708"
6,"Gabba","Brisbane Lions","Collingwood",30,"CHF","Eric","Hipwood","CD_I993953"
6,"Gabba","Brisbane Lions","Collingwood",35,"BPR","Ryan","Lester","CD_I291548"
6,"Gabba","Brisbane Lions","Collingwood",20,"SUB","Sam","Marshall","CD_I1028520"
6,"Gabba","Brisbane Lions","Collingwood",6,"HFFR","Hugh","McCluggage","CD_I1000978"
6,"Gabba","Brisbane Lions","Collingwood",46,"RK","Oscar","McInerney","CD_I1005521"
6,"Gabba","Brisbane Lions","Collingwood",13,"FF","Logan","Morris","CD_I1028019"
6,"Gabba","Brisbane Lions","Collingwood",9,"R","Lachie","Neale","CD_I293535"
6,"Gabba","Brisbane Lions","Collingwood",40,"FB","Jack","Payne","CD_I1002347"
6,"Gabba","Brisbane Lions","Collingwood",16,"FPL","Cam","Rayner","CD_I1002235"
6,"Gabba","Brisbane Lions","Collingwood",29,"INT","James","Tunstill","CD_I1021108"
6,"Gabba","Brisbane Lions","Collingwood",44,"HBFR","Darcy","Wilmot","CD_I1017067"
6,"Gabba","Brisbane Lions","Collingwood",15,"BPL","Dayne","Zorko","CD_I261224"
6,"Gabba","Brisbane Lions","Collingwood",16,"SUB","Edward","Allan","CD_I1022915"
6,"Gabba","Brisbane Lions","Collingwood",14,"RK","Darcy","Cameron","CD_I990291"
6,"Gabba","Brisbane Lions","Collingwood",46,"CHF","Mason","Cox","CD_I998647"
6,"Gabba","Brisbane Lions","Collingwood",25,"WL","Jack","Crisp","CD_I293871"
6,"Gabba","Brisbane Lions","Collingwood",7,"HBFL","Josh","Daicos","CD_I1005054"
6,"Gabba","Brisbane Lions","Collingwood",35,"R","Nick","Daicos","CD_I1023261"
6,"Gabba","Brisbane Lions","Collingwood",2,"HFFR","Jordan","De Goey","CD_I994185"
6,"Gabba","Brisbane Lions","Collingwood",5,"FPR","Jamie","Elliott","CD_I293801"
6,"Gabba","Brisbane Lions","Collingwood",17,"FB","Billy","Frampton","CD_I991773"
6,"Gabba","Brisbane Lions","Collingwood",23,"HFFL","Bobby","Hill","CD_I1006148"
6,"Gabba","Brisbane Lions","Collingwood",32,"INT","Will","Hoskin-Elliott","CD_I291720"
6,"Gabba","Brisbane Lions","Collingwood",38,"BPR","Jeremy","Howe","CD_I291313"
6,"Gabba","Brisbane Lions","Collingwood",1,"WR","Patrick","Lipinski","CD_I1003130"
6,"Gabba","Brisbane Lions","Collingwood",44,"RR","Ned","Long","CD_I1017124"
6,"Gabba","Brisbane Lions","Collingwood",4,"BPL","Brayden","Maynard","CD_I992010"
6,"Gabba","Brisbane Lions","Collingwood",31,"FPL","Beau","McCreery","CD_I1004757"
6,"Gabba","Brisbane Lions","Collingwood",11,"FF","Daniel","McStay","CD_I297504"
6,"Gabba","Brisbane Lions","Collingwood",41,"INT","Brody","Mihocek","CD_I291849"
6,"Gabba","Brisbane Lions","Collingwood",30,"CHB","Darcy","Moore","CD_I298288"
6,"Gabba","Brisbane Lions","Collingwood",10,"INT","Scott","Pendlebury","CD_I260257"
6,"Gabba","Brisbane Lions","Collingwood",12,"HBFR","Harry","Perryman","CD_I998205"
6,"Gabba","Brisbane Lions","Collingwood",3,"INT","Isaac","Quaynor","CD_I1008089"
6,"Gabba","Brisbane Lions","Collingwood",22,"C","Steele","Sidebottom","CD_I280965"
6,"Marvel Stadium","North Melbourne","Carlton",30,"BPL","Charlie","Comben","CD_I1015781"
6,"Marvel Stadium","North Melbourne","Carlton",4,"FB","Aidan","Corr","CD_I294508"
6,"Marvel Stadium","North Melbourne","Carlton",25,"HFFL","Paul","Curtis","CD_I1002947"
6,"Marvel Stadium","North Melbourne","Carlton",5,"CHB","Caleb","Daniel","CD_I295136"
6,"Marvel Stadium","North Melbourne","Carlton",28,"FF","Jack","Darling","CD_I290838"
6,"Marvel Stadium","North Melbourne","Carlton",9,"RR","Luke","Davies-Uniacke","CD_I1002267"
6,"Marvel Stadium","North Melbourne","Carlton",7,"SUB","Zane","Duursma","CD_I1023494"
6,"Marvel Stadium","North Melbourne","Carlton",16,"INT","Zac","Fisher","CD_I999827"
6,"Marvel Stadium","North Melbourne","Carlton",41,"INT","Jacob","Konstanty","CD_I1023530"
6,"Marvel Stadium","North Melbourne","Carlton",20,"CHF","Nick","Larkey","CD_I1001017"
6,"Marvel Stadium","North Melbourne","Carlton",19,"BPR","Griffin","Logue","CD_I997933"
6,"Marvel Stadium","North Melbourne","Carlton",11,"HBFL","Luke","McDonald","CD_I296355"
6,"Marvel Stadium","North Melbourne","Carlton",10,"WR","Colby","McKercher","CD_I1024272"
6,"Marvel Stadium","North Melbourne","Carlton",2,"WL","Finn","O'Sullivan","CD_I1028495"
6,"Marvel Stadium","North Melbourne","Carlton",26,"INT","Luke","Parker","CD_I290778"
6,"Marvel Stadium","North Melbourne","Carlton",24,"C","Tom","Powell","CD_I1011659"
6,"Marvel Stadium","North Melbourne","Carlton",3,"HFFR","Harry","Sheezel","CD_I1023518"
6,"Marvel Stadium","North Melbourne","Carlton",12,"R","Jy","Simpkin","CD_I993998"
6,"Marvel Stadium","North Melbourne","Carlton",15,"FPR","Dylan","Stephens","CD_I1004848"
6,"Marvel Stadium","North Melbourne","Carlton",13,"HBFR","Darcy","Tucker","CD_I993816"
6,"Marvel Stadium","North Melbourne","Carlton",6,"INT","George","Wardlaw","CD_I1023477"
6,"Marvel Stadium","North Melbourne","Carlton",38,"RK","Tristan","Xerri","CD_I1004965"
6,"Marvel Stadium","North Melbourne","Carlton",44,"FPL","Cameron","Zurhaar","CD_I998484"
6,"Marvel Stadium","North Melbourne","Carlton",13,"INT","Blake","Acres","CD_I296294"
6,"Marvel Stadium","North Melbourne","Carlton",32,"INT","Matthew","Carroll","CD_I1027964"
6,"Marvel Stadium","North Melbourne","Carlton",5,"R","Adam","Cerra","CD_I1002239"
6,"Marvel Stadium","North Melbourne","Carlton",46,"WR","Matthew","Cottrell","CD_I1008154"
6,"Marvel Stadium","North Melbourne","Carlton",9,"C","Patrick","Cripps","CD_I990704"
6,"Marvel Stadium","North Melbourne","Carlton",30,"FF","Charlie","Curnow","CD_I996731"
6,"Marvel Stadium","North Melbourne","Carlton",12,"RK","Tom","De Koning","CD_I1004912"
6,"Marvel Stadium","North Melbourne","Carlton",19,"HFFR","Corey","Durdin","CD_I1008510"
6,"Marvel Stadium","North Melbourne","Carlton",8,"INT","Lachie","Fogarty","CD_I1002228"
6,"Marvel Stadium","North Melbourne","Carlton",26,"BPR","Nick","Haynes","CD_I295265"
6,"Marvel Stadium","North Melbourne","Carlton",29,"RR","George","Hewett","CD_I294036"
6,"Marvel Stadium","North Melbourne","Carlton",20,"WL","Elijah","Hollands","CD_I1012862"
6,"Marvel Stadium","North Melbourne","Carlton",4,"HBFR","Oliver","Hollands","CD_I1023495"
6,"Marvel Stadium","North Melbourne","Carlton",36,"SUB","Cooper","Lord","CD_I1032108"
6,"Marvel Stadium","North Melbourne","Carlton",11,"CHB","Mitch","McGovern","CD_I297255"
6,"Marvel Stadium","North Melbourne","Carlton",3,"FPL","Jesse","Motlop","CD_I1017700"
6,"Marvel Stadium","North Melbourne","Carlton",42,"HBFL","Adam","Saad","CD_I295461"
6,"Marvel Stadium","North Melbourne","Carlton",1,"BPL","Jack","Silvagni","CD_I1001028"
6,"Marvel Stadium","North Melbourne","Carlton",18,"HFFL","Sam","Walsh","CD_I1006094"
6,"Marvel Stadium","North Melbourne","Carlton",23,"FB","Jacob","Weitering","CD_I993832"
6,"Marvel Stadium","North Melbourne","Carlton",38,"INT","Will","White","CD_I1027713"
6,"Marvel Stadium","North Melbourne","Carlton",6,"FPR","Zac","Williams","CD_I294685"
6,"Marvel Stadium","North Melbourne","Carlton",33,"CHF","Lewis","Young","CD_I997316"
6,"Optus Stadium","West Coast Eagles","Essendon",3,"HBFR","Liam","Baker","CD_I1000223"
6,"Optus Stadium","West Coast Eagles","Essendon",15,"HFFR","Jamie","Cripps","CD_I290826"
6,"Optus Stadium","West Coast Eagles","Essendon",38,"INT","Hamish","Davis","CD_I1032624"
6,"Optus Stadium","West Coast Eagles","Essendon",43,"WR","Tyrell","Dewar","CD_I1023142"
6,"Optus Stadium","West Coast Eagles","Essendon",14,"HBFL","Liam","Duggan","CD_I298268"
6,"Optus Stadium","West Coast Eagles","Essendon",42,"FB","Harry","Edwards","CD_I1011437"
6,"Optus Stadium","West Coast Eagles","Essendon",25,"RK","Matt","Flynn","CD_I993902"
6,"Optus Stadium","West Coast Eagles","Essendon",7,"BPL","Reuben","Ginbey","CD_I1023025"
6,"Optus Stadium","West Coast Eagles","Essendon",17,"C","Jack","Graham","CD_I990827"
6,"Optus Stadium","West Coast Eagles","Essendon",27,"SUB","Tom","Gross","CD_I1028561"
6,"Optus Stadium","West Coast Eagles","Essendon",8,"INT","Elijah","Hewett","CD_I1020670"
6,"Optus Stadium","West Coast Eagles","Essendon",19,"BPR","Brady","Hough","CD_I1023167"
6,"Optus Stadium","West Coast Eagles","Essendon",5,"INT","Jayden","Hunt","CD_I994385"
6,"Optus Stadium","West Coast Eagles","Essendon",44,"WL","Jack","Hutchinson","CD_I1036098"
6,"Optus Stadium","West Coast Eagles","Essendon",11,"RR","Tim","Kelly","CD_I295898"
6,"Optus Stadium","West Coast Eagles","Essendon",23,"FPL","Ryan","Maric","CD_I1029416"
6,"Optus Stadium","West Coast Eagles","Essendon",20,"CHB","Jeremy","McGovern","CD_I294859"
6,"Optus Stadium","West Coast Eagles","Essendon",16,"FPR","Matthew","Owies","CD_I1013973"
6,"Optus Stadium","West Coast Eagles","Essendon",22,"FF","Archer","Reid","CD_I1027693"
6,"Optus Stadium","West Coast Eagles","Essendon",9,"R","Harley","Reid","CD_I1023492"
6,"Optus Stadium","West Coast Eagles","Essendon",1,"HFFL","Liam","Ryan","CD_I1004364"
6,"Optus Stadium","West Coast Eagles","Essendon",2,"CHF","Jake","Waterman","CD_I996554"
6,"Optus Stadium","West Coast Eagles","Essendon",34,"INT","Jack","Williams","CD_I1020371"
6,"Optus Stadium","West Coast Eagles","Essendon",30,"CHF","Nate","Caddy","CD_I1027899"
6,"Optus Stadium","West Coast Eagles","Essendon",2,"RK","Sam","Draper","CD_I1005577"
6,"Optus Stadium","West Coast Eagles","Essendon",22,"R","Sam","Durham","CD_I1015810"
6,"Optus Stadium","West Coast Eagles","Essendon",28,"INT","Xavier","Duursma","CD_I1006096"
6,"Optus Stadium","West Coast Eagles","Essendon",41,"SUB","Saad","El-Hawli","CD_I1015919"
6,"Optus Stadium","West Coast Eagles","Essendon",11,"HFFL","Jade","Gresham","CD_I298421"
6,"Optus Stadium","West Coast Eagles","Essendon",8,"INT","Ben","Hobbs","CD_I1017088"
6,"Optus Stadium","West Coast Eagles","Essendon",23,"FPL","Harrison","Jones","CD_I1011755"
6,"Optus Stadium","West Coast Eagles","Essendon",10,"FPR","Isaac","Kako","CD_I1028554"
6,"Optus Stadium","West Coast Eagles","Essendon",37,"HFFR","Nic","Martin","CD_I1012013"
6,"Optus Stadium","West Coast Eagles","Essendon",1,"BPL","Andrew","McGrath","CD_I998102"
6,"Optus Stadium","West Coast Eagles","Essendon",32,"FB","Ben","McKay","CD_I1002143"
6,"Optus Stadium","West Coast Eagles","Essendon",29,"INT","Jye","Menzie","CD_I1013201"
6,"Optus Stadium","West Coast Eagles","Essendon",7,"RR","Zach","Merrett","CD_I992016"
6,"Optus Stadium","West Coast Eagles","Essendon",16,"INT","Archie","Perkins","CD_I1015873"
6,"Optus Stadium","West Coast Eagles","Essendon",25,"HBFR","Jaxon","Prior","CD_I1009386"
6,"Optus Stadium","West Coast Eagles","Essendon",27,"HBFL","Mason","Redman","CD_I997078"
6,"Optus Stadium","West Coast Eagles","Essendon",31,"CHB","Zach","Reid","CD_I1012817"
6,"Optus Stadium","West Coast Eagles","Essendon",14,"BPR","Jordan","Ridley","CD_I1001026"
6,"Optus Stadium","West Coast Eagles","Essendon",21,"WR","Archie","Roberts","CD_I1023515"
6,"Optus Stadium","West Coast Eagles","Essendon",12,"WL","Will","Setterfield","CD_I998215"
6,"Optus Stadium","West Coast Eagles","Essendon",9,"C","Dylan","Shiel","CD_I291783"
6,"Optus Stadium","West Coast Eagles","Essendon",20,"FF","Peter","Wright","CD_I298289"
6,"MCG","Melbourne","Fremantle",17,"BPL","Jake","Bowey","CD_I1012825"
6,"MCG","Melbourne","Fremantle",37,"INT","Kade","Chandler","CD_I1005330"
6,"MCG","Melbourne","Fremantle",33,"CHF","Tom","Fullarton","CD_I1013532"
6,"MCG","Melbourne","Fremantle",11,"RK","Max","Gawn","CD_I290528"
6,"MCG","Melbourne","Fremantle",22,"CHB","Blake","Howes","CD_I1017122"
6,"MCG","Melbourne","Fremantle",15,"WR","Ed","Langdon","CD_I298264"
6,"MCG","Melbourne","Fremantle",19,"R","Harvey","Langford","CD_I1028546"
6,"MCG","Melbourne","Fremantle",20,"HBFL","Xavier","Lindsay","CD_I1028531"
6,"MCG","Melbourne","Fremantle",25,"BPR","Tom","McDonald","CD_I291533"
6,"MCG","Melbourne","Fremantle",18,"INT","Jake","Melksham","CD_I280824"
6,"MCG","Melbourne","Fremantle",13,"INT","Clayton","Oliver","CD_I996701"
6,"MCG","Melbourne","Fremantle",5,"RR","Christian","Petracca","CD_I298210"
6,"MCG","Melbourne","Fremantle",35,"FB","Harrison","Petty","CD_I1008893"
6,"MCG","Melbourne","Fremantle",36,"HFFR","Kysaiah","Pickett","CD_I1008541"
6,"MCG","Melbourne","Fremantle",24,"HBFR","Trent","Rivers","CD_I1009378"
6,"MCG","Melbourne","Fremantle",3,"INT","Christian","Salem","CD_I296359"
6,"MCG","Melbourne","Fremantle",30,"SUB","Harry","Sharp","CD_I1007099"
6,"MCG","Melbourne","Fremantle",9,"FPR","Charlie","Spargo","CD_I1002282"
6,"MCG","Melbourne","Fremantle",32,"HFFL","Tom","Sparrow","CD_I999391"
6,"MCG","Melbourne","Fremantle",12,"FPL","Koltyn","Tholstrup","CD_I1023640"
6,"MCG","Melbourne","Fremantle",10,"FF","Daniel","Turner","CD_I1020959"
6,"MCG","Melbourne","Fremantle",7,"C","Jack","Viney","CD_I291902"
6,"MCG","Melbourne","Fremantle",6,"WL","Caleb","Windsor","CD_I1027821"
6,"MCG","Melbourne","Fremantle",11,"HBFL","James","Aish","CD_I295067"
6,"MCG","Melbourne","Fremantle",24,"FPR","Jye","Amiss","CD_I1020594"
6,"MCG","Melbourne","Fremantle",41,"INT","Bailey","Banfield","CD_I998180"
6,"MCG","Melbourne","Fremantle",15,"HFFR","Shai","Bolton","CD_I993993"
6,"MCG","Melbourne","Fremantle",8,"R","Andrew","Brayshaw","CD_I1002232"
6,"MCG","Melbourne","Fremantle",6,"HBFR","Jordan","Clark","CD_I1006152"
6,"MCG","Melbourne","Fremantle",36,"BPR","Brennan","Cox","CD_I997033"
6,"MCG","Melbourne","Fremantle",4,"RK","Sean","Darcy","CD_I998145"
6,"MCG","Melbourne","Fremantle",37,"CHB","Joshua","Draper","CD_I1020668"
6,"MCG","Melbourne","Fremantle",43,"SUB","Isaiah","Dudley","CD_I1011558"
6,"MCG","Melbourne","Fremantle",32,"HFFL","Michael","Frederick","CD_I999321"
6,"MCG","Melbourne","Fremantle",44,"C","Matthew","Johnson","CD_I1016825"
6,"MCG","Melbourne","Fremantle",21,"FPL","Oscar","McDonald","CD_I992472"
6,"MCG","Melbourne","Fremantle",2,"WR","Jaeger","O'Meara","CD_I294613"
6,"MCG","Melbourne","Fremantle",25,"FB","Alex","Pearce","CD_I298409"
6,"MCG","Melbourne","Fremantle",16,"INT","Murphy","Reid","CD_I1028513"
6,"MCG","Melbourne","Fremantle",13,"BPL","Luke","Ryan","CD_I998659"
6,"MCG","Melbourne","Fremantle",3,"RR","Caleb","Serong","CD_I1009420"
6,"MCG","Melbourne","Fremantle",14,"WL","Jeremy","Sharp","CD_I1009380"
6,"MCG","Melbourne","Fremantle",39,"CHF","Sam","Switkowski","CD_I992059"
6,"MCG","Melbourne","Fremantle",35,"FF","Josh","Treacy","CD_I1012819"
6,"MCG","Melbourne","Fremantle",23,"INT","Karl","Worner","CD_I1021015"
6,"MCG","Melbourne","Fremantle",26,"INT","Hayden","Young","CD_I1009256"
6,"Adelaide Oval","Adelaide Crows","GWS GIANTS",3,"SUB","Sam","Berry","CD_I1012807"
6,"Adelaide Oval","Adelaide Crows","GWS GIANTS",5,"R","Matt","Crouch","CD_I297401"
6,"Adelaide Oval","Adelaide Crows","GWS GIANTS",44,"WL","Isaac","Cumming","CD_I1001396"
6,"Adelaide Oval","Adelaide Crows","GWS GIANTS",6,"INT","Daniel","Curtin","CD_I1024023"
6,"Adelaide Oval","Adelaide Crows","GWS GIANTS",12,"C","Jordan","Dawson","CD_I992242"
6,"Adelaide Oval","Adelaide Crows","GWS GIANTS",34,"INT","Sid","Draper","CD_I1022607"
6,"Adelaide Oval","Adelaide Crows","GWS GIANTS",32,"FPL","Darcy","Fogarty","CD_I999331"
6,"Adelaide Oval","Adelaide Crows","GWS GIANTS",20,"INT","Mitchell","Hinge","CD_I1004863"
6,"Adelaide Oval","Adelaide Crows","GWS GIANTS",48,"CHB","Mark","Keane","CD_I1013974"
6,"Adelaide Oval","Adelaide Crows","GWS GIANTS",2,"HFFL","Ben","Keays","CD_I993946"
6,"Adelaide Oval","Adelaide Crows","GWS GIANTS",29,"BPR","Rory","Laird","CD_I293222"
6,"Adelaide Oval","Adelaide Crows","GWS GIANTS",16,"HBFR","Max","Michalanney","CD_I1015370"
6,"Adelaide Oval","Adelaide Crows","GWS GIANTS",30,"HBFL","Wayne","Milera","CD_I990882"
6,"Adelaide Oval","Adelaide Crows","GWS GIANTS",9,"FB","Nick","Murray","CD_I1008230"
6,"Adelaide Oval","Adelaide Crows","GWS GIANTS",27,"WR","Luke","Nankervis","CD_I1021031"
6,"Adelaide Oval","Adelaide Crows","GWS GIANTS",28,"FPR","Alex","Neal-Bullen","CD_I296420"
6,"Adelaide Oval","Adelaide Crows","GWS GIANTS",43,"RK","Reilly","O'Brien","CD_I297523"
6,"Adelaide Oval","Adelaide Crows","GWS GIANTS",23,"HFFR","Izak","Rankine","CD_I1001195"
6,"Adelaide Oval","Adelaide Crows","GWS GIANTS",14,"RR","Jake","Soligo","CD_I1017109"
6,"Adelaide Oval","Adelaide Crows","GWS GIANTS",19,"INT","Zac","Taylor","CD_I1017065"
6,"Adelaide Oval","Adelaide Crows","GWS GIANTS",7,"CHF","Riley","Thilthorpe","CD_I1008384"
6,"Adelaide Oval","Adelaide Crows","GWS GIANTS",13,"FF","Taylor","Walker","CD_I280506"
6,"Adelaide Oval","Adelaide Crows","GWS GIANTS",24,"BPL","Josh","Worrell","CD_I1011981"
6,"Adelaide Oval","Adelaide Crows","GWS GIANTS",7,"HBFR","Lachie","Ash","CD_I1009253"
6,"Adelaide Oval","Adelaide Crows","GWS GIANTS",14,"RR","Toby","Bedford","CD_I1008139"
6,"Adelaide Oval","Adelaide Crows","GWS GIANTS",32,"RK","Kieren","Briggs","CD_I1008436"
6,"Adelaide Oval","Adelaide Crows","GWS GIANTS",46,"INT","Callum","Brown","CD_I1014038"
6,"Adelaide Oval","Adelaide Crows","GWS GIANTS",44,"CHB","Jack","Buckley","CD_I1009708"
6,"Adelaide Oval","Adelaide Crows","GWS GIANTS",5,"FPR","Aaron","Cadman","CD_I1019038"
6,"Adelaide Oval","Adelaide Crows","GWS GIANTS",17,"C","Finn","Callaghan","CD_I1023266"
6,"Adelaide Oval","Adelaide Crows","GWS GIANTS",12,"R","Tom","Green","CD_I1009528"
6,"Adelaide Oval","Adelaide Crows","GWS GIANTS",4,"FPL","Toby","Greene","CD_I295344"
6,"Adelaide Oval","Adelaide Crows","GWS GIANTS",27,"BPR","Harry","Himmelberg","CD_I993107"
6,"Adelaide Oval","Adelaide Crows","GWS GIANTS",39,"BPL","Connor","Idun","CD_I1008083"
6,"Adelaide Oval","Adelaide Crows","GWS GIANTS",2,"HFFL","Darcy","Jones","CD_I1020650"
6,"Adelaide Oval","Adelaide Crows","GWS GIANTS",22,"INT","Josh","Kelly","CD_I296347"
6,"Adelaide Oval","Adelaide Crows","GWS GIANTS",31,"INT","Toby","McMullin","CD_I1027971"
6,"Adelaide Oval","Adelaide Crows","GWS GIANTS",33,"SUB","Xavier","O'Halloran","CD_I1006135"
6,"Adelaide Oval","Adelaide Crows","GWS GIANTS",26,"FF","Jake","Riccardi","CD_I1008123"
6,"Adelaide Oval","Adelaide Crows","GWS GIANTS",18,"INT","Conor","Stone","CD_I1015862"
6,"Adelaide Oval","Adelaide Crows","GWS GIANTS",20,"CHF","Jake","Stringer","CD_I293884"
6,"Adelaide Oval","Adelaide Crows","GWS GIANTS",15,"FB","Sam","Taylor","CD_I1005247"
6,"Adelaide Oval","Adelaide Crows","GWS GIANTS",1,"HFFR","Harvey","Thomas","CD_I1027925"
6,"Adelaide Oval","Adelaide Crows","GWS GIANTS",8,"WR","Callan","Ward","CD_I280109"
6,"Adelaide Oval","Adelaide Crows","GWS GIANTS",10,"WL","Jacob","Wehr","CD_I1004530"
6,"Adelaide Oval","Adelaide Crows","GWS GIANTS",6,"HBFL","Lachie","Whitfield","CD_I294305"
6,"Marvel Stadium","Richmond","Gold Coast SUNS",21,"FB","Noah","Balta","CD_I1002245"
6,"Marvel Stadium","Richmond","Gold Coast SUNS",41,"HBFR","Sam","Banks","CD_I1013197"
6,"Marvel Stadium","Richmond","Gold Coast SUNS",35,"HBFL","Nathan","Broad","CD_I295203"
6,"Marvel Stadium","Richmond","Gold Coast SUNS",30,"INT","Tom","Brown","CD_I1017086"
6,"Marvel Stadium","Richmond","Gold Coast SUNS",44,"HFFL","Seth","Campbell","CD_I1023275"
6,"Marvel Stadium","Richmond","Gold Coast SUNS",27,"C","Thomson","Dow","CD_I1009226"
6,"Marvel Stadium","Richmond","Gold Coast SUNS",26,"FPL","Jonty","Faull","CD_I1028498"
6,"Marvel Stadium","Richmond","Gold Coast SUNS",48,"HFFR","Steely","Green","CD_I1023056"
6,"Marvel Stadium","Richmond","Gold Coast SUNS",2,"R","Jacob","Hopper","CD_I993903"
6,"Marvel Stadium","Richmond","Gold Coast SUNS",22,"CHF","Sam","Lalor","CD_I1028491"
6,"Marvel Stadium","Richmond","Gold Coast SUNS",19,"FF","Tom","Lynch","CD_I293813"
6,"Marvel Stadium","Richmond","Gold Coast SUNS",33,"INT","Kamdyn","McIntosh","CD_I294592"
6,"Marvel Stadium","Richmond","Gold Coast SUNS",12,"BPR","Ben","Miller","CD_I1002403"
6,"Marvel Stadium","Richmond","Gold Coast SUNS",25,"RK","Toby","Nankervis","CD_I298174"
6,"Marvel Stadium","Richmond","Gold Coast SUNS",13,"WL","Hugo","Ralphsmith","CD_I1011985"
6,"Marvel Stadium","Richmond","Gold Coast SUNS",17,"FPR","Maurice","Rioli","CD_I1009551"
6,"Marvel Stadium","Richmond","Gold Coast SUNS",5,"INT","Jack","Ross","CD_I1006133"
6,"Marvel Stadium","Richmond","Gold Coast SUNS",32,"INT","Samson","Ryan","CD_I1012386"
6,"Marvel Stadium","Richmond","Gold Coast SUNS",15,"CHB","Jayden","Short","CD_I992049"
6,"Marvel Stadium","Richmond","Gold Coast SUNS",14,"RR","Tim","Taranto","CD_I998172"
6,"Marvel Stadium","Richmond","Gold Coast SUNS",31,"SUB","Luke","Trainor","CD_I1028521"
6,"Marvel Stadium","Richmond","Gold Coast SUNS",36,"WR","James","Trezise","CD_I1031829"
6,"Marvel Stadium","Richmond","Gold Coast SUNS",1,"BPL","Nick","Vlastuin","CD_I294674"
6,"Marvel Stadium","Richmond","Gold Coast SUNS",9,"CHF","Ben","Ainsworth","CD_I998130"
6,"Marvel Stadium","Richmond","Gold Coast SUNS",15,"R","Noah","Anderson","CD_I1009199"
6,"Marvel Stadium","Richmond","Gold Coast SUNS",1,"CHB","Mac","Andrew","CD_I1017396"
6,"Marvel Stadium","Richmond","Gold Coast SUNS",35,"INT","Connor","Budarick","CD_I1008454"
6,"Marvel Stadium","Richmond","Gold Coast SUNS",25,"FB","Sam","Collins","CD_I295446"
6,"Marvel Stadium","Richmond","Gold Coast SUNS",3,"HFFL","Sam","Flanders","CD_I1009260"
6,"Marvel Stadium","Richmond","Gold Coast SUNS",26,"RR","Will","Graham","CD_I1026960"
6,"Marvel Stadium","Richmond","Gold Coast SUNS",7,"SUB","Nick","Holman","CD_I297456"
6,"Marvel Stadium","Richmond","Gold Coast SUNS",19,"FPR","Bailey","Humphrey","CD_I1023500"
6,"Marvel Stadium","Richmond","Gold Coast SUNS",40,"INT","Joel","Jeffrey","CD_I1005992"
6,"Marvel Stadium","Richmond","Gold Coast SUNS",34,"FF","Ben","King","CD_I1006144"
6,"Marvel Stadium","Richmond","Gold Coast SUNS",22,"HFFR","Ben","Long","CD_I993917"
6,"Marvel Stadium","Richmond","Gold Coast SUNS",11,"WR","Touk","Miller","CD_I298272"
6,"Marvel Stadium","Richmond","Gold Coast SUNS",2,"HBFL","John","Noble","CD_I1000072"
6,"Marvel Stadium","Richmond","Gold Coast SUNS",27,"BPL","Wil","Powell","CD_I1007881"
6,"Marvel Stadium","Richmond","Gold Coast SUNS",20,"FPL","Ethan","Read","CD_I1027033"
6,"Marvel Stadium","Richmond","Gold Coast SUNS",17,"HBFR","Daniel","Rioli","CD_I1000981"
6,"Marvel Stadium","Richmond","Gold Coast SUNS",29,"INT","Jake","Rogers","CD_I1018123"
6,"Marvel Stadium","Richmond","Gold Coast SUNS",18,"C","Matt","Rowell","CD_I1009208"
6,"Marvel Stadium","Richmond","Gold Coast SUNS",32,"BPR","Bodhi","Uwland","CD_I1017665"
6,"Marvel Stadium","Richmond","Gold Coast SUNS",4,"INT","Jed","Walter","CD_I1023736"
6,"Marvel Stadium","Richmond","Gold Coast SUNS",14,"WL","Lachie","Weller","CD_I298524"
6,"Marvel Stadium","Richmond","Gold Coast SUNS",28,"RK","Jarrod","Witts","CD_I291975"
6,"SCG","Sydney Swans","Port Adelaide",26,"INT","Riley","Bice","CD_I1008224"
6,"SCG","Sydney Swans","Port Adelaide",22,"CHB","Nick","Blakey","CD_I1006028"
6,"SCG","Sydney Swans","Port Adelaide",16,"FPR","Braeden","Campbell","CD_I1013133"
6,"SCG","Sydney Swans","Port Adelaide",33,"INT","Caiden","Cleary","CD_I1024057"
6,"SCG","Sydney Swans","Port Adelaide",13,"HFFL","Oliver","Florent","CD_I998103"
6,"SCG","Sydney Swans","Port Adelaide",10,"SUB","Aaron","Francis","CD_I990816"
6,"SCG","Sydney Swans","Port Adelaide",4,"RK","Brodie","Grundy","CD_I293957"
6,"SCG","Sydney Swans","Port Adelaide",29,"BPL","Joel","Hamling","CD_I295222"
6,"SCG","Sydney Swans","Port Adelaide",40,"INT","Tom","Hanily","CD_I1027687"
6,"SCG","Sydney Swans","Port Adelaide",9,"FPL","Will","Hayward","CD_I997100"
6,"SCG","Sydney Swans","Port Adelaide",5,"C","Isaac","Heeney","CD_I298539"
6,"SCG","Sydney Swans","Port Adelaide",17,"HFFR","James","Jordon","CD_I1013409"
6,"SCG","Sydney Swans","Port Adelaide",44,"WL","Jake","Lloyd","CD_I295342"
6,"SCG","Sydney Swans","Port Adelaide",30,"FF","Tom","McCartin","CD_I1008198"
6,"SCG","Sydney Swans","Port Adelaide",27,"WR","Justin","McInerney","CD_I1011936"
6,"SCG","Sydney Swans","Port Adelaide",2,"CHF","Hayden","McLean","CD_I1003203"
6,"SCG","Sydney Swans","Port Adelaide",43,"FB","Lewis","Melican","CD_I996743"
6,"SCG","Sydney Swans","Port Adelaide",24,"BPR","Dane","Rampe","CD_I290307"
6,"SCG","Sydney Swans","Port Adelaide",34,"HBFL","Matt","Roberts","CD_I1012210"
6,"SCG","Sydney Swans","Port Adelaide",8,"R","James","Rowbottom","CD_I1006126"
6,"SCG","Sydney Swans","Port Adelaide",1,"RR","Chad","Warner","CD_I1012014"
6,"SCG","Sydney Swans","Port Adelaide",37,"INT","Corey","Warner","CD_I1018424"
6,"SCG","Sydney Swans","Port Adelaide",15,"HBFR","Sam","Wicks","CD_I1006232"
6,"SCG","Sydney Swans","Port Adelaide",21,"FB","Aliir","Aliir","CD_I294469"
6,"SCG","Sydney Swans","Port Adelaide",32,"SUB","Rory","Atkins","CD_I294472"
6,"SCG","Sydney Swans","Port Adelaide",14,"HBFL","Miles","Bergman","CD_I1009191"
6,"SCG","Sydney Swans","Port Adelaide",10,"INT","Travis","Boak","CD_I250365"
6,"SCG","Sydney Swans","Port Adelaide",7,"WL","Jase","Burgoyne","CD_I1013462"
6,"SCG","Sydney Swans","Port Adelaide",9,"RR","Zak","Butters","CD_I1006121"
6,"SCG","Sydney Swans","Port Adelaide",33,"HFFL","Darcy","Byrne-Jones","CD_I991930"
6,"SCG","Sydney Swans","Port Adelaide",37,"INT","Tom","Cochrane","CD_I1022371"
6,"SCG","Sydney Swans","Port Adelaide",28,"C","Willem","Drew","CD_I1000972"
6,"SCG","Sydney Swans","Port Adelaide",6,"HBFR","Kane","Farrell","CD_I1002253"
6,"SCG","Sydney Swans","Port Adelaide",19,"FF","Mitch","Georgiades","CD_I1010174"
6,"SCG","Sydney Swans","Port Adelaide",18,"R","Jason","Horne-Francis","CD_I1011640"
6,"SCG","Sydney Swans","Port Adelaide",34,"BPR","Lachie","Jones","CD_I1011583"
6,"SCG","Sydney Swans","Port Adelaide",30,"FPR","Ollie","Lord","CD_I1012881"
6,"SCG","Sydney Swans","Port Adelaide",44,"CHF","Jackson","Mead","CD_I1005326"
6,"SCG","Sydney Swans","Port Adelaide",31,"WR","Christian","Moraes","CD_I1028563"
6,"SCG","Sydney Swans","Port Adelaide",2,"FPL","Sam","Powell-Pepper","CD_I993979"
6,"SCG","Sydney Swans","Port Adelaide",27,"BPL","Esava","Ratugolea","CD_I1002220"
6,"SCG","Sydney Swans","Port Adelaide",15,"HFFR","Willie","Rioli","CD_I296225"
6,"SCG","Sydney Swans","Port Adelaide",1,"CHB","Connor","Rozee","CD_I1001299"
6,"SCG","Sydney Swans","Port Adelaide",8,"INT","Josh","Sinn","CD_I1017078"
6,"SCG","Sydney Swans","Port Adelaide",24,"RK","Jordon","Sweet","CD_I992330"
6,"SCG","Sydney Swans","Port Adelaide",16,"INT","Ollie","Wines","CD_I294318"
6,"Marvel Stadium","Western Bulldogs","St Kilda",4,"RR","Marcus","Bontempelli","CD_I297373"
6,"Marvel Stadium","Western Bulldogs","St Kilda",29,"BPR","Lachlan","Bramble","CD_I1000864"
6,"Marvel Stadium","Western Bulldogs","St Kilda",36,"INT","Luke","Cleary","CD_I1015929"
6,"Marvel Stadium","Western Bulldogs","St Kilda",31,"HBFR","Bailey","Dale","CD_I996708"
6,"Marvel Stadium","Western Bulldogs","St Kilda",10,"FF","Sam","Darcy","CD_I1017126"
6,"Marvel Stadium","Western Bulldogs","St Kilda",42,"INT","Sam","Davidson","CD_I1036123"
6,"Marvel Stadium","Western Bulldogs","St Kilda",26,"INT","Josh","Dolan","CD_I1034235"
6,"Marvel Stadium","Western Bulldogs","St Kilda",44,"RK","Tim","English","CD_I1004592"
6,"Marvel Stadium","Western Bulldogs","St Kilda",27,"WR","Joel","Freijah","CD_I1027704"
6,"Marvel Stadium","Western Bulldogs","St Kilda",6,"SUB","Cooper","Hynes","CD_I1029456"
6,"Marvel Stadium","Western Bulldogs","St Kilda",39,"HBFL","Jason","Johannisen","CD_I294101"
6,"Marvel Stadium","Western Bulldogs","St Kilda",19,"FB","Liam","Jones","CD_I281078"
6,"Marvel Stadium","Western Bulldogs","St Kilda",8,"R","Matthew","Kennedy","CD_I1001398"
6,"Marvel Stadium","Western Bulldogs","St Kilda",24,"BPL","Buku","Khamis","CD_I998782"
6,"Marvel Stadium","Western Bulldogs","St Kilda",21,"HFFR","Tom","Liberatore","CD_I290799"
6,"Marvel Stadium","Western Bulldogs","St Kilda",7,"CHB","Rory","Lobb","CD_I990740"
6,"Marvel Stadium","Western Bulldogs","St Kilda",30,"HFFL","Lachlan","McNeil","CD_I1009015"
6,"Marvel Stadium","Western Bulldogs","St Kilda",33,"CHF","Aaron","Naughton","CD_I1002404"
6,"Marvel Stadium","Western Bulldogs","St Kilda",18,"FPL","James","O'Donnell","CD_I1032966"
6,"Marvel Stadium","Western Bulldogs","St Kilda",20,"C","Ed","Richards","CD_I1008280"
6,"Marvel Stadium","Western Bulldogs","St Kilda",9,"INT","Ryley","Sanders","CD_I1017939"
6,"Marvel Stadium","Western Bulldogs","St Kilda",14,"FPR","Rhylee","West","CD_I1006127"
6,"Marvel Stadium","Western Bulldogs","St Kilda",34,"WL","Bailey","Williams","CD_I992351"
6,"Marvel Stadium","Western Bulldogs","St Kilda",13,"HBFL","Ryan","Byrnes","CD_I1011994"
6,"Marvel Stadium","Western Bulldogs","St Kilda",47,"FF","Anthony","Caminiti","CD_I1023784"
6,"Marvel Stadium","Western Bulldogs","St Kilda",4,"INT","Lance","Collard","CD_I1017959"
6,"Marvel Stadium","Western Bulldogs","St Kilda",34,"INT","Hugo","Garcia","CD_I1027790"
6,"Marvel Stadium","Western Bulldogs","St Kilda",40,"HFFL","Max","Hall","CD_I1020855"
6,"Marvel Stadium","Western Bulldogs","St Kilda",23,"INT","Liam","Henry","CD_I1005988"
6,"Marvel Stadium","Western Bulldogs","St Kilda",1,"FPR","Jack","Higgins","CD_I1002227"
6,"Marvel Stadium","Western Bulldogs","St Kilda",8,"WL","Bradley","Hill","CD_I295584"
6,"Marvel Stadium","Western Bulldogs","St Kilda",3,"SUB","Zak","Jones","CD_I991988"
6,"Marvel Stadium","Western Bulldogs","St Kilda",6,"RR","Jack","Macrae","CD_I295467"
6,"Marvel Stadium","Western Bulldogs","St Kilda",19,"RK","Rowan","Marshall","CD_I992468"
6,"Marvel Stadium","Western Bulldogs","St Kilda",10,"HFFR","Mitch","Owens","CD_I1023272"
6,"Marvel Stadium","Western Bulldogs","St Kilda",27,"BPL","Arie","Schoenmaker","CD_I1024279"
6,"Marvel Stadium","Western Bulldogs","St Kilda",43,"FPL","Cooper","Sharman","CD_I1018018"
6,"Marvel Stadium","Western Bulldogs","St Kilda",35,"C","Jack","Sinclair","CD_I994389"
6,"Marvel Stadium","Western Bulldogs","St Kilda",9,"R","Jack","Steele","CD_I296205"
6,"Marvel Stadium","Western Bulldogs","St Kilda",14,"INT","Liam","Stocker","CD_I1008312"
6,"Marvel Stadium","Western Bulldogs","St Kilda",7,"CHB","Nasiah","Wanganeen-Milera","CD_I1015507"
6,"Marvel Stadium","Western Bulldogs","St Kilda",29,"BPR","Jimmy","Webster","CD_I290757"
6,"Marvel Stadium","Western Bulldogs","St Kilda",44,"FB","Callum","Wilkie","CD_I296422"
6,"Marvel Stadium","Western Bulldogs","St Kilda",22,"CHF","Darcy","Wilson","CD_I1027875"
6,"Marvel Stadium","Western Bulldogs","St Kilda",2,"HBFR","Marcus","Windhager","CD_I1023270"
6,"Marvel Stadium","Western Bulldogs","St Kilda",32,"WR","Mason","Wood","CD_I295340"
6,"MCG","Geelong Cats","Hawthorn",30,"R","Tom","Atkins","CD_I994386"
6,"MCG","Geelong Cats","Hawthorn",46,"WR","Mark","Blicavs","CD_I296733"
6,"MCG","Geelong Cats","Hawthorn",12,"INT","Jack","Bowes","CD_I998260"
6,"MCG","Geelong Cats","Hawthorn",5,"FF","Jeremy","Cameron","CD_I293845"
6,"MCG","Geelong Cats","Hawthorn",40,"SUB","Ted","Clohesy","CD_I1023542"
6,"MCG","Geelong Cats","Hawthorn",45,"HFFL","Brad","Close","CD_I999326"
6,"MCG","Geelong Cats","Hawthorn",35,"C","Patrick","Dangerfield","CD_I270917"
6,"MCG","Geelong Cats","Hawthorn",16,"FB","Sam","De Koning","CD_I1009229"
6,"MCG","Geelong Cats","Hawthorn",28,"INT","Oliver","Dempsey","CD_I1025034"
6,"MCG","Geelong Cats","Hawthorn",39,"HBFR","Zach","Guthrie","CD_I1004870"
6,"MCG","Geelong Cats","Hawthorn",36,"CHF","Oliver","Henry","CD_I1012860"
6,"MCG","Geelong Cats","Hawthorn",9,"RR","Max","Holmes","CD_I1015889"
6,"MCG","Geelong Cats","Hawthorn",17,"HBFL","Lawson","Humphries","CD_I1013464"
6,"MCG","Geelong Cats","Hawthorn",10,"INT","Mitch","Knevitt","CD_I1021103"
6,"MCG","Geelong Cats","Hawthorn",7,"HFFR","Shaun","Mannagh","CD_I993878"
6,"MCG","Geelong Cats","Hawthorn",32,"FPR","Gryan","Miers","CD_I1004938"
6,"MCG","Geelong Cats","Hawthorn",33,"FPL","Shannon","Neale","CD_I1016433"
6,"MCG","Geelong Cats","Hawthorn",42,"BPR","Mark","O'Connor","CD_I1007102"
6,"MCG","Geelong Cats","Hawthorn",14,"BPL","Connor","O'Sullivan","CD_I1027877"
6,"MCG","Geelong Cats","Hawthorn",3,"WL","Bailey","Smith","CD_I1006130"
6,"MCG","Geelong Cats","Hawthorn",1,"RK","Rhys","Stanley","CD_I280317"
6,"MCG","Geelong Cats","Hawthorn",18,"INT","Tyson","Stengle","CD_I997230"
6,"MCG","Geelong Cats","Hawthorn",44,"CHB","Tom","Stewart","CD_I291800"
6,"MCG","Geelong Cats","Hawthorn",10,"WL","Karl","Amon","CD_I297354"
6,"MCG","Geelong Cats","Hawthorn",37,"BPL","Tom","Barrass","CD_I990290"
6,"MCG","Geelong Cats","Hawthorn",24,"HBFL","Josh","Battle","CD_I998134"
6,"MCG","Geelong Cats","Hawthorn",22,"INT","Luke","Breust","CD_I280744"
6,"MCG","Geelong Cats","Hawthorn",18,"FF","Mabior","Chol","CD_I994077"
6,"MCG","Geelong Cats","Hawthorn",16,"WR","Massimo","D'Ambrosio","CD_I1005144"
6,"MCG","Geelong Cats","Hawthorn",19,"FPL","Jack","Gunston","CD_I291351"
6,"MCG","Geelong Cats","Hawthorn",15,"FB","Blake","Hardwick","CD_I993794"
6,"MCG","Geelong Cats","Hawthorn",4,"CHB","Jarman","Impey","CD_I296254"
6,"MCG","Geelong Cats","Hawthorn",9,"SUB","Changkuoth","Jiath","CD_I998390"
6,"MCG","Geelong Cats","Hawthorn",31,"HFFR","Connor","Macdonald","CD_I1017094"
6,"MCG","Geelong Cats","Hawthorn",28,"C","Cam","Mackenzie","CD_I1023482"
6,"MCG","Geelong Cats","Hawthorn",17,"RK","Lloyd","Meek","CD_I1000980"
6,"MCG","Geelong Cats","Hawthorn",13,"FPR","Dylan","Moore","CD_I1006314"
6,"MCG","Geelong Cats","Hawthorn",1,"HFFL","Harry","Morrison","CD_I1000963"
6,"MCG","Geelong Cats","Hawthorn",11,"INT","Conor","Nash","CD_I1007124"
6,"MCG","Geelong Cats","Hawthorn",3,"RR","Jai","Newcombe","CD_I1020895"
6,"MCG","Geelong Cats","Hawthorn",14,"INT","Jack","Scrimshaw","CD_I998114"
6,"MCG","Geelong Cats","Hawthorn",6,"BPR","James","Sicily","CD_I297566"
6,"MCG","Geelong Cats","Hawthorn",25,"INT","Josh","Ward","CD_I1017110"
6,"MCG","Geelong Cats","Hawthorn",34,"CHF","Nick","Watson","CD_I1023473"
6,"MCG","Geelong Cats","Hawthorn",23,"HBFR","Josh","Weddle","CD_I1027935"
6,"MCG","Geelong Cats","Hawthorn",5,"R","James","Worpel","CD_I1002222"
7,"MCG","Melbourne","Richmond",17,"BPL","Jake","Bowey","CD_I1012825"
7,"MCG","Melbourne","Richmond",37,"INT","Kade","Chandler","CD_I1005330"
7,"MCG","Melbourne","Richmond",31,"INT","Bayley","Fritsch","CD_I1001438"
7,"MCG","Melbourne","Richmond",33,"FF","Tom","Fullarton","CD_I1013532"
7,"MCG","Melbourne","Richmond",11,"RK","Max","Gawn","CD_I290528"
7,"MCG","Melbourne","Richmond",15,"HFFR","Ed","Langdon","CD_I298264"
7,"MCG","Melbourne","Richmond",19,"R","Harvey","Langford","CD_I1028546"
7,"MCG","Melbourne","Richmond",20,"WR","Xavier","Lindsay","CD_I1028531"
7,"MCG","Melbourne","Richmond",1,"FB","Steven","May","CD_I281085"
7,"MCG","Melbourne","Richmond",25,"CHB","Tom","McDonald","CD_I291533"
7,"MCG","Melbourne","Richmond",4,"HBFL","Judd","McVee","CD_I1017703"
7,"MCG","Melbourne","Richmond",13,"INT","Clayton","Oliver","CD_I996701"
7,"MCG","Melbourne","Richmond",5,"RR","Christian","Petracca","CD_I298210"
7,"MCG","Melbourne","Richmond",35,"BPR","Harrison","Petty","CD_I1008893"
7,"MCG","Melbourne","Richmond",36,"CHF","Kysaiah","Pickett","CD_I1008541"
7,"MCG","Melbourne","Richmond",24,"HBFR","Trent","Rivers","CD_I1009378"
7,"MCG","Melbourne","Richmond",3,"INT","Christian","Salem","CD_I296359"
7,"MCG","Melbourne","Richmond",30,"SUB","Harry","Sharp","CD_I1007099"
7,"MCG","Melbourne","Richmond",9,"FPR","Charlie","Spargo","CD_I1002282"
7,"MCG","Melbourne","Richmond",32,"HFFL","Tom","Sparrow","CD_I999391"
7,"MCG","Melbourne","Richmond",12,"FPL","Koltyn","Tholstrup","CD_I1023640"
7,"MCG","Melbourne","Richmond",7,"C","Jack","Viney","CD_I291902"
7,"MCG","Melbourne","Richmond",6,"WL","Caleb","Windsor","CD_I1027821"
7,"MCG","Melbourne","Richmond",41,"INT","Sam","Banks","CD_I1013197"
7,"MCG","Melbourne","Richmond",35,"HBFR","Nathan","Broad","CD_I295203"
7,"MCG","Melbourne","Richmond",30,"SUB","Tom","Brown","CD_I1017086"
7,"MCG","Melbourne","Richmond",44,"HFFR","Seth","Campbell","CD_I1023275"
7,"MCG","Melbourne","Richmond",27,"INT","Thomson","Dow","CD_I1009226"
7,"MCG","Melbourne","Richmond",26,"FPL","Jonty","Faull","CD_I1028498"
7,"MCG","Melbourne","Richmond",50,"BPL","Campbell","Gray","CD_I1036103"
7,"MCG","Melbourne","Richmond",48,"HFFL","Steely","Green","CD_I1023056"
7,"MCG","Melbourne","Richmond",2,"R","Jacob","Hopper","CD_I993903"
7,"MCG","Melbourne","Richmond",22,"C","Sam","Lalor","CD_I1028491"
7,"MCG","Melbourne","Richmond",19,"FF","Tom","Lynch","CD_I293813"
7,"MCG","Melbourne","Richmond",7,"FPR","Rhyan","Mansell","CD_I1008478"
7,"MCG","Melbourne","Richmond",33,"CHF","Kamdyn","McIntosh","CD_I294592"
7,"MCG","Melbourne","Richmond",12,"FB","Ben","Miller","CD_I1002403"
7,"MCG","Melbourne","Richmond",25,"RK","Toby","Nankervis","CD_I298174"
7,"MCG","Melbourne","Richmond",13,"WL","Hugo","Ralphsmith","CD_I1011985"
7,"MCG","Melbourne","Richmond",17,"INT","Maurice","Rioli","CD_I1009551"
7,"MCG","Melbourne","Richmond",5,"INT","Jack","Ross","CD_I1006133"
7,"MCG","Melbourne","Richmond",15,"CHB","Jayden","Short","CD_I992049"
7,"MCG","Melbourne","Richmond",14,"RR","Tim","Taranto","CD_I998172"
7,"MCG","Melbourne","Richmond",31,"HBFL","Luke","Trainor","CD_I1028521"
7,"MCG","Melbourne","Richmond",36,"WR","James","Trezise","CD_I1031829"
7,"MCG","Melbourne","Richmond",1,"BPR","Nick","Vlastuin","CD_I294674"
7,"MCG","Collingwood","Essendon",14,"RK","Darcy","Cameron","CD_I990291"
7,"MCG","Collingwood","Essendon",25,"WL","Jack","Crisp","CD_I293871"
7,"MCG","Collingwood","Essendon",7,"HBFR","Josh","Daicos","CD_I1005054"
7,"MCG","Collingwood","Essendon",35,"R","Nick","Daicos","CD_I1023261"
7,"MCG","Collingwood","Essendon",2,"HFFR","Jordan","De Goey","CD_I994185"
7,"MCG","Collingwood","Essendon",5,"INT","Jamie","Elliott","CD_I293801"
7,"MCG","Collingwood","Essendon",17,"CHB","Billy","Frampton","CD_I991773"
7,"MCG","Collingwood","Essendon",23,"HFFL","Bobby","Hill","CD_I1006148"
7,"MCG","Collingwood","Essendon",32,"INT","Will","Hoskin-Elliott","CD_I291720"
7,"MCG","Collingwood","Essendon",9,"BPR","Dan","Houston","CD_I994295"
7,"MCG","Collingwood","Essendon",38,"FB","Jeremy","Howe","CD_I291313"
7,"MCG","Collingwood","Essendon",1,"WR","Patrick","Lipinski","CD_I1003130"
7,"MCG","Collingwood","Essendon",44,"INT","Ned","Long","CD_I1017124"
7,"MCG","Collingwood","Essendon",4,"BPL","Brayden","Maynard","CD_I992010"
7,"MCG","Collingwood","Essendon",31,"FPL","Beau","McCreery","CD_I1004757"
7,"MCG","Collingwood","Essendon",11,"FF","Daniel","McStay","CD_I297504"
7,"MCG","Collingwood","Essendon",28,"CHF","Tim","Membrey","CD_I294596"
7,"MCG","Collingwood","Essendon",41,"FPR","Brody","Mihocek","CD_I291849"
7,"MCG","Collingwood","Essendon",10,"C","Scott","Pendlebury","CD_I260257"
7,"MCG","Collingwood","Essendon",12,"INT","Harry","Perryman","CD_I998205"
7,"MCG","Collingwood","Essendon",3,"HBFL","Isaac","Quaynor","CD_I1008089"
7,"MCG","Collingwood","Essendon",22,"RR","Steele","Sidebottom","CD_I280965"
7,"MCG","Collingwood","Essendon",33,"SUB","Lachlan","Sullivan","CD_I998480"
7,"MCG","Collingwood","Essendon",30,"INT","Nate","Caddy","CD_I1027899"
7,"MCG","Collingwood","Essendon",22,"R","Sam","Durham","CD_I1015810"
7,"MCG","Collingwood","Essendon",28,"INT","Xavier","Duursma","CD_I1006096"
7,"MCG","Collingwood","Essendon",17,"RK","Todd","Goldstein","CD_I271129"
7,"MCG","Collingwood","Essendon",11,"HFFL","Jade","Gresham","CD_I298421"
7,"MCG","Collingwood","Essendon",8,"CHF","Ben","Hobbs","CD_I1017088"
7,"MCG","Collingwood","Essendon",23,"WL","Harrison","Jones","CD_I1011755"
7,"MCG","Collingwood","Essendon",10,"FPR","Isaac","Kako","CD_I1028554"
7,"MCG","Collingwood","Essendon",4,"FPL","Kyle","Langford","CD_I298630"
7,"MCG","Collingwood","Essendon",37,"HFFR","Nic","Martin","CD_I1012013"
7,"MCG","Collingwood","Essendon",1,"BPL","Andrew","McGrath","CD_I998102"
7,"MCG","Collingwood","Essendon",32,"FB","Ben","McKay","CD_I1002143"
7,"MCG","Collingwood","Essendon",29,"SUB","Jye","Menzie","CD_I1013201"
7,"MCG","Collingwood","Essendon",7,"RR","Zach","Merrett","CD_I992016"
7,"MCG","Collingwood","Essendon",16,"INT","Archie","Perkins","CD_I1015873"
7,"MCG","Collingwood","Essendon",25,"HBFR","Jaxon","Prior","CD_I1009386"
7,"MCG","Collingwood","Essendon",27,"HBFL","Mason","Redman","CD_I997078"
7,"MCG","Collingwood","Essendon",31,"CHB","Zach","Reid","CD_I1012817"
7,"MCG","Collingwood","Essendon",14,"BPR","Jordan","Ridley","CD_I1001026"
7,"MCG","Collingwood","Essendon",21,"WR","Archie","Roberts","CD_I1023515"
7,"MCG","Collingwood","Essendon",12,"INT","Will","Setterfield","CD_I998215"
7,"MCG","Collingwood","Essendon",9,"C","Dylan","Shiel","CD_I291783"
7,"MCG","Collingwood","Essendon",20,"FF","Peter","Wright","CD_I298289"
7,"Optus Stadium","Fremantle","Adelaide Crows",24,"FPR","Jye","Amiss","CD_I1020594"
7,"Optus Stadium","Fremantle","Adelaide Crows",15,"HFFR","Shai","Bolton","CD_I993993"
7,"Optus Stadium","Fremantle","Adelaide Crows",8,"R","Andrew","Brayshaw","CD_I1002232"
7,"Optus Stadium","Fremantle","Adelaide Crows",5,"INT","Heath","Chapman","CD_I1013224"
7,"Optus Stadium","Fremantle","Adelaide Crows",6,"HBFR","Jordan","Clark","CD_I1006152"
7,"Optus Stadium","Fremantle","Adelaide Crows",36,"BPR","Brennan","Cox","CD_I997033"
7,"Optus Stadium","Fremantle","Adelaide Crows",4,"RK","Sean","Darcy","CD_I998145"
7,"Optus Stadium","Fremantle","Adelaide Crows",37,"CHB","Joshua","Draper","CD_I1020668"
7,"Optus Stadium","Fremantle","Adelaide Crows",43,"INT","Isaiah","Dudley","CD_I1011558"
7,"Optus Stadium","Fremantle","Adelaide Crows",32,"HFFL","Michael","Frederick","CD_I999321"
7,"Optus Stadium","Fremantle","Adelaide Crows",44,"WR","Matthew","Johnson","CD_I1016825"
7,"Optus Stadium","Fremantle","Adelaide Crows",21,"FPL","Oscar","McDonald","CD_I992472"
7,"Optus Stadium","Fremantle","Adelaide Crows",19,"SUB","Quinton","Narkle","CD_I999824"
7,"Optus Stadium","Fremantle","Adelaide Crows",25,"FB","Alex","Pearce","CD_I298409"
7,"Optus Stadium","Fremantle","Adelaide Crows",16,"INT","Murphy","Reid","CD_I1028513"
7,"Optus Stadium","Fremantle","Adelaide Crows",13,"BPL","Luke","Ryan","CD_I998659"
7,"Optus Stadium","Fremantle","Adelaide Crows",3,"RR","Caleb","Serong","CD_I1009420"
7,"Optus Stadium","Fremantle","Adelaide Crows",14,"WL","Jeremy","Sharp","CD_I1009380"
7,"Optus Stadium","Fremantle","Adelaide Crows",39,"CHF","Sam","Switkowski","CD_I992059"
7,"Optus Stadium","Fremantle","Adelaide Crows",35,"FF","Josh","Treacy","CD_I1012819"
7,"Optus Stadium","Fremantle","Adelaide Crows",34,"INT","Corey","Wagner","CD_I993940"
7,"Optus Stadium","Fremantle","Adelaide Crows",23,"HBFL","Karl","Worner","CD_I1021015"
7,"Optus Stadium","Fremantle","Adelaide Crows",26,"C","Hayden","Young","CD_I1009256"
7,"Optus Stadium","Fremantle","Adelaide Crows",5,"INT","Matt","Crouch","CD_I297401"
7,"Optus Stadium","Fremantle","Adelaide Crows",44,"WL","Isaac","Cumming","CD_I1001396"
7,"Optus Stadium","Fremantle","Adelaide Crows",6,"WR","Daniel","Curtin","CD_I1024023"
7,"Optus Stadium","Fremantle","Adelaide Crows",12,"C","Jordan","Dawson","CD_I992242"
7,"Optus Stadium","Fremantle","Adelaide Crows",34,"SUB","Sid","Draper","CD_I1022607"
7,"Optus Stadium","Fremantle","Adelaide Crows",20,"INT","Mitchell","Hinge","CD_I1004863"
7,"Optus Stadium","Fremantle","Adelaide Crows",48,"CHB","Mark","Keane","CD_I1013974"
7,"Optus Stadium","Fremantle","Adelaide Crows",2,"HFFL","Ben","Keays","CD_I993946"
7,"Optus Stadium","Fremantle","Adelaide Crows",29,"BPR","Rory","Laird","CD_I293222"
7,"Optus Stadium","Fremantle","Adelaide Crows",16,"HBFR","Max","Michalanney","CD_I1015370"
7,"Optus Stadium","Fremantle","Adelaide Crows",30,"HBFL","Wayne","Milera","CD_I990882"
7,"Optus Stadium","Fremantle","Adelaide Crows",9,"FB","Nick","Murray","CD_I1008230"
7,"Optus Stadium","Fremantle","Adelaide Crows",27,"HFFR","Luke","Nankervis","CD_I1021031"
7,"Optus Stadium","Fremantle","Adelaide Crows",28,"FPR","Alex","Neal-Bullen","CD_I296420"
7,"Optus Stadium","Fremantle","Adelaide Crows",43,"RK","Reilly","O'Brien","CD_I297523"
7,"Optus Stadium","Fremantle","Adelaide Crows",25,"FPL","James","Peatling","CD_I1006013"
7,"Optus Stadium","Fremantle","Adelaide Crows",8,"INT","Josh","Rachele","CD_I1017051"
7,"Optus Stadium","Fremantle","Adelaide Crows",23,"R","Izak","Rankine","CD_I1001195"
7,"Optus Stadium","Fremantle","Adelaide Crows",14,"RR","Jake","Soligo","CD_I1017109"
7,"Optus Stadium","Fremantle","Adelaide Crows",19,"INT","Zac","Taylor","CD_I1017065"
7,"Optus Stadium","Fremantle","Adelaide Crows",7,"CHF","Riley","Thilthorpe","CD_I1008384"
7,"Optus Stadium","Fremantle","Adelaide Crows",13,"FF","Taylor","Walker","CD_I280506"
7,"Optus Stadium","Fremantle","Adelaide Crows",24,"BPL","Josh","Worrell","CD_I1011981"
7,"Marvel Stadium","St Kilda","Brisbane Lions",13,"HBFL","Ryan","Byrnes","CD_I1011994"
7,"Marvel Stadium","St Kilda","Brisbane Lions",47,"FF","Anthony","Caminiti","CD_I1023784"
7,"Marvel Stadium","St Kilda","Brisbane Lions",4,"FPR","Lance","Collard","CD_I1017959"
7,"Marvel Stadium","St Kilda","Brisbane Lions",34,"INT","Hugo","Garcia","CD_I1027790"
7,"Marvel Stadium","St Kilda","Brisbane Lions",40,"INT","Max","Hall","CD_I1020855"
7,"Marvel Stadium","St Kilda","Brisbane Lions",1,"HFFL","Jack","Higgins","CD_I1002227"
7,"Marvel Stadium","St Kilda","Brisbane Lions",8,"CHF","Bradley","Hill","CD_I295584"
7,"Marvel Stadium","St Kilda","Brisbane Lions",20,"BPL","Dougal","Howard","CD_I993480"
7,"Marvel Stadium","St Kilda","Brisbane Lions",3,"SUB","Zak","Jones","CD_I991988"
7,"Marvel Stadium","St Kilda","Brisbane Lions",17,"INT","Isaac","Keeler","CD_I1015323"
7,"Marvel Stadium","St Kilda","Brisbane Lions",6,"RR","Jack","Macrae","CD_I295467"
7,"Marvel Stadium","St Kilda","Brisbane Lions",19,"RK","Rowan","Marshall","CD_I992468"
7,"Marvel Stadium","St Kilda","Brisbane Lions",10,"HFFR","Mitch","Owens","CD_I1023272"
7,"Marvel Stadium","St Kilda","Brisbane Lions",43,"FPL","Cooper","Sharman","CD_I1018018"
7,"Marvel Stadium","St Kilda","Brisbane Lions",35,"HBFR","Jack","Sinclair","CD_I994389"
7,"Marvel Stadium","St Kilda","Brisbane Lions",9,"R","Jack","Steele","CD_I296205"
7,"Marvel Stadium","St Kilda","Brisbane Lions",14,"C","Liam","Stocker","CD_I1008312"
7,"Marvel Stadium","St Kilda","Brisbane Lions",7,"CHB","Nasiah","Wanganeen-Milera","CD_I1015507"
7,"Marvel Stadium","St Kilda","Brisbane Lions",29,"INT","Jimmy","Webster","CD_I290757"
7,"Marvel Stadium","St Kilda","Brisbane Lions",44,"FB","Callum","Wilkie","CD_I296422"
7,"Marvel Stadium","St Kilda","Brisbane Lions",22,"WL","Darcy","Wilson","CD_I1027875"
7,"Marvel Stadium","St Kilda","Brisbane Lions",2,"BPR","Marcus","Windhager","CD_I1023270"
7,"Marvel Stadium","St Kilda","Brisbane Lions",32,"WR","Mason","Wood","CD_I295340"
7,"Marvel Stadium","St Kilda","Brisbane Lions",4,"WL","Callum","Ah Chee","CD_I298437"
7,"Marvel Stadium","St Kilda","Brisbane Lions",31,"CHB","Harris","Andrews","CD_I996059"
7,"Marvel Stadium","St Kilda","Brisbane Lions",43,"HBFL","Noah","Answerth","CD_I1005053"
7,"Marvel Stadium","St Kilda","Brisbane Lions",10,"INT","Levi","Ashcroft","CD_I1028560"
7,"Marvel Stadium","St Kilda","Brisbane Lions",8,"INT","Will","Ashcroft","CD_I1023517"
7,"Marvel Stadium","St Kilda","Brisbane Lions",33,"C","Zac","Bailey","CD_I1002312"
7,"Marvel Stadium","St Kilda","Brisbane Lions",7,"WR","Jarrod","Berry","CD_I998133"
7,"Marvel Stadium","St Kilda","Brisbane Lions",23,"HFFL","Charlie","Cameron","CD_I990609"
7,"Marvel Stadium","St Kilda","Brisbane Lions",14,"FF","Sam","Day","CD_I291753"
7,"Marvel Stadium","St Kilda","Brisbane Lions",5,"RR","Josh","Dunkley","CD_I993834"
7,"Marvel Stadium","St Kilda","Brisbane Lions",3,"INT","Jaspa","Fletcher","CD_I1023708"
7,"Marvel Stadium","St Kilda","Brisbane Lions",27,"FB","Darcy","Gardiner","CD_I296269"
7,"Marvel Stadium","St Kilda","Brisbane Lions",30,"CHF","Eric","Hipwood","CD_I993953"
7,"Marvel Stadium","St Kilda","Brisbane Lions",35,"BPR","Ryan","Lester","CD_I291548"
7,"Marvel Stadium","St Kilda","Brisbane Lions",1,"INT","Kai","Lohmann","CD_I1014026"
7,"Marvel Stadium","St Kilda","Brisbane Lions",6,"HFFR","Hugh","McCluggage","CD_I1000978"
7,"Marvel Stadium","St Kilda","Brisbane Lions",46,"RK","Oscar","McInerney","CD_I1005521"
7,"Marvel Stadium","St Kilda","Brisbane Lions",13,"FPR","Logan","Morris","CD_I1028019"
7,"Marvel Stadium","St Kilda","Brisbane Lions",9,"R","Lachie","Neale","CD_I293535"
7,"Marvel Stadium","St Kilda","Brisbane Lions",16,"FPL","Cam","Rayner","CD_I1002235"
7,"Marvel Stadium","St Kilda","Brisbane Lions",29,"SUB","James","Tunstill","CD_I1021108"
7,"Marvel Stadium","St Kilda","Brisbane Lions",44,"HBFR","Darcy","Wilmot","CD_I1017067"
7,"Marvel Stadium","St Kilda","Brisbane Lions",15,"BPL","Dayne","Zorko","CD_I261224"
7,"Adelaide Oval","Port Adelaide","North Melbourne",21,"FB","Aliir","Aliir","CD_I294469"
7,"Adelaide Oval","Port Adelaide","North Melbourne",14,"HBFL","Miles","Bergman","CD_I1009191"
7,"Adelaide Oval","Port Adelaide","North Melbourne",5,"INT","Joe","Berry","CD_I1028529"
7,"Adelaide Oval","Port Adelaide","North Melbourne",7,"WL","Jase","Burgoyne","CD_I1013462"
7,"Adelaide Oval","Port Adelaide","North Melbourne",9,"RR","Zak","Butters","CD_I1006121"
7,"Adelaide Oval","Port Adelaide","North Melbourne",33,"FPL","Darcy","Byrne-Jones","CD_I991930"
7,"Adelaide Oval","Port Adelaide","North Melbourne",28,"INT","Willem","Drew","CD_I1000972"
7,"Adelaide Oval","Port Adelaide","North Melbourne",6,"HBFR","Kane","Farrell","CD_I1002253"
7,"Adelaide Oval","Port Adelaide","North Melbourne",11,"SUB","Jeremy","Finlayson","CD_I298111"
7,"Adelaide Oval","Port Adelaide","North Melbourne",19,"FF","Mitch","Georgiades","CD_I1010174"
7,"Adelaide Oval","Port Adelaide","North Melbourne",18,"R","Jason","Horne-Francis","CD_I1011640"
7,"Adelaide Oval","Port Adelaide","North Melbourne",34,"BPR","Lachie","Jones","CD_I1011583"
7,"Adelaide Oval","Port Adelaide","North Melbourne",30,"FPR","Ollie","Lord","CD_I1012881"
7,"Adelaide Oval","Port Adelaide","North Melbourne",44,"CHF","Jackson","Mead","CD_I1005326"
7,"Adelaide Oval","Port Adelaide","North Melbourne",31,"WR","Christian","Moraes","CD_I1028563"
7,"Adelaide Oval","Port Adelaide","North Melbourne",2,"INT","Sam","Powell-Pepper","CD_I993979"
7,"Adelaide Oval","Port Adelaide","North Melbourne",27,"BPL","Esava","Ratugolea","CD_I1002220"
7,"Adelaide Oval","Port Adelaide","North Melbourne",35,"HFFL","Joe","Richards","CD_I1008239"
7,"Adelaide Oval","Port Adelaide","North Melbourne",15,"HFFR","Willie","Rioli","CD_I296225"
7,"Adelaide Oval","Port Adelaide","North Melbourne",1,"CHB","Connor","Rozee","CD_I1001299"
7,"Adelaide Oval","Port Adelaide","North Melbourne",8,"INT","Josh","Sinn","CD_I1017078"
7,"Adelaide Oval","Port Adelaide","North Melbourne",24,"RK","Jordon","Sweet","CD_I992330"
7,"Adelaide Oval","Port Adelaide","North Melbourne",16,"C","Ollie","Wines","CD_I294318"
7,"Adelaide Oval","Port Adelaide","North Melbourne",34,"BPR","Jackson","Archer","CD_I1020968"
7,"Adelaide Oval","Port Adelaide","North Melbourne",30,"BPL","Charlie","Comben","CD_I1015781"
7,"Adelaide Oval","Port Adelaide","North Melbourne",25,"HFFL","Paul","Curtis","CD_I1002947"
7,"Adelaide Oval","Port Adelaide","North Melbourne",5,"CHB","Caleb","Daniel","CD_I295136"
7,"Adelaide Oval","Port Adelaide","North Melbourne",28,"FF","Jack","Darling","CD_I290838"
7,"Adelaide Oval","Port Adelaide","North Melbourne",9,"C","Luke","Davies-Uniacke","CD_I1002267"
7,"Adelaide Oval","Port Adelaide","North Melbourne",42,"FB","Kallan","Dawson","CD_I1012144"
7,"Adelaide Oval","Port Adelaide","North Melbourne",7,"SUB","Zane","Duursma","CD_I1023494"
7,"Adelaide Oval","Port Adelaide","North Melbourne",17,"INT","Riley","Hardeman","CD_I1023625"
7,"Adelaide Oval","Port Adelaide","North Melbourne",41,"INT","Jacob","Konstanty","CD_I1023530"
7,"Adelaide Oval","Port Adelaide","North Melbourne",20,"CHF","Nick","Larkey","CD_I1001017"
7,"Adelaide Oval","Port Adelaide","North Melbourne",11,"HBFL","Luke","McDonald","CD_I296355"
7,"Adelaide Oval","Port Adelaide","North Melbourne",10,"INT","Colby","McKercher","CD_I1024272"
7,"Adelaide Oval","Port Adelaide","North Melbourne",2,"WL","Finn","O'Sullivan","CD_I1028495"
7,"Adelaide Oval","Port Adelaide","North Melbourne",26,"RR","Luke","Parker","CD_I290778"
7,"Adelaide Oval","Port Adelaide","North Melbourne",24,"INT","Tom","Powell","CD_I1011659"
7,"Adelaide Oval","Port Adelaide","North Melbourne",3,"HFFR","Harry","Sheezel","CD_I1023518"
7,"Adelaide Oval","Port Adelaide","North Melbourne",12,"R","Jy","Simpkin","CD_I993998"
7,"Adelaide Oval","Port Adelaide","North Melbourne",15,"WR","Dylan","Stephens","CD_I1004848"
7,"Adelaide Oval","Port Adelaide","North Melbourne",13,"HBFR","Darcy","Tucker","CD_I993816"
7,"Adelaide Oval","Port Adelaide","North Melbourne",6,"FPR","George","Wardlaw","CD_I1023477"
7,"Adelaide Oval","Port Adelaide","North Melbourne",38,"RK","Tristan","Xerri","CD_I1004965"
7,"Adelaide Oval","Port Adelaide","North Melbourne",44,"FPL","Cameron","Zurhaar","CD_I998484"
7,"Corroboree Group Oval Manuka","GWS GIANTS","Western Bulldogs",7,"HBFR","Lachie","Ash","CD_I1009253"
7,"Corroboree Group Oval Manuka","GWS GIANTS","Western Bulldogs",14,"WR","Toby","Bedford","CD_I1008139"
7,"Corroboree Group Oval Manuka","GWS GIANTS","Western Bulldogs",32,"RK","Kieren","Briggs","CD_I1008436"
7,"Corroboree Group Oval Manuka","GWS GIANTS","Western Bulldogs",44,"CHB","Jack","Buckley","CD_I1009708"
7,"Corroboree Group Oval Manuka","GWS GIANTS","Western Bulldogs",5,"INT","Aaron","Cadman","CD_I1019038"
7,"Corroboree Group Oval Manuka","GWS GIANTS","Western Bulldogs",17,"C","Finn","Callaghan","CD_I1023266"
7,"Corroboree Group Oval Manuka","GWS GIANTS","Western Bulldogs",12,"R","Tom","Green","CD_I1009528"
7,"Corroboree Group Oval Manuka","GWS GIANTS","Western Bulldogs",4,"FPL","Toby","Greene","CD_I295344"
7,"Corroboree Group Oval Manuka","GWS GIANTS","Western Bulldogs",27,"BPR","Harry","Himmelberg","CD_I993107"
7,"Corroboree Group Oval Manuka","GWS GIANTS","Western Bulldogs",23,"FF","Jesse","Hogan","CD_I296324"
7,"Corroboree Group Oval Manuka","GWS GIANTS","Western Bulldogs",39,"BPL","Connor","Idun","CD_I1008083"
7,"Corroboree Group Oval Manuka","GWS GIANTS","Western Bulldogs",2,"HFFL","Darcy","Jones","CD_I1020650"
7,"Corroboree Group Oval Manuka","GWS GIANTS","Western Bulldogs",22,"RR","Josh","Kelly","CD_I296347"
7,"Corroboree Group Oval Manuka","GWS GIANTS","Western Bulldogs",31,"INT","Toby","McMullin","CD_I1027971"
7,"Corroboree Group Oval Manuka","GWS GIANTS","Western Bulldogs",33,"INT","Xavier","O'Halloran","CD_I1006135"
7,"Corroboree Group Oval Manuka","GWS GIANTS","Western Bulldogs",26,"CHF","Jake","Riccardi","CD_I1008123"
7,"Corroboree Group Oval Manuka","GWS GIANTS","Western Bulldogs",18,"WL","Conor","Stone","CD_I1015862"
7,"Corroboree Group Oval Manuka","GWS GIANTS","Western Bulldogs",20,"FPR","Jake","Stringer","CD_I293884"
7,"Corroboree Group Oval Manuka","GWS GIANTS","Western Bulldogs",15,"FB","Sam","Taylor","CD_I1005247"
7,"Corroboree Group Oval Manuka","GWS GIANTS","Western Bulldogs",1,"HFFR","Harvey","Thomas","CD_I1027925"
7,"Corroboree Group Oval Manuka","GWS GIANTS","Western Bulldogs",8,"SUB","Callan","Ward","CD_I280109"
7,"Corroboree Group Oval Manuka","GWS GIANTS","Western Bulldogs",10,"INT","Jacob","Wehr","CD_I1004530"
7,"Corroboree Group Oval Manuka","GWS GIANTS","Western Bulldogs",6,"HBFL","Lachie","Whitfield","CD_I294305"
7,"Corroboree Group Oval Manuka","GWS GIANTS","Western Bulldogs",4,"RR","Marcus","Bontempelli","CD_I297373"
7,"Corroboree Group Oval Manuka","GWS GIANTS","Western Bulldogs",29,"BPR","Lachlan","Bramble","CD_I1000864"
7,"Corroboree Group Oval Manuka","GWS GIANTS","Western Bulldogs",5,"FB","Jedd","Busslinger","CD_I1023017"
7,"Corroboree Group Oval Manuka","GWS GIANTS","Western Bulldogs",36,"INT","Luke","Cleary","CD_I1015929"
7,"Corroboree Group Oval Manuka","GWS GIANTS","Western Bulldogs",31,"HBFR","Bailey","Dale","CD_I996708"
7,"Corroboree Group Oval Manuka","GWS GIANTS","Western Bulldogs",42,"INT","Sam","Davidson","CD_I1036123"
7,"Corroboree Group Oval Manuka","GWS GIANTS","Western Bulldogs",26,"INT","Josh","Dolan","CD_I1034235"
7,"Corroboree Group Oval Manuka","GWS GIANTS","Western Bulldogs",44,"RK","Tim","English","CD_I1004592"
7,"Corroboree Group Oval Manuka","GWS GIANTS","Western Bulldogs",27,"WR","Joel","Freijah","CD_I1027704"
7,"Corroboree Group Oval Manuka","GWS GIANTS","Western Bulldogs",22,"INT","James","Harmes","CD_I297899"
7,"Corroboree Group Oval Manuka","GWS GIANTS","Western Bulldogs",6,"SUB","Cooper","Hynes","CD_I1029456"
7,"Corroboree Group Oval Manuka","GWS GIANTS","Western Bulldogs",39,"HBFL","Jason","Johannisen","CD_I294101"
7,"Corroboree Group Oval Manuka","GWS GIANTS","Western Bulldogs",8,"HFFR","Matthew","Kennedy","CD_I1001398"
7,"Corroboree Group Oval Manuka","GWS GIANTS","Western Bulldogs",24,"BPL","Buku","Khamis","CD_I998782"
7,"Corroboree Group Oval Manuka","GWS GIANTS","Western Bulldogs",21,"R","Tom","Liberatore","CD_I290799"
7,"Corroboree Group Oval Manuka","GWS GIANTS","Western Bulldogs",7,"CHB","Rory","Lobb","CD_I990740"
7,"Corroboree Group Oval Manuka","GWS GIANTS","Western Bulldogs",33,"FF","Aaron","Naughton","CD_I1002404"
7,"Corroboree Group Oval Manuka","GWS GIANTS","Western Bulldogs",18,"CHF","James","O'Donnell","CD_I1032966"
7,"Corroboree Group Oval Manuka","GWS GIANTS","Western Bulldogs",20,"C","Ed","Richards","CD_I1008280"
7,"Corroboree Group Oval Manuka","GWS GIANTS","Western Bulldogs",9,"FPL","Ryley","Sanders","CD_I1017939"
7,"Corroboree Group Oval Manuka","GWS GIANTS","Western Bulldogs",23,"HFFL","Laitham","Vandermeer","CD_I1005000"
7,"Corroboree Group Oval Manuka","GWS GIANTS","Western Bulldogs",14,"FPR","Rhylee","West","CD_I1006127"
7,"Corroboree Group Oval Manuka","GWS GIANTS","Western Bulldogs",34,"WL","Bailey","Williams","CD_I992351"
7,"People First Stadium","Gold Coast SUNS","Sydney Swans",9,"CHF","Ben","Ainsworth","CD_I998130"
7,"People First Stadium","Gold Coast SUNS","Sydney Swans",15,"R","Noah","Anderson","CD_I1009199"
7,"People First Stadium","Gold Coast SUNS","Sydney Swans",1,"BPL","Mac","Andrew","CD_I1017396"
7,"People First Stadium","Gold Coast SUNS","Sydney Swans",35,"SUB","Connor","Budarick","CD_I1008454"
7,"People First Stadium","Gold Coast SUNS","Sydney Swans",25,"BPR","Sam","Collins","CD_I295446"
7,"People First Stadium","Gold Coast SUNS","Sydney Swans",3,"INT","Sam","Flanders","CD_I1009260"
7,"People First Stadium","Gold Coast SUNS","Sydney Swans",26,"FPL","Will","Graham","CD_I1026960"
7,"People First Stadium","Gold Coast SUNS","Sydney Swans",7,"HFFR","Nick","Holman","CD_I297456"
7,"People First Stadium","Gold Coast SUNS","Sydney Swans",19,"RR","Bailey","Humphrey","CD_I1023500"
7,"People First Stadium","Gold Coast SUNS","Sydney Swans",40,"INT","Joel","Jeffrey","CD_I1005992"
7,"People First Stadium","Gold Coast SUNS","Sydney Swans",34,"FPR","Ben","King","CD_I1006144"
7,"People First Stadium","Gold Coast SUNS","Sydney Swans",22,"FF","Ben","Long","CD_I993917"
7,"People First Stadium","Gold Coast SUNS","Sydney Swans",11,"WR","Touk","Miller","CD_I298272"
7,"People First Stadium","Gold Coast SUNS","Sydney Swans",2,"HBFL","John","Noble","CD_I1000072"
7,"People First Stadium","Gold Coast SUNS","Sydney Swans",27,"CHB","Wil","Powell","CD_I1007881"
7,"People First Stadium","Gold Coast SUNS","Sydney Swans",20,"FB","Ethan","Read","CD_I1027033"
7,"People First Stadium","Gold Coast SUNS","Sydney Swans",17,"HBFR","Daniel","Rioli","CD_I1000981"
7,"People First Stadium","Gold Coast SUNS","Sydney Swans",29,"INT","Jake","Rogers","CD_I1018123"
7,"People First Stadium","Gold Coast SUNS","Sydney Swans",18,"C","Matt","Rowell","CD_I1009208"
7,"People First Stadium","Gold Coast SUNS","Sydney Swans",32,"HFFL","Bodhi","Uwland","CD_I1017665"
7,"People First Stadium","Gold Coast SUNS","Sydney Swans",4,"INT","Jed","Walter","CD_I1023736"
7,"People First Stadium","Gold Coast SUNS","Sydney Swans",14,"WL","Lachie","Weller","CD_I298524"
7,"People First Stadium","Gold Coast SUNS","Sydney Swans",28,"RK","Jarrod","Witts","CD_I291975"
7,"People First Stadium","Gold Coast SUNS","Sydney Swans",26,"HBFR","Riley","Bice","CD_I1008224"
7,"People First Stadium","Gold Coast SUNS","Sydney Swans",22,"CHB","Nick","Blakey","CD_I1006028"
7,"People First Stadium","Gold Coast SUNS","Sydney Swans",16,"FPR","Braeden","Campbell","CD_I1013133"
7,"People First Stadium","Gold Coast SUNS","Sydney Swans",33,"HFFL","Caiden","Cleary","CD_I1024057"
7,"People First Stadium","Gold Coast SUNS","Sydney Swans",13,"WR","Oliver","Florent","CD_I998103"
7,"People First Stadium","Gold Coast SUNS","Sydney Swans",10,"FF","Aaron","Francis","CD_I990816"
7,"People First Stadium","Gold Coast SUNS","Sydney Swans",4,"RK","Brodie","Grundy","CD_I293957"
7,"People First Stadium","Gold Coast SUNS","Sydney Swans",40,"SUB","Tom","Hanily","CD_I1027687"
7,"People First Stadium","Gold Coast SUNS","Sydney Swans",9,"FPL","Will","Hayward","CD_I997100"
7,"People First Stadium","Gold Coast SUNS","Sydney Swans",5,"C","Isaac","Heeney","CD_I298539"
7,"People First Stadium","Gold Coast SUNS","Sydney Swans",17,"HFFR","James","Jordon","CD_I1013409"
7,"People First Stadium","Gold Coast SUNS","Sydney Swans",19,"INT","Peter","Ladhams","CD_I997142"
7,"People First Stadium","Gold Coast SUNS","Sydney Swans",44,"WL","Jake","Lloyd","CD_I295342"
7,"People First Stadium","Gold Coast SUNS","Sydney Swans",30,"FB","Tom","McCartin","CD_I1008198"
7,"People First Stadium","Gold Coast SUNS","Sydney Swans",27,"INT","Justin","McInerney","CD_I1011936"
7,"People First Stadium","Gold Coast SUNS","Sydney Swans",2,"CHF","Hayden","McLean","CD_I1003203"
7,"People First Stadium","Gold Coast SUNS","Sydney Swans",43,"BPL","Lewis","Melican","CD_I996743"
7,"People First Stadium","Gold Coast SUNS","Sydney Swans",25,"INT","Ben","Paton","CD_I1004985"
7,"People First Stadium","Gold Coast SUNS","Sydney Swans",24,"BPR","Dane","Rampe","CD_I290307"
7,"People First Stadium","Gold Coast SUNS","Sydney Swans",34,"HBFL","Matt","Roberts","CD_I1012210"
7,"People First Stadium","Gold Coast SUNS","Sydney Swans",8,"R","James","Rowbottom","CD_I1006126"
7,"People First Stadium","Gold Coast SUNS","Sydney Swans",1,"RR","Chad","Warner","CD_I1012014"
7,"People First Stadium","Gold Coast SUNS","Sydney Swans",37,"INT","Corey","Warner","CD_I1018424"
7,"MCG","Carlton","Geelong Cats",13,"INT","Blake","Acres","CD_I296294"
7,"MCG","Carlton","Geelong Cats",32,"INT","Matthew","Carroll","CD_I1027964"
7,"MCG","Carlton","Geelong Cats",5,"WL","Adam","Cerra","CD_I1002239"
7,"MCG","Carlton","Geelong Cats",46,"HFFL","Matthew","Cottrell","CD_I1008154"
7,"MCG","Carlton","Geelong Cats",9,"C","Patrick","Cripps","CD_I990704"
7,"MCG","Carlton","Geelong Cats",30,"FF","Charlie","Curnow","CD_I996731"
7,"MCG","Carlton","Geelong Cats",12,"RK","Tom","De Koning","CD_I1004912"
7,"MCG","Carlton","Geelong Cats",19,"FPR","Corey","Durdin","CD_I1008510"
7,"MCG","Carlton","Geelong Cats",8,"INT","Lachie","Fogarty","CD_I1002228"
7,"MCG","Carlton","Geelong Cats",26,"HBFL","Nick","Haynes","CD_I295265"
7,"MCG","Carlton","Geelong Cats",29,"R","George","Hewett","CD_I294036"
7,"MCG","Carlton","Geelong Cats",20,"INT","Elijah","Hollands","CD_I1012862"
7,"MCG","Carlton","Geelong Cats",4,"WR","Oliver","Hollands","CD_I1023495"
7,"MCG","Carlton","Geelong Cats",36,"SUB","Cooper","Lord","CD_I1032108"
7,"MCG","Carlton","Geelong Cats",11,"CHB","Mitch","McGovern","CD_I297255"
7,"MCG","Carlton","Geelong Cats",10,"CHF","Harry","McKay","CD_I1000953"
7,"MCG","Carlton","Geelong Cats",3,"FPL","Jesse","Motlop","CD_I1017700"
7,"MCG","Carlton","Geelong Cats",42,"BPR","Adam","Saad","CD_I295461"
7,"MCG","Carlton","Geelong Cats",1,"BPL","Jack","Silvagni","CD_I1001028"
7,"MCG","Carlton","Geelong Cats",18,"RR","Sam","Walsh","CD_I1006094"
7,"MCG","Carlton","Geelong Cats",23,"FB","Jacob","Weitering","CD_I993832"
7,"MCG","Carlton","Geelong Cats",38,"HFFR","Will","White","CD_I1027713"
7,"MCG","Carlton","Geelong Cats",6,"HBFR","Zac","Williams","CD_I294685"
7,"MCG","Carlton","Geelong Cats",30,"R","Tom","Atkins","CD_I994386"
7,"MCG","Carlton","Geelong Cats",46,"BPR","Mark","Blicavs","CD_I296733"
7,"MCG","Carlton","Geelong Cats",12,"INT","Jack","Bowes","CD_I998260"
7,"MCG","Carlton","Geelong Cats",5,"FPL","Jeremy","Cameron","CD_I293845"
7,"MCG","Carlton","Geelong Cats",13,"INT","Jhye","Clark","CD_I1023537"
7,"MCG","Carlton","Geelong Cats",45,"HFFL","Brad","Close","CD_I999326"
7,"MCG","Carlton","Geelong Cats",35,"FF","Patrick","Dangerfield","CD_I270917"
7,"MCG","Carlton","Geelong Cats",16,"FB","Sam","De Koning","CD_I1009229"
7,"MCG","Carlton","Geelong Cats",28,"WR","Oliver","Dempsey","CD_I1025034"
7,"MCG","Carlton","Geelong Cats",39,"HBFR","Zach","Guthrie","CD_I1004870"
7,"MCG","Carlton","Geelong Cats",36,"SUB","Oliver","Henry","CD_I1012860"
7,"MCG","Carlton","Geelong Cats",9,"C","Max","Holmes","CD_I1015889"
7,"MCG","Carlton","Geelong Cats",17,"HBFL","Lawson","Humphries","CD_I1013464"
7,"MCG","Carlton","Geelong Cats",7,"CHF","Shaun","Mannagh","CD_I993878"
7,"MCG","Carlton","Geelong Cats",34,"WL","Oisin","Mullin","CD_I1024982"
7,"MCG","Carlton","Geelong Cats",33,"FPR","Shannon","Neale","CD_I1016433"
7,"MCG","Carlton","Geelong Cats",42,"INT","Mark","O'Connor","CD_I1007102"
7,"MCG","Carlton","Geelong Cats",14,"BPL","Connor","O'Sullivan","CD_I1027877"
7,"MCG","Carlton","Geelong Cats",3,"RR","Bailey","Smith","CD_I1006130"
7,"MCG","Carlton","Geelong Cats",1,"RK","Rhys","Stanley","CD_I280317"
7,"MCG","Carlton","Geelong Cats",18,"HFFR","Tyson","Stengle","CD_I997230"
7,"MCG","Carlton","Geelong Cats",44,"CHB","Tom","Stewart","CD_I291800"
7,"MCG","Carlton","Geelong Cats",21,"INT","Oliver","Wiltshire","CD_I1020881"
7,"Marvel Stadium","Hawthorn","West Coast Eagles",10,"WL","Karl","Amon","CD_I297354"
7,"Marvel Stadium","Hawthorn","West Coast Eagles",37,"BPL","Tom","Barrass","CD_I990290"
7,"Marvel Stadium","Hawthorn","West Coast Eagles",24,"HBFL","Josh","Battle","CD_I998134"
7,"Marvel Stadium","Hawthorn","West Coast Eagles",18,"FF","Mabior","Chol","CD_I994077"
7,"Marvel Stadium","Hawthorn","West Coast Eagles",16,"WR","Massimo","D'Ambrosio","CD_I1005144"
7,"Marvel Stadium","Hawthorn","West Coast Eagles",33,"HFFR","Jack","Ginnivan","CD_I1012857"
7,"Marvel Stadium","Hawthorn","West Coast Eagles",19,"FPL","Jack","Gunston","CD_I291351"
7,"Marvel Stadium","Hawthorn","West Coast Eagles",15,"FB","Blake","Hardwick","CD_I993794"
7,"Marvel Stadium","Hawthorn","West Coast Eagles",44,"R","Henry","Hustwaite","CD_I1023680"
7,"Marvel Stadium","Hawthorn","West Coast Eagles",4,"CHB","Jarman","Impey","CD_I296254"
7,"Marvel Stadium","Hawthorn","West Coast Eagles",42,"SUB","Bailey","Macdonald","CD_I1029261"
7,"Marvel Stadium","Hawthorn","West Coast Eagles",31,"INT","Connor","Macdonald","CD_I1017094"
7,"Marvel Stadium","Hawthorn","West Coast Eagles",28,"INT","Cam","Mackenzie","CD_I1023482"
7,"Marvel Stadium","Hawthorn","West Coast Eagles",17,"RK","Lloyd","Meek","CD_I1000980"
7,"Marvel Stadium","Hawthorn","West Coast Eagles",13,"FPR","Dylan","Moore","CD_I1006314"
7,"Marvel Stadium","Hawthorn","West Coast Eagles",1,"HFFL","Harry","Morrison","CD_I1000963"
7,"Marvel Stadium","Hawthorn","West Coast Eagles",3,"RR","Jai","Newcombe","CD_I1020895"
7,"Marvel Stadium","Hawthorn","West Coast Eagles",14,"INT","Jack","Scrimshaw","CD_I998114"
7,"Marvel Stadium","Hawthorn","West Coast Eagles",6,"BPR","James","Sicily","CD_I297566"
7,"Marvel Stadium","Hawthorn","West Coast Eagles",25,"INT","Josh","Ward","CD_I1017110"
7,"Marvel Stadium","Hawthorn","West Coast Eagles",34,"CHF","Nick","Watson","CD_I1023473"
7,"Marvel Stadium","Hawthorn","West Coast Eagles",23,"HBFR","Josh","Weddle","CD_I1027935"
7,"Marvel Stadium","Hawthorn","West Coast Eagles",5,"C","James","Worpel","CD_I1002222"
7,"Marvel Stadium","Hawthorn","West Coast Eagles",12,"FF","Oscar","Allen","CD_I1004385"
7,"Marvel Stadium","Hawthorn","West Coast Eagles",3,"HBFR","Liam","Baker","CD_I1000223"
7,"Marvel Stadium","Hawthorn","West Coast Eagles",28,"INT","Tom","Cole","CD_I993820"
7,"Marvel Stadium","Hawthorn","West Coast Eagles",15,"WL","Jamie","Cripps","CD_I290826"
7,"Marvel Stadium","Hawthorn","West Coast Eagles",38,"INT","Hamish","Davis","CD_I1032624"
7,"Marvel Stadium","Hawthorn","West Coast Eagles",43,"HBFL","Tyrell","Dewar","CD_I1023142"
7,"Marvel Stadium","Hawthorn","West Coast Eagles",14,"RR","Liam","Duggan","CD_I298268"
7,"Marvel Stadium","Hawthorn","West Coast Eagles",25,"RK","Matt","Flynn","CD_I993902"
7,"Marvel Stadium","Hawthorn","West Coast Eagles",7,"CHB","Reuben","Ginbey","CD_I1023025"
7,"Marvel Stadium","Hawthorn","West Coast Eagles",17,"HFFL","Jack","Graham","CD_I990827"
7,"Marvel Stadium","Hawthorn","West Coast Eagles",8,"INT","Elijah","Hewett","CD_I1020670"
7,"Marvel Stadium","Hawthorn","West Coast Eagles",19,"BPR","Brady","Hough","CD_I1023167"
7,"Marvel Stadium","Hawthorn","West Coast Eagles",5,"WR","Jayden","Hunt","CD_I994385"
7,"Marvel Stadium","Hawthorn","West Coast Eagles",44,"R","Jack","Hutchinson","CD_I1036098"
7,"Marvel Stadium","Hawthorn","West Coast Eagles",13,"SUB","Noah","Long","CD_I1023496"
7,"Marvel Stadium","Hawthorn","West Coast Eagles",23,"BPL","Ryan","Maric","CD_I1029416"
7,"Marvel Stadium","Hawthorn","West Coast Eagles",20,"FB","Jeremy","McGovern","CD_I294859"
7,"Marvel Stadium","Hawthorn","West Coast Eagles",16,"HFFR","Matthew","Owies","CD_I1013973"
7,"Marvel Stadium","Hawthorn","West Coast Eagles",22,"INT","Archer","Reid","CD_I1027693"
7,"Marvel Stadium","Hawthorn","West Coast Eagles",9,"C","Harley","Reid","CD_I1023492"
7,"Marvel Stadium","Hawthorn","West Coast Eagles",1,"FPL","Liam","Ryan","CD_I1004364"
7,"Marvel Stadium","Hawthorn","West Coast Eagles",2,"CHF","Jake","Waterman","CD_I996554"
7,"Marvel Stadium","Hawthorn","West Coast Eagles",34,"FPR","Jack","Williams","CD_I1020371"
8,"Marvel Stadium","Essendon","North Melbourne",30,"INT","Nate","Caddy","CD_I1027899"
8,"Marvel Stadium","Essendon","North Melbourne",22,"R","Sam","Durham","CD_I1015810"
8,"Marvel Stadium","Essendon","North Melbourne",28,"INT","Xavier","Duursma","CD_I1006096"
8,"Marvel Stadium","Essendon","North Melbourne",17,"RK","Todd","Goldstein","CD_I271129"
8,"Marvel Stadium","Essendon","North Melbourne",11,"HFFL","Jade","Gresham","CD_I298421"
8,"Marvel Stadium","Essendon","North Melbourne",8,"RR","Ben","Hobbs","CD_I1017088"
8,"Marvel Stadium","Essendon","North Melbourne",23,"INT","Harrison","Jones","CD_I1011755"
8,"Marvel Stadium","Essendon","North Melbourne",10,"FPR","Isaac","Kako","CD_I1028554"
8,"Marvel Stadium","Essendon","North Melbourne",4,"FPL","Kyle","Langford","CD_I298630"
8,"Marvel Stadium","Essendon","North Melbourne",37,"HFFR","Nic","Martin","CD_I1012013"
8,"Marvel Stadium","Essendon","North Melbourne",1,"BPL","Andrew","McGrath","CD_I998102"
8,"Marvel Stadium","Essendon","North Melbourne",32,"FB","Ben","McKay","CD_I1002143"
8,"Marvel Stadium","Essendon","North Melbourne",29,"SUB","Jye","Menzie","CD_I1013201"
8,"Marvel Stadium","Essendon","North Melbourne",7,"C","Zach","Merrett","CD_I992016"
8,"Marvel Stadium","Essendon","North Melbourne",16,"WR","Archie","Perkins","CD_I1015873"
8,"Marvel Stadium","Essendon","North Melbourne",25,"HBFR","Jaxon","Prior","CD_I1009386"
8,"Marvel Stadium","Essendon","North Melbourne",27,"HBFL","Mason","Redman","CD_I997078"
8,"Marvel Stadium","Essendon","North Melbourne",31,"CHB","Zach","Reid","CD_I1012817"
8,"Marvel Stadium","Essendon","North Melbourne",14,"BPR","Jordan","Ridley","CD_I1001026"
8,"Marvel Stadium","Essendon","North Melbourne",21,"CHF","Archie","Roberts","CD_I1023515"
8,"Marvel Stadium","Essendon","North Melbourne",12,"WL","Will","Setterfield","CD_I998215"
8,"Marvel Stadium","Essendon","North Melbourne",5,"INT","Elijah","Tsatas","CD_I1023785"
8,"Marvel Stadium","Essendon","North Melbourne",20,"FF","Peter","Wright","CD_I298289"
8,"Marvel Stadium","Essendon","North Melbourne",34,"BPR","Jackson","Archer","CD_I1020968"
8,"Marvel Stadium","Essendon","North Melbourne",30,"BPL","Charlie","Comben","CD_I1015781"
8,"Marvel Stadium","Essendon","North Melbourne",5,"CHB","Caleb","Daniel","CD_I295136"
8,"Marvel Stadium","Essendon","North Melbourne",28,"FF","Jack","Darling","CD_I290838"
8,"Marvel Stadium","Essendon","North Melbourne",9,"C","Luke","Davies-Uniacke","CD_I1002267"
8,"Marvel Stadium","Essendon","North Melbourne",42,"FB","Kallan","Dawson","CD_I1012144"
8,"Marvel Stadium","Essendon","North Melbourne",7,"WL","Zane","Duursma","CD_I1023494"
8,"Marvel Stadium","Essendon","North Melbourne",17,"INT","Riley","Hardeman","CD_I1023625"
8,"Marvel Stadium","Essendon","North Melbourne",41,"INT","Jacob","Konstanty","CD_I1023530"
8,"Marvel Stadium","Essendon","North Melbourne",20,"CHF","Nick","Larkey","CD_I1001017"
8,"Marvel Stadium","Essendon","North Melbourne",39,"FPR","Finnbar","Maley","CD_I1031792"
8,"Marvel Stadium","Essendon","North Melbourne",11,"HBFL","Luke","McDonald","CD_I296355"
8,"Marvel Stadium","Essendon","North Melbourne",10,"WR","Colby","McKercher","CD_I1024272"
8,"Marvel Stadium","Essendon","North Melbourne",2,"INT","Finn","O'Sullivan","CD_I1028495"
8,"Marvel Stadium","Essendon","North Melbourne",26,"RR","Luke","Parker","CD_I290778"
8,"Marvel Stadium","Essendon","North Melbourne",29,"INT","Will","Phillips","CD_I1012829"
8,"Marvel Stadium","Essendon","North Melbourne",24,"HBFR","Tom","Powell","CD_I1011659"
8,"Marvel Stadium","Essendon","North Melbourne",8,"SUB","Bailey","Scott","CD_I1006058"
8,"Marvel Stadium","Essendon","North Melbourne",3,"HFFR","Harry","Sheezel","CD_I1023518"
8,"Marvel Stadium","Essendon","North Melbourne",12,"R","Jy","Simpkin","CD_I993998"
8,"Marvel Stadium","Essendon","North Melbourne",15,"HFFL","Dylan","Stephens","CD_I1004848"
8,"Marvel Stadium","Essendon","North Melbourne",38,"RK","Tristan","Xerri","CD_I1004965"
8,"Marvel Stadium","Essendon","North Melbourne",44,"FPL","Cameron","Zurhaar","CD_I998484"
8,"Marvel Stadium","St Kilda","Fremantle",38,"INT","Hugh","Boxshall","CD_I1029148"
8,"Marvel Stadium","St Kilda","Fremantle",13,"WR","Ryan","Byrnes","CD_I1011994"
8,"Marvel Stadium","St Kilda","Fremantle",47,"FF","Anthony","Caminiti","CD_I1023784"
8,"Marvel Stadium","St Kilda","Fremantle",4,"INT","Lance","Collard","CD_I1017959"
8,"Marvel Stadium","St Kilda","Fremantle",34,"HFFL","Hugo","Garcia","CD_I1027790"
8,"Marvel Stadium","St Kilda","Fremantle",40,"INT","Max","Hall","CD_I1020855"
8,"Marvel Stadium","St Kilda","Fremantle",1,"FPR","Jack","Higgins","CD_I1002227"
8,"Marvel Stadium","St Kilda","Fremantle",8,"CHF","Bradley","Hill","CD_I295584"
8,"Marvel Stadium","St Kilda","Fremantle",20,"BPL","Dougal","Howard","CD_I993480"
8,"Marvel Stadium","St Kilda","Fremantle",6,"RR","Jack","Macrae","CD_I295467"
8,"Marvel Stadium","St Kilda","Fremantle",19,"RK","Rowan","Marshall","CD_I992468"
8,"Marvel Stadium","St Kilda","Fremantle",45,"INT","Liam","O'Connell","CD_I1035198"
8,"Marvel Stadium","St Kilda","Fremantle",10,"HFFR","Mitch","Owens","CD_I1023272"
8,"Marvel Stadium","St Kilda","Fremantle",43,"FPL","Cooper","Sharman","CD_I1018018"
8,"Marvel Stadium","St Kilda","Fremantle",35,"HBFR","Jack","Sinclair","CD_I994389"
8,"Marvel Stadium","St Kilda","Fremantle",9,"R","Jack","Steele","CD_I296205"
8,"Marvel Stadium","St Kilda","Fremantle",14,"C","Liam","Stocker","CD_I1008312"
8,"Marvel Stadium","St Kilda","Fremantle",5,"SUB","Tobie","Travaglia","CD_I1028538"
8,"Marvel Stadium","St Kilda","Fremantle",7,"CHB","Nasiah","Wanganeen-Milera","CD_I1015507"
8,"Marvel Stadium","St Kilda","Fremantle",29,"BPR","Jimmy","Webster","CD_I290757"
8,"Marvel Stadium","St Kilda","Fremantle",44,"FB","Callum","Wilkie","CD_I296422"
8,"Marvel Stadium","St Kilda","Fremantle",22,"WL","Darcy","Wilson","CD_I1027875"
8,"Marvel Stadium","St Kilda","Fremantle",2,"HBFL","Marcus","Windhager","CD_I1023270"
8,"Marvel Stadium","St Kilda","Fremantle",24,"FPR","Jye","Amiss","CD_I1020594"
8,"Marvel Stadium","St Kilda","Fremantle",15,"HFFR","Shai","Bolton","CD_I993993"
8,"Marvel Stadium","St Kilda","Fremantle",8,"R","Andrew","Brayshaw","CD_I1002232"
8,"Marvel Stadium","St Kilda","Fremantle",5,"HBFL","Heath","Chapman","CD_I1013224"
8,"Marvel Stadium","St Kilda","Fremantle",6,"HBFR","Jordan","Clark","CD_I1006152"
8,"Marvel Stadium","St Kilda","Fremantle",36,"BPR","Brennan","Cox","CD_I997033"
8,"Marvel Stadium","St Kilda","Fremantle",4,"RK","Sean","Darcy","CD_I998145"
8,"Marvel Stadium","St Kilda","Fremantle",37,"CHB","Joshua","Draper","CD_I1020668"
8,"Marvel Stadium","St Kilda","Fremantle",43,"INT","Isaiah","Dudley","CD_I1011558"
8,"Marvel Stadium","St Kilda","Fremantle",32,"HFFL","Michael","Frederick","CD_I999321"
8,"Marvel Stadium","St Kilda","Fremantle",9,"FPL","Luke","Jackson","CD_I1009399"
8,"Marvel Stadium","St Kilda","Fremantle",44,"WR","Matthew","Johnson","CD_I1016825"
8,"Marvel Stadium","St Kilda","Fremantle",19,"SUB","Quinton","Narkle","CD_I999824"
8,"Marvel Stadium","St Kilda","Fremantle",25,"FB","Alex","Pearce","CD_I298409"
8,"Marvel Stadium","St Kilda","Fremantle",16,"INT","Murphy","Reid","CD_I1028513"
8,"Marvel Stadium","St Kilda","Fremantle",13,"BPL","Luke","Ryan","CD_I998659"
8,"Marvel Stadium","St Kilda","Fremantle",3,"RR","Caleb","Serong","CD_I1009420"
8,"Marvel Stadium","St Kilda","Fremantle",14,"WL","Jeremy","Sharp","CD_I1009380"
8,"Marvel Stadium","St Kilda","Fremantle",39,"CHF","Sam","Switkowski","CD_I992059"
8,"Marvel Stadium","St Kilda","Fremantle",35,"FF","Josh","Treacy","CD_I1012819"
8,"Marvel Stadium","St Kilda","Fremantle",34,"INT","Corey","Wagner","CD_I993940"
8,"Marvel Stadium","St Kilda","Fremantle",23,"INT","Karl","Worner","CD_I1021015"
8,"Marvel Stadium","St Kilda","Fremantle",26,"C","Hayden","Young","CD_I1009256"
8,"Mars Stadium","Western Bulldogs","Port Adelaide",4,"RR","Marcus","Bontempelli","CD_I297373"
8,"Mars Stadium","Western Bulldogs","Port Adelaide",29,"BPR","Lachlan","Bramble","CD_I1000864"
8,"Mars Stadium","Western Bulldogs","Port Adelaide",5,"SUB","Jedd","Busslinger","CD_I1023017"
8,"Mars Stadium","Western Bulldogs","Port Adelaide",36,"INT","Luke","Cleary","CD_I1015929"
8,"Mars Stadium","Western Bulldogs","Port Adelaide",31,"HBFR","Bailey","Dale","CD_I996708"
8,"Mars Stadium","Western Bulldogs","Port Adelaide",42,"INT","Sam","Davidson","CD_I1036123"
8,"Mars Stadium","Western Bulldogs","Port Adelaide",44,"RK","Tim","English","CD_I1004592"
8,"Mars Stadium","Western Bulldogs","Port Adelaide",27,"WR","Joel","Freijah","CD_I1027704"
8,"Mars Stadium","Western Bulldogs","Port Adelaide",22,"HFFL","James","Harmes","CD_I297899"
8,"Mars Stadium","Western Bulldogs","Port Adelaide",39,"HBFL","Jason","Johannisen","CD_I294101"
8,"Mars Stadium","Western Bulldogs","Port Adelaide",8,"HFFR","Matthew","Kennedy","CD_I1001398"
8,"Mars Stadium","Western Bulldogs","Port Adelaide",24,"CHF","Buku","Khamis","CD_I998782"
8,"Mars Stadium","Western Bulldogs","Port Adelaide",21,"R","Tom","Liberatore","CD_I290799"
8,"Mars Stadium","Western Bulldogs","Port Adelaide",7,"CHB","Rory","Lobb","CD_I990740"
8,"Mars Stadium","Western Bulldogs","Port Adelaide",30,"INT","Lachlan","McNeil","CD_I1009015"
8,"Mars Stadium","Western Bulldogs","Port Adelaide",33,"FF","Aaron","Naughton","CD_I1002404"
8,"Mars Stadium","Western Bulldogs","Port Adelaide",18,"FB","James","O'Donnell","CD_I1032966"
8,"Mars Stadium","Western Bulldogs","Port Adelaide",20,"C","Ed","Richards","CD_I1008280"
8,"Mars Stadium","Western Bulldogs","Port Adelaide",9,"INT","Ryley","Sanders","CD_I1017939"
8,"Mars Stadium","Western Bulldogs","Port Adelaide",1,"FPL","Adam","Treloar","CD_I291790"
8,"Mars Stadium","Western Bulldogs","Port Adelaide",23,"BPL","Laitham","Vandermeer","CD_I1005000"
8,"Mars Stadium","Western Bulldogs","Port Adelaide",14,"FPR","Rhylee","West","CD_I1006127"
8,"Mars Stadium","Western Bulldogs","Port Adelaide",34,"WL","Bailey","Williams","CD_I992351"
8,"Mars Stadium","Western Bulldogs","Port Adelaide",21,"FB","Aliir","Aliir","CD_I294469"
8,"Mars Stadium","Western Bulldogs","Port Adelaide",14,"HBFL","Miles","Bergman","CD_I1009191"
8,"Mars Stadium","Western Bulldogs","Port Adelaide",5,"INT","Joe","Berry","CD_I1028529"
8,"Mars Stadium","Western Bulldogs","Port Adelaide",7,"WL","Jase","Burgoyne","CD_I1013462"
8,"Mars Stadium","Western Bulldogs","Port Adelaide",9,"RR","Zak","Butters","CD_I1006121"
8,"Mars Stadium","Western Bulldogs","Port Adelaide",33,"HFFL","Darcy","Byrne-Jones","CD_I991930"
8,"Mars Stadium","Western Bulldogs","Port Adelaide",28,"C","Willem","Drew","CD_I1000972"
8,"Mars Stadium","Western Bulldogs","Port Adelaide",22,"INT","Logan","Evans","CD_I1019938"
8,"Mars Stadium","Western Bulldogs","Port Adelaide",6,"HBFR","Kane","Farrell","CD_I1002253"
8,"Mars Stadium","Western Bulldogs","Port Adelaide",11,"SUB","Jeremy","Finlayson","CD_I298111"
8,"Mars Stadium","Western Bulldogs","Port Adelaide",19,"FF","Mitch","Georgiades","CD_I1010174"
8,"Mars Stadium","Western Bulldogs","Port Adelaide",18,"R","Jason","Horne-Francis","CD_I1011640"
8,"Mars Stadium","Western Bulldogs","Port Adelaide",34,"BPR","Lachie","Jones","CD_I1011583"
8,"Mars Stadium","Western Bulldogs","Port Adelaide",30,"FPR","Ollie","Lord","CD_I1012881"
8,"Mars Stadium","Western Bulldogs","Port Adelaide",36,"WR","Will","Lorenz","CD_I1029262"
8,"Mars Stadium","Western Bulldogs","Port Adelaide",44,"INT","Jackson","Mead","CD_I1005326"
8,"Mars Stadium","Western Bulldogs","Port Adelaide",2,"HFFR","Sam","Powell-Pepper","CD_I993979"
8,"Mars Stadium","Western Bulldogs","Port Adelaide",27,"BPL","Esava","Ratugolea","CD_I1002220"
8,"Mars Stadium","Western Bulldogs","Port Adelaide",35,"CHF","Joe","Richards","CD_I1008239"
8,"Mars Stadium","Western Bulldogs","Port Adelaide",15,"FPL","Willie","Rioli","CD_I296225"
8,"Mars Stadium","Western Bulldogs","Port Adelaide",1,"CHB","Connor","Rozee","CD_I1001299"
8,"Mars Stadium","Western Bulldogs","Port Adelaide",24,"RK","Jordon","Sweet","CD_I992330"
8,"Mars Stadium","Western Bulldogs","Port Adelaide",16,"INT","Ollie","Wines","CD_I294318"
8,"Adelaide Oval","Adelaide Crows","Carlton",3,"SUB","Sam","Berry","CD_I1012807"
8,"Adelaide Oval","Adelaide Crows","Carlton",41,"FB","Jordon","Butts","CD_I1004995"
8,"Adelaide Oval","Adelaide Crows","Carlton",44,"WL","Isaac","Cumming","CD_I1001396"
8,"Adelaide Oval","Adelaide Crows","Carlton",6,"INT","Daniel","Curtin","CD_I1024023"
8,"Adelaide Oval","Adelaide Crows","Carlton",12,"C","Jordan","Dawson","CD_I992242"
8,"Adelaide Oval","Adelaide Crows","Carlton",32,"FPL","Darcy","Fogarty","CD_I999331"
8,"Adelaide Oval","Adelaide Crows","Carlton",48,"CHB","Mark","Keane","CD_I1013974"
8,"Adelaide Oval","Adelaide Crows","Carlton",2,"HFFL","Ben","Keays","CD_I993946"
8,"Adelaide Oval","Adelaide Crows","Carlton",29,"BPR","Rory","Laird","CD_I293222"
8,"Adelaide Oval","Adelaide Crows","Carlton",16,"HBFR","Max","Michalanney","CD_I1015370"
8,"Adelaide Oval","Adelaide Crows","Carlton",30,"HBFL","Wayne","Milera","CD_I990882"
8,"Adelaide Oval","Adelaide Crows","Carlton",27,"HFFR","Luke","Nankervis","CD_I1021031"
8,"Adelaide Oval","Adelaide Crows","Carlton",28,"FPR","Alex","Neal-Bullen","CD_I296420"
8,"Adelaide Oval","Adelaide Crows","Carlton",43,"RK","Reilly","O'Brien","CD_I297523"
8,"Adelaide Oval","Adelaide Crows","Carlton",25,"INT","James","Peatling","CD_I1006013"
8,"Adelaide Oval","Adelaide Crows","Carlton",8,"RR","Josh","Rachele","CD_I1017051"
8,"Adelaide Oval","Adelaide Crows","Carlton",23,"R","Izak","Rankine","CD_I1001195"
8,"Adelaide Oval","Adelaide Crows","Carlton",33,"INT","Brodie","Smith","CD_I291748"
8,"Adelaide Oval","Adelaide Crows","Carlton",14,"WR","Jake","Soligo","CD_I1017109"
8,"Adelaide Oval","Adelaide Crows","Carlton",19,"INT","Zac","Taylor","CD_I1017065"
8,"Adelaide Oval","Adelaide Crows","Carlton",7,"CHF","Riley","Thilthorpe","CD_I1008384"
8,"Adelaide Oval","Adelaide Crows","Carlton",13,"FF","Taylor","Walker","CD_I280506"
8,"Adelaide Oval","Adelaide Crows","Carlton",24,"BPL","Josh","Worrell","CD_I1011981"
8,"Adelaide Oval","Adelaide Crows","Carlton",13,"HBFL","Blake","Acres","CD_I296294"
8,"Adelaide Oval","Adelaide Crows","Carlton",32,"INT","Matthew","Carroll","CD_I1027964"
8,"Adelaide Oval","Adelaide Crows","Carlton",5,"INT","Adam","Cerra","CD_I1002239"
8,"Adelaide Oval","Adelaide Crows","Carlton",2,"SUB","Lachlan","Cowan","CD_I1021353"
8,"Adelaide Oval","Adelaide Crows","Carlton",9,"C","Patrick","Cripps","CD_I990704"
8,"Adelaide Oval","Adelaide Crows","Carlton",30,"FF","Charlie","Curnow","CD_I996731"
8,"Adelaide Oval","Adelaide Crows","Carlton",12,"RK","Tom","De Koning","CD_I1004912"
8,"Adelaide Oval","Adelaide Crows","Carlton",15,"BPL","Sam","Docherty","CD_I295518"
8,"Adelaide Oval","Adelaide Crows","Carlton",19,"HFFR","Corey","Durdin","CD_I1008510"
8,"Adelaide Oval","Adelaide Crows","Carlton",8,"FPL","Lachie","Fogarty","CD_I1002228"
8,"Adelaide Oval","Adelaide Crows","Carlton",26,"CHB","Nick","Haynes","CD_I295265"
8,"Adelaide Oval","Adelaide Crows","Carlton",29,"R","George","Hewett","CD_I294036"
8,"Adelaide Oval","Adelaide Crows","Carlton",20,"WL","Elijah","Hollands","CD_I1012862"
8,"Adelaide Oval","Adelaide Crows","Carlton",4,"WR","Oliver","Hollands","CD_I1023495"
8,"Adelaide Oval","Adelaide Crows","Carlton",36,"INT","Cooper","Lord","CD_I1032108"
8,"Adelaide Oval","Adelaide Crows","Carlton",11,"BPR","Mitch","McGovern","CD_I297255"
8,"Adelaide Oval","Adelaide Crows","Carlton",10,"CHF","Harry","McKay","CD_I1000953"
8,"Adelaide Oval","Adelaide Crows","Carlton",3,"INT","Jesse","Motlop","CD_I1017700"
8,"Adelaide Oval","Adelaide Crows","Carlton",42,"HBFR","Adam","Saad","CD_I295461"
8,"Adelaide Oval","Adelaide Crows","Carlton",18,"RR","Sam","Walsh","CD_I1006094"
8,"Adelaide Oval","Adelaide Crows","Carlton",23,"FB","Jacob","Weitering","CD_I993832"
8,"Adelaide Oval","Adelaide Crows","Carlton",38,"HFFL","Will","White","CD_I1027713"
8,"Adelaide Oval","Adelaide Crows","Carlton",33,"FPR","Lewis","Young","CD_I997316"
8,"MCG","Collingwood","Geelong Cats",14,"RK","Darcy","Cameron","CD_I990291"
8,"MCG","Collingwood","Geelong Cats",46,"INT","Mason","Cox","CD_I998647"
8,"MCG","Collingwood","Geelong Cats",25,"WL","Jack","Crisp","CD_I293871"
8,"MCG","Collingwood","Geelong Cats",7,"INT","Josh","Daicos","CD_I1005054"
8,"MCG","Collingwood","Geelong Cats",35,"RR","Nick","Daicos","CD_I1023261"
8,"MCG","Collingwood","Geelong Cats",2,"HFFR","Jordan","De Goey","CD_I994185"
8,"MCG","Collingwood","Geelong Cats",5,"FPR","Jamie","Elliott","CD_I293801"
8,"MCG","Collingwood","Geelong Cats",17,"CHB","Billy","Frampton","CD_I991773"
8,"MCG","Collingwood","Geelong Cats",23,"HFFL","Bobby","Hill","CD_I1006148"
8,"MCG","Collingwood","Geelong Cats",32,"SUB","Will","Hoskin-Elliott","CD_I291720"
8,"MCG","Collingwood","Geelong Cats",9,"BPR","Dan","Houston","CD_I994295"
8,"MCG","Collingwood","Geelong Cats",1,"WR","Patrick","Lipinski","CD_I1003130"
8,"MCG","Collingwood","Geelong Cats",44,"R","Ned","Long","CD_I1017124"
8,"MCG","Collingwood","Geelong Cats",4,"BPL","Brayden","Maynard","CD_I992010"
8,"MCG","Collingwood","Geelong Cats",31,"FPL","Beau","McCreery","CD_I1004757"
8,"MCG","Collingwood","Geelong Cats",28,"CHF","Tim","Membrey","CD_I294596"
8,"MCG","Collingwood","Geelong Cats",41,"FF","Brody","Mihocek","CD_I291849"
8,"MCG","Collingwood","Geelong Cats",30,"FB","Darcy","Moore","CD_I298288"
8,"MCG","Collingwood","Geelong Cats",10,"INT","Scott","Pendlebury","CD_I260257"
8,"MCG","Collingwood","Geelong Cats",12,"HBFL","Harry","Perryman","CD_I998205"
8,"MCG","Collingwood","Geelong Cats",3,"HBFR","Isaac","Quaynor","CD_I1008089"
8,"MCG","Collingwood","Geelong Cats",8,"INT","Lachie","Schultz","CD_I1000860"
8,"MCG","Collingwood","Geelong Cats",22,"C","Steele","Sidebottom","CD_I280965"
8,"MCG","Collingwood","Geelong Cats",30,"R","Tom","Atkins","CD_I994386"
8,"MCG","Collingwood","Geelong Cats",46,"BPR","Mark","Blicavs","CD_I296733"
8,"MCG","Collingwood","Geelong Cats",12,"INT","Jack","Bowes","CD_I998260"
8,"MCG","Collingwood","Geelong Cats",5,"FPL","Jeremy","Cameron","CD_I293845"
8,"MCG","Collingwood","Geelong Cats",13,"WL","Jhye","Clark","CD_I1023537"
8,"MCG","Collingwood","Geelong Cats",45,"HFFL","Brad","Close","CD_I999326"
8,"MCG","Collingwood","Geelong Cats",35,"FPR","Patrick","Dangerfield","CD_I270917"
8,"MCG","Collingwood","Geelong Cats",16,"FB","Sam","De Koning","CD_I1009229"
8,"MCG","Collingwood","Geelong Cats",28,"INT","Oliver","Dempsey","CD_I1025034"
8,"MCG","Collingwood","Geelong Cats",22,"INT","Mitch","Duncan","CD_I281065"
8,"MCG","Collingwood","Geelong Cats",39,"CHB","Zach","Guthrie","CD_I1004870"
8,"MCG","Collingwood","Geelong Cats",36,"HFFR","Oliver","Henry","CD_I1012860"
8,"MCG","Collingwood","Geelong Cats",9,"C","Max","Holmes","CD_I1015889"
8,"MCG","Collingwood","Geelong Cats",17,"HBFL","Lawson","Humphries","CD_I1013464"
8,"MCG","Collingwood","Geelong Cats",7,"CHF","Shaun","Mannagh","CD_I993878"
8,"MCG","Collingwood","Geelong Cats",34,"WR","Oisin","Mullin","CD_I1024982"
8,"MCG","Collingwood","Geelong Cats",33,"FF","Shannon","Neale","CD_I1016433"
8,"MCG","Collingwood","Geelong Cats",42,"HBFR","Mark","O'Connor","CD_I1007102"
8,"MCG","Collingwood","Geelong Cats",14,"BPL","Connor","O'Sullivan","CD_I1027877"
8,"MCG","Collingwood","Geelong Cats",3,"RR","Bailey","Smith","CD_I1006130"
8,"MCG","Collingwood","Geelong Cats",1,"RK","Rhys","Stanley","CD_I280317"
8,"MCG","Collingwood","Geelong Cats",18,"INT","Tyson","Stengle","CD_I997230"
8,"MCG","Collingwood","Geelong Cats",21,"SUB","Oliver","Wiltshire","CD_I1020881"
8,"Optus Stadium","West Coast Eagles","Melbourne",26,"WR","Bo","Allan","CD_I1028449"
8,"Optus Stadium","West Coast Eagles","Melbourne",12,"CHB","Oscar","Allen","CD_I1004385"
8,"Optus Stadium","West Coast Eagles","Melbourne",3,"BPR","Liam","Baker","CD_I1000223"
8,"Optus Stadium","West Coast Eagles","Melbourne",10,"INT","Tyler","Brockman","CD_I1013511"
8,"Optus Stadium","West Coast Eagles","Melbourne",28,"SUB","Tom","Cole","CD_I993820"
8,"Optus Stadium","West Coast Eagles","Melbourne",15,"FPL","Jamie","Cripps","CD_I290826"
8,"Optus Stadium","West Coast Eagles","Melbourne",14,"HBFL","Liam","Duggan","CD_I298268"
8,"Optus Stadium","West Coast Eagles","Melbourne",25,"RK","Matt","Flynn","CD_I993902"
8,"Optus Stadium","West Coast Eagles","Melbourne",7,"BPL","Reuben","Ginbey","CD_I1023025"
8,"Optus Stadium","West Coast Eagles","Melbourne",17,"HFFR","Jack","Graham","CD_I990827"
8,"Optus Stadium","West Coast Eagles","Melbourne",8,"INT","Elijah","Hewett","CD_I1020670"
8,"Optus Stadium","West Coast Eagles","Melbourne",19,"WL","Brady","Hough","CD_I1023167"
8,"Optus Stadium","West Coast Eagles","Melbourne",5,"HBFR","Jayden","Hunt","CD_I994385"
8,"Optus Stadium","West Coast Eagles","Melbourne",44,"RR","Jack","Hutchinson","CD_I1036098"
8,"Optus Stadium","West Coast Eagles","Melbourne",11,"C","Tim","Kelly","CD_I295898"
8,"Optus Stadium","West Coast Eagles","Melbourne",23,"INT","Ryan","Maric","CD_I1029416"
8,"Optus Stadium","West Coast Eagles","Melbourne",20,"FB","Jeremy","McGovern","CD_I294859"
8,"Optus Stadium","West Coast Eagles","Melbourne",16,"HFFL","Matthew","Owies","CD_I1013973"
8,"Optus Stadium","West Coast Eagles","Melbourne",22,"INT","Archer","Reid","CD_I1027693"
8,"Optus Stadium","West Coast Eagles","Melbourne",9,"R","Harley","Reid","CD_I1023492"
8,"Optus Stadium","West Coast Eagles","Melbourne",1,"FPR","Liam","Ryan","CD_I1004364"
8,"Optus Stadium","West Coast Eagles","Melbourne",2,"CHF","Jake","Waterman","CD_I996554"
8,"Optus Stadium","West Coast Eagles","Melbourne",34,"FF","Jack","Williams","CD_I1020371"
8,"Optus Stadium","West Coast Eagles","Melbourne",17,"BPL","Jake","Bowey","CD_I1012825"
8,"Optus Stadium","West Coast Eagles","Melbourne",37,"INT","Kade","Chandler","CD_I1005330"
8,"Optus Stadium","West Coast Eagles","Melbourne",31,"INT","Bayley","Fritsch","CD_I1001438"
8,"Optus Stadium","West Coast Eagles","Melbourne",11,"RK","Max","Gawn","CD_I290528"
8,"Optus Stadium","West Coast Eagles","Melbourne",15,"WR","Ed","Langdon","CD_I298264"
8,"Optus Stadium","West Coast Eagles","Melbourne",19,"R","Harvey","Langford","CD_I1028546"
8,"Optus Stadium","West Coast Eagles","Melbourne",20,"HBFL","Xavier","Lindsay","CD_I1028531"
8,"Optus Stadium","West Coast Eagles","Melbourne",1,"FB","Steven","May","CD_I281085"
8,"Optus Stadium","West Coast Eagles","Melbourne",25,"CHB","Tom","McDonald","CD_I291533"
8,"Optus Stadium","West Coast Eagles","Melbourne",4,"BPR","Judd","McVee","CD_I1017703"
8,"Optus Stadium","West Coast Eagles","Melbourne",18,"CHF","Jake","Melksham","CD_I280824"
8,"Optus Stadium","West Coast Eagles","Melbourne",5,"RR","Christian","Petracca","CD_I298210"
8,"Optus Stadium","West Coast Eagles","Melbourne",35,"FF","Harrison","Petty","CD_I1008893"
8,"Optus Stadium","West Coast Eagles","Melbourne",36,"FPR","Kysaiah","Pickett","CD_I1008541"
8,"Optus Stadium","West Coast Eagles","Melbourne",24,"INT","Trent","Rivers","CD_I1009378"
8,"Optus Stadium","West Coast Eagles","Melbourne",3,"INT","Christian","Salem","CD_I296359"
8,"Optus Stadium","West Coast Eagles","Melbourne",30,"SUB","Harry","Sharp","CD_I1007099"
8,"Optus Stadium","West Coast Eagles","Melbourne",9,"FPL","Charlie","Spargo","CD_I1002282"
8,"Optus Stadium","West Coast Eagles","Melbourne",32,"WL","Tom","Sparrow","CD_I999391"
8,"Optus Stadium","West Coast Eagles","Melbourne",12,"HFFL","Koltyn","Tholstrup","CD_I1023640"
8,"Optus Stadium","West Coast Eagles","Melbourne",10,"HFFR","Daniel","Turner","CD_I1020959"
8,"Optus Stadium","West Coast Eagles","Melbourne",7,"C","Jack","Viney","CD_I291902"
8,"Optus Stadium","West Coast Eagles","Melbourne",6,"HBFR","Caleb","Windsor","CD_I1027821"
8,"SCG","Sydney Swans","GWS GIANTS",26,"INT","Riley","Bice","CD_I1008224"
8,"SCG","Sydney Swans","GWS GIANTS",22,"CHB","Nick","Blakey","CD_I1006028"
8,"SCG","Sydney Swans","GWS GIANTS",16,"HFFL","Braeden","Campbell","CD_I1013133"
8,"SCG","Sydney Swans","GWS GIANTS",33,"FPR","Caiden","Cleary","CD_I1024057"
8,"SCG","Sydney Swans","GWS GIANTS",13,"WL","Oliver","Florent","CD_I998103"
8,"SCG","Sydney Swans","GWS GIANTS",10,"FF","Aaron","Francis","CD_I990816"
8,"SCG","Sydney Swans","GWS GIANTS",4,"RK","Brodie","Grundy","CD_I293957"
8,"SCG","Sydney Swans","GWS GIANTS",29,"CHF","Joel","Hamling","CD_I295222"
8,"SCG","Sydney Swans","GWS GIANTS",9,"FPL","Will","Hayward","CD_I997100"
8,"SCG","Sydney Swans","GWS GIANTS",5,"C","Isaac","Heeney","CD_I298539"
8,"SCG","Sydney Swans","GWS GIANTS",17,"R","James","Jordon","CD_I1013409"
8,"SCG","Sydney Swans","GWS GIANTS",44,"WR","Jake","Lloyd","CD_I295342"
8,"SCG","Sydney Swans","GWS GIANTS",30,"FB","Tom","McCartin","CD_I1008198"
8,"SCG","Sydney Swans","GWS GIANTS",27,"HFFR","Justin","McInerney","CD_I1011936"
8,"SCG","Sydney Swans","GWS GIANTS",2,"INT","Hayden","McLean","CD_I1003203"
8,"SCG","Sydney Swans","GWS GIANTS",43,"BPL","Lewis","Melican","CD_I996743"
8,"SCG","Sydney Swans","GWS GIANTS",24,"HBFR","Dane","Rampe","CD_I290307"
8,"SCG","Sydney Swans","GWS GIANTS",34,"BPR","Matt","Roberts","CD_I1012210"
8,"SCG","Sydney Swans","GWS GIANTS",8,"INT","James","Rowbottom","CD_I1006126"
8,"SCG","Sydney Swans","GWS GIANTS",12,"SUB","Angus","Sheldrick","CD_I1020339"
8,"SCG","Sydney Swans","GWS GIANTS",1,"RR","Chad","Warner","CD_I1012014"
8,"SCG","Sydney Swans","GWS GIANTS",37,"INT","Corey","Warner","CD_I1018424"
8,"SCG","Sydney Swans","GWS GIANTS",15,"HBFL","Sam","Wicks","CD_I1006232"
8,"SCG","Sydney Swans","GWS GIANTS",7,"HBFR","Lachie","Ash","CD_I1009253"
8,"SCG","Sydney Swans","GWS GIANTS",14,"RR","Toby","Bedford","CD_I1008139"
8,"SCG","Sydney Swans","GWS GIANTS",32,"RK","Kieren","Briggs","CD_I1008436"
8,"SCG","Sydney Swans","GWS GIANTS",46,"INT","Callum","Brown","CD_I1014038"
8,"SCG","Sydney Swans","GWS GIANTS",44,"CHB","Jack","Buckley","CD_I1009708"
8,"SCG","Sydney Swans","GWS GIANTS",5,"CHF","Aaron","Cadman","CD_I1019038"
8,"SCG","Sydney Swans","GWS GIANTS",17,"C","Finn","Callaghan","CD_I1023266"
8,"SCG","Sydney Swans","GWS GIANTS",38,"HFFR","Josaia","Delana","CD_I1029030"
8,"SCG","Sydney Swans","GWS GIANTS",37,"INT","Joe","Fonti","CD_I1032629"
8,"SCG","Sydney Swans","GWS GIANTS",12,"R","Tom","Green","CD_I1009528"
8,"SCG","Sydney Swans","GWS GIANTS",4,"FPR","Toby","Greene","CD_I295344"
8,"SCG","Sydney Swans","GWS GIANTS",27,"BPR","Harry","Himmelberg","CD_I993107"
8,"SCG","Sydney Swans","GWS GIANTS",23,"FF","Jesse","Hogan","CD_I296324"
8,"SCG","Sydney Swans","GWS GIANTS",39,"BPL","Connor","Idun","CD_I1008083"
8,"SCG","Sydney Swans","GWS GIANTS",2,"HFFL","Darcy","Jones","CD_I1020650"
8,"SCG","Sydney Swans","GWS GIANTS",31,"INT","Toby","McMullin","CD_I1027971"
8,"SCG","Sydney Swans","GWS GIANTS",33,"INT","Xavier","O'Halloran","CD_I1006135"
8,"SCG","Sydney Swans","GWS GIANTS",20,"SUB","Jake","Stringer","CD_I293884"
8,"SCG","Sydney Swans","GWS GIANTS",15,"FB","Sam","Taylor","CD_I1005247"
8,"SCG","Sydney Swans","GWS GIANTS",1,"FPL","Harvey","Thomas","CD_I1027925"
8,"SCG","Sydney Swans","GWS GIANTS",8,"WL","Callan","Ward","CD_I280109"
8,"SCG","Sydney Swans","GWS GIANTS",10,"WR","Jacob","Wehr","CD_I1004530"
8,"SCG","Sydney Swans","GWS GIANTS",6,"HBFL","Lachie","Whitfield","CD_I294305"
8,"MCG","Hawthorn","Richmond",37,"BPL","Tom","Barrass","CD_I990290"
8,"MCG","Hawthorn","Richmond",24,"HBFL","Josh","Battle","CD_I998134"
8,"MCG","Hawthorn","Richmond",22,"INT","Luke","Breust","CD_I280744"
8,"MCG","Hawthorn","Richmond",18,"FF","Mabior","Chol","CD_I994077"
8,"MCG","Hawthorn","Richmond",16,"HBFR","Massimo","D'Ambrosio","CD_I1005144"
8,"MCG","Hawthorn","Richmond",33,"WL","Jack","Ginnivan","CD_I1012857"
8,"MCG","Hawthorn","Richmond",19,"FPL","Jack","Gunston","CD_I291351"
8,"MCG","Hawthorn","Richmond",15,"HFFL","Blake","Hardwick","CD_I993794"
8,"MCG","Hawthorn","Richmond",44,"C","Henry","Hustwaite","CD_I1023680"
8,"MCG","Hawthorn","Richmond",4,"CHB","Jarman","Impey","CD_I296254"
8,"MCG","Hawthorn","Richmond",9,"INT","Changkuoth","Jiath","CD_I998390"
8,"MCG","Hawthorn","Richmond",42,"SUB","Bailey","Macdonald","CD_I1029261"
8,"MCG","Hawthorn","Richmond",31,"FPR","Connor","Macdonald","CD_I1017094"
8,"MCG","Hawthorn","Richmond",20,"INT","Finn","Maginness","CD_I1009421"
8,"MCG","Hawthorn","Richmond",17,"RK","Lloyd","Meek","CD_I1000980"
8,"MCG","Hawthorn","Richmond",13,"HFFR","Dylan","Moore","CD_I1006314"
8,"MCG","Hawthorn","Richmond",1,"WR","Harry","Morrison","CD_I1000963"
8,"MCG","Hawthorn","Richmond",3,"RR","Jai","Newcombe","CD_I1020895"
8,"MCG","Hawthorn","Richmond",6,"BPR","James","Sicily","CD_I297566"
8,"MCG","Hawthorn","Richmond",25,"INT","Josh","Ward","CD_I1017110"
8,"MCG","Hawthorn","Richmond",34,"CHF","Nick","Watson","CD_I1023473"
8,"MCG","Hawthorn","Richmond",23,"FB","Josh","Weddle","CD_I1027935"
8,"MCG","Hawthorn","Richmond",5,"R","James","Worpel","CD_I1002222"
8,"MCG","Hawthorn","Richmond",21,"FB","Noah","Balta","CD_I1002245"
8,"MCG","Hawthorn","Richmond",41,"WL","Sam","Banks","CD_I1013197"
8,"MCG","Hawthorn","Richmond",35,"HBFR","Nathan","Broad","CD_I295203"
8,"MCG","Hawthorn","Richmond",30,"HBFL","Tom","Brown","CD_I1017086"
8,"MCG","Hawthorn","Richmond",44,"HFFR","Seth","Campbell","CD_I1023275"
8,"MCG","Hawthorn","Richmond",27,"INT","Thomson","Dow","CD_I1009226"
8,"MCG","Hawthorn","Richmond",26,"FPR","Jonty","Faull","CD_I1028498"
8,"MCG","Hawthorn","Richmond",48,"HFFL","Steely","Green","CD_I1023056"
8,"MCG","Hawthorn","Richmond",2,"R","Jacob","Hopper","CD_I993903"
8,"MCG","Hawthorn","Richmond",22,"C","Sam","Lalor","CD_I1028491"
8,"MCG","Hawthorn","Richmond",19,"FF","Tom","Lynch","CD_I293813"
8,"MCG","Hawthorn","Richmond",7,"FPL","Rhyan","Mansell","CD_I1008478"
8,"MCG","Hawthorn","Richmond",33,"INT","Kamdyn","McIntosh","CD_I294592"
8,"MCG","Hawthorn","Richmond",12,"BPR","Ben","Miller","CD_I1002403"
8,"MCG","Hawthorn","Richmond",25,"RK","Toby","Nankervis","CD_I298174"
8,"MCG","Hawthorn","Richmond",13,"WR","Hugo","Ralphsmith","CD_I1011985"
8,"MCG","Hawthorn","Richmond",17,"INT","Maurice","Rioli","CD_I1009551"
8,"MCG","Hawthorn","Richmond",5,"CHF","Jack","Ross","CD_I1006133"
8,"MCG","Hawthorn","Richmond",15,"CHB","Jayden","Short","CD_I992049"
8,"MCG","Hawthorn","Richmond",14,"RR","Tim","Taranto","CD_I998172"
8,"MCG","Hawthorn","Richmond",31,"INT","Luke","Trainor","CD_I1028521"
8,"MCG","Hawthorn","Richmond",36,"SUB","James","Trezise","CD_I1031829"
8,"MCG","Hawthorn","Richmond",1,"BPL","Nick","Vlastuin","CD_I294674"
8,"Gabba","Brisbane Lions","Gold Coast SUNS",4,"FPR","Callum","Ah Chee","CD_I298437"
8,"Gabba","Brisbane Lions","Gold Coast SUNS",31,"CHB","Harris","Andrews","CD_I996059"
8,"Gabba","Brisbane Lions","Gold Coast SUNS",43,"HBFL","Noah","Answerth","CD_I1005053"
8,"Gabba","Brisbane Lions","Gold Coast SUNS",10,"WL","Levi","Ashcroft","CD_I1028560"
8,"Gabba","Brisbane Lions","Gold Coast SUNS",8,"INT","Will","Ashcroft","CD_I1023517"
8,"Gabba","Brisbane Lions","Gold Coast SUNS",33,"C","Zac","Bailey","CD_I1002312"
8,"Gabba","Brisbane Lions","Gold Coast SUNS",7,"WR","Jarrod","Berry","CD_I998133"
8,"Gabba","Brisbane Lions","Gold Coast SUNS",23,"HFFL","Charlie","Cameron","CD_I990609"
8,"Gabba","Brisbane Lions","Gold Coast SUNS",14,"FF","Sam","Day","CD_I291753"
8,"Gabba","Brisbane Lions","Gold Coast SUNS",5,"RR","Josh","Dunkley","CD_I993834"
8,"Gabba","Brisbane Lions","Gold Coast SUNS",3,"INT","Jaspa","Fletcher","CD_I1023708"
8,"Gabba","Brisbane Lions","Gold Coast SUNS",27,"INT","Darcy","Gardiner","CD_I296269"
8,"Gabba","Brisbane Lions","Gold Coast SUNS",30,"CHF","Eric","Hipwood","CD_I993953"
8,"Gabba","Brisbane Lions","Gold Coast SUNS",35,"BPR","Ryan","Lester","CD_I291548"
8,"Gabba","Brisbane Lions","Gold Coast SUNS",6,"HFFR","Hugh","McCluggage","CD_I1000978"
8,"Gabba","Brisbane Lions","Gold Coast SUNS",46,"RK","Oscar","McInerney","CD_I1005521"
8,"Gabba","Brisbane Lions","Gold Coast SUNS",26,"INT","Conor","McKenna","CD_I997846"
8,"Gabba","Brisbane Lions","Gold Coast SUNS",28,"SUB","Will","McLachlan","CD_I1029405"
8,"Gabba","Brisbane Lions","Gold Coast SUNS",9,"R","Lachie","Neale","CD_I293535"
8,"Gabba","Brisbane Lions","Gold Coast SUNS",40,"FB","Jack","Payne","CD_I1002347"
8,"Gabba","Brisbane Lions","Gold Coast SUNS",16,"FPL","Cam","Rayner","CD_I1002235"
8,"Gabba","Brisbane Lions","Gold Coast SUNS",44,"HBFR","Darcy","Wilmot","CD_I1017067"
8,"Gabba","Brisbane Lions","Gold Coast SUNS",15,"BPL","Dayne","Zorko","CD_I261224"
8,"Gabba","Brisbane Lions","Gold Coast SUNS",9,"CHF","Ben","Ainsworth","CD_I998130"
8,"Gabba","Brisbane Lions","Gold Coast SUNS",15,"R","Noah","Anderson","CD_I1009199"
8,"Gabba","Brisbane Lions","Gold Coast SUNS",1,"BPL","Mac","Andrew","CD_I1017396"
8,"Gabba","Brisbane Lions","Gold Coast SUNS",35,"INT","Connor","Budarick","CD_I1008454"
8,"Gabba","Brisbane Lions","Gold Coast SUNS",25,"BPR","Sam","Collins","CD_I295446"
8,"Gabba","Brisbane Lions","Gold Coast SUNS",3,"INT","Sam","Flanders","CD_I1009260"
8,"Gabba","Brisbane Lions","Gold Coast SUNS",26,"FPL","Will","Graham","CD_I1026960"
8,"Gabba","Brisbane Lions","Gold Coast SUNS",7,"WL","Nick","Holman","CD_I297456"
8,"Gabba","Brisbane Lions","Gold Coast SUNS",19,"RR","Bailey","Humphrey","CD_I1023500"
8,"Gabba","Brisbane Lions","Gold Coast SUNS",40,"INT","Joel","Jeffrey","CD_I1005992"
8,"Gabba","Brisbane Lions","Gold Coast SUNS",34,"FPR","Ben","King","CD_I1006144"
8,"Gabba","Brisbane Lions","Gold Coast SUNS",11,"WR","Touk","Miller","CD_I298272"
8,"Gabba","Brisbane Lions","Gold Coast SUNS",2,"HBFL","John","Noble","CD_I1000072"
8,"Gabba","Brisbane Lions","Gold Coast SUNS",27,"CHB","Wil","Powell","CD_I1007881"
8,"Gabba","Brisbane Lions","Gold Coast SUNS",20,"HFFL","Ethan","Read","CD_I1027033"
8,"Gabba","Brisbane Lions","Gold Coast SUNS",17,"HBFR","Daniel","Rioli","CD_I1000981"
8,"Gabba","Brisbane Lions","Gold Coast SUNS",29,"SUB","Jake","Rogers","CD_I1018123"
8,"Gabba","Brisbane Lions","Gold Coast SUNS",18,"C","Matt","Rowell","CD_I1009208"
8,"Gabba","Brisbane Lions","Gold Coast SUNS",24,"FF","David","Swallow","CD_I290832"
8,"Gabba","Brisbane Lions","Gold Coast SUNS",32,"FB","Bodhi","Uwland","CD_I1017665"
8,"Gabba","Brisbane Lions","Gold Coast SUNS",4,"INT","Jed","Walter","CD_I1023736"
8,"Gabba","Brisbane Lions","Gold Coast SUNS",14,"HFFR","Lachie","Weller","CD_I298524"
8,"Gabba","Brisbane Lions","Gold Coast SUNS",28,"RK","Jarrod","Witts","CD_I291975"
9,"Optus Stadium","Fremantle","Collingwood",24,"FPR","Jye","Amiss","CD_I1020594"
9,"Optus Stadium","Fremantle","Collingwood",15,"C","Shai","Bolton","CD_I993993"
9,"Optus Stadium","Fremantle","Collingwood",8,"R","Andrew","Brayshaw","CD_I1002232"
9,"Optus Stadium","Fremantle","Collingwood",5,"HBFL","Heath","Chapman","CD_I1013224"
9,"Optus Stadium","Fremantle","Collingwood",6,"HBFR","Jordan","Clark","CD_I1006152"
9,"Optus Stadium","Fremantle","Collingwood",36,"BPR","Brennan","Cox","CD_I997033"
9,"Optus Stadium","Fremantle","Collingwood",4,"INT","Sean","Darcy","CD_I998145"
9,"Optus Stadium","Fremantle","Collingwood",43,"INT","Isaiah","Dudley","CD_I1011558"
9,"Optus Stadium","Fremantle","Collingwood",28,"SUB","Neil","Erasmus","CD_I1020250"
9,"Optus Stadium","Fremantle","Collingwood",32,"HFFL","Michael","Frederick","CD_I999321"
9,"Optus Stadium","Fremantle","Collingwood",9,"RK","Luke","Jackson","CD_I1009399"
9,"Optus Stadium","Fremantle","Collingwood",44,"WR","Matthew","Johnson","CD_I1016825"
9,"Optus Stadium","Fremantle","Collingwood",25,"FB","Alex","Pearce","CD_I298409"
9,"Optus Stadium","Fremantle","Collingwood",16,"HFFR","Murphy","Reid","CD_I1028513"
9,"Optus Stadium","Fremantle","Collingwood",13,"BPL","Luke","Ryan","CD_I998659"
9,"Optus Stadium","Fremantle","Collingwood",3,"RR","Caleb","Serong","CD_I1009420"
9,"Optus Stadium","Fremantle","Collingwood",14,"WL","Jeremy","Sharp","CD_I1009380"
9,"Optus Stadium","Fremantle","Collingwood",29,"INT","Cooper","Simpson","CD_I1027656"
9,"Optus Stadium","Fremantle","Collingwood",39,"CHF","Sam","Switkowski","CD_I992059"
9,"Optus Stadium","Fremantle","Collingwood",35,"FF","Josh","Treacy","CD_I1012819"
9,"Optus Stadium","Fremantle","Collingwood",20,"FPL","Patrick","Voss","CD_I1017754"
9,"Optus Stadium","Fremantle","Collingwood",34,"INT","Corey","Wagner","CD_I993940"
9,"Optus Stadium","Fremantle","Collingwood",23,"CHB","Karl","Worner","CD_I1021015"
9,"Optus Stadium","Fremantle","Collingwood",16,"WL","Edward","Allan","CD_I1022915"
9,"Optus Stadium","Fremantle","Collingwood",14,"FF","Darcy","Cameron","CD_I990291"
9,"Optus Stadium","Fremantle","Collingwood",46,"RK","Mason","Cox","CD_I998647"
9,"Optus Stadium","Fremantle","Collingwood",25,"INT","Jack","Crisp","CD_I293871"
9,"Optus Stadium","Fremantle","Collingwood",7,"HBFL","Josh","Daicos","CD_I1005054"
9,"Optus Stadium","Fremantle","Collingwood",35,"RR","Nick","Daicos","CD_I1023261"
9,"Optus Stadium","Fremantle","Collingwood",5,"INT","Jamie","Elliott","CD_I293801"
9,"Optus Stadium","Fremantle","Collingwood",17,"CHB","Billy","Frampton","CD_I991773"
9,"Optus Stadium","Fremantle","Collingwood",23,"FPR","Bobby","Hill","CD_I1006148"
9,"Optus Stadium","Fremantle","Collingwood",32,"INT","Will","Hoskin-Elliott","CD_I291720"
9,"Optus Stadium","Fremantle","Collingwood",9,"BPR","Dan","Houston","CD_I994295"
9,"Optus Stadium","Fremantle","Collingwood",38,"BPL","Jeremy","Howe","CD_I291313"
9,"Optus Stadium","Fremantle","Collingwood",1,"WR","Patrick","Lipinski","CD_I1003130"
9,"Optus Stadium","Fremantle","Collingwood",44,"R","Ned","Long","CD_I1017124"
9,"Optus Stadium","Fremantle","Collingwood",37,"SUB","Oleg","Markov","CD_I298358"
9,"Optus Stadium","Fremantle","Collingwood",31,"HFFL","Beau","McCreery","CD_I1004757"
9,"Optus Stadium","Fremantle","Collingwood",28,"CHF","Tim","Membrey","CD_I294596"
9,"Optus Stadium","Fremantle","Collingwood",30,"FB","Darcy","Moore","CD_I298288"
9,"Optus Stadium","Fremantle","Collingwood",12,"INT","Harry","Perryman","CD_I998205"
9,"Optus Stadium","Fremantle","Collingwood",3,"HBFR","Isaac","Quaynor","CD_I1008089"
9,"Optus Stadium","Fremantle","Collingwood",8,"HFFR","Lachie","Schultz","CD_I1000860"
9,"Optus Stadium","Fremantle","Collingwood",22,"C","Steele","Sidebottom","CD_I280965"
9,"Optus Stadium","Fremantle","Collingwood",33,"FPL","Lachlan","Sullivan","CD_I998480"
9,"MCG","St Kilda","Carlton",38,"INT","Hugh","Boxshall","CD_I1029148"
9,"MCG","St Kilda","Carlton",13,"WR","Ryan","Byrnes","CD_I1011994"
9,"MCG","St Kilda","Carlton",47,"FF","Anthony","Caminiti","CD_I1023784"
9,"MCG","St Kilda","Carlton",4,"SUB","Lance","Collard","CD_I1017959"
9,"MCG","St Kilda","Carlton",34,"HFFL","Hugo","Garcia","CD_I1027790"
9,"MCG","St Kilda","Carlton",40,"INT","Max","Hall","CD_I1020855"
9,"MCG","St Kilda","Carlton",1,"FPR","Jack","Higgins","CD_I1002227"
9,"MCG","St Kilda","Carlton",8,"CHF","Bradley","Hill","CD_I295584"
9,"MCG","St Kilda","Carlton",20,"BPL","Dougal","Howard","CD_I993480"
9,"MCG","St Kilda","Carlton",6,"RR","Jack","Macrae","CD_I295467"
9,"MCG","St Kilda","Carlton",19,"RK","Rowan","Marshall","CD_I992468"
9,"MCG","St Kilda","Carlton",45,"INT","Liam","O'Connell","CD_I1035198"
9,"MCG","St Kilda","Carlton",10,"HFFR","Mitch","Owens","CD_I1023272"
9,"MCG","St Kilda","Carlton",25,"INT","Mattaes","Phillipou","CD_I1020137"
9,"MCG","St Kilda","Carlton",43,"FPL","Cooper","Sharman","CD_I1018018"
9,"MCG","St Kilda","Carlton",35,"HBFR","Jack","Sinclair","CD_I994389"
9,"MCG","St Kilda","Carlton",9,"R","Jack","Steele","CD_I296205"
9,"MCG","St Kilda","Carlton",14,"C","Liam","Stocker","CD_I1008312"
9,"MCG","St Kilda","Carlton",7,"CHB","Nasiah","Wanganeen-Milera","CD_I1015507"
9,"MCG","St Kilda","Carlton",29,"BPR","Jimmy","Webster","CD_I290757"
9,"MCG","St Kilda","Carlton",44,"FB","Callum","Wilkie","CD_I296422"
9,"MCG","St Kilda","Carlton",22,"WL","Darcy","Wilson","CD_I1027875"
9,"MCG","St Kilda","Carlton",2,"HBFL","Marcus","Windhager","CD_I1023270"
9,"MCG","St Kilda","Carlton",13,"HFFL","Blake","Acres","CD_I296294"
9,"MCG","St Kilda","Carlton",25,"WL","Jaxon","Binns","CD_I1023533"
9,"MCG","St Kilda","Carlton",5,"RR","Adam","Cerra","CD_I1002239"
9,"MCG","St Kilda","Carlton",2,"HBFR","Lachlan","Cowan","CD_I1021353"
9,"MCG","St Kilda","Carlton",9,"C","Patrick","Cripps","CD_I990704"
9,"MCG","St Kilda","Carlton",30,"FF","Charlie","Curnow","CD_I996731"
9,"MCG","St Kilda","Carlton",12,"RK","Tom","De Koning","CD_I1004912"
9,"MCG","St Kilda","Carlton",19,"FPL","Corey","Durdin","CD_I1008510"
9,"MCG","St Kilda","Carlton",44,"INT","Francis","Evans","CD_I1017255"
9,"MCG","St Kilda","Carlton",26,"INT","Nick","Haynes","CD_I295265"
9,"MCG","St Kilda","Carlton",29,"R","George","Hewett","CD_I294036"
9,"MCG","St Kilda","Carlton",20,"WR","Elijah","Hollands","CD_I1012862"
9,"MCG","St Kilda","Carlton",4,"HBFL","Oliver","Hollands","CD_I1023495"
9,"MCG","St Kilda","Carlton",36,"SUB","Cooper","Lord","CD_I1032108"
9,"MCG","St Kilda","Carlton",11,"CHB","Mitch","McGovern","CD_I297255"
9,"MCG","St Kilda","Carlton",10,"CHF","Harry","McKay","CD_I1000953"
9,"MCG","St Kilda","Carlton",3,"HFFR","Jesse","Motlop","CD_I1017700"
9,"MCG","St Kilda","Carlton",42,"BPL","Adam","Saad","CD_I295461"
9,"MCG","St Kilda","Carlton",1,"FPR","Jack","Silvagni","CD_I1001028"
9,"MCG","St Kilda","Carlton",18,"INT","Sam","Walsh","CD_I1006094"
9,"MCG","St Kilda","Carlton",23,"FB","Jacob","Weitering","CD_I993832"
9,"MCG","St Kilda","Carlton",38,"INT","Will","White","CD_I1027713"
9,"MCG","St Kilda","Carlton",33,"BPR","Lewis","Young","CD_I997316"
9,"MCG","Melbourne","Hawthorn",17,"CHB","Jake","Bowey","CD_I1012825"
9,"MCG","Melbourne","Hawthorn",37,"WL","Kade","Chandler","CD_I1005330"
9,"MCG","Melbourne","Hawthorn",31,"CHF","Bayley","Fritsch","CD_I1001438"
9,"MCG","Melbourne","Hawthorn",11,"RK","Max","Gawn","CD_I290528"
9,"MCG","Melbourne","Hawthorn",21,"INT","Matthew","Jefferson","CD_I1023486"
9,"MCG","Melbourne","Hawthorn",15,"WR","Ed","Langdon","CD_I298264"
9,"MCG","Melbourne","Hawthorn",19,"R","Harvey","Langford","CD_I1028546"
9,"MCG","Melbourne","Hawthorn",20,"HBFL","Xavier","Lindsay","CD_I1028531"
9,"MCG","Melbourne","Hawthorn",1,"FB","Steven","May","CD_I281085"
9,"MCG","Melbourne","Hawthorn",25,"BPL","Tom","McDonald","CD_I291533"
9,"MCG","Melbourne","Hawthorn",4,"BPR","Judd","McVee","CD_I1017703"
9,"MCG","Melbourne","Hawthorn",13,"RR","Clayton","Oliver","CD_I996701"
9,"MCG","Melbourne","Hawthorn",5,"C","Christian","Petracca","CD_I298210"
9,"MCG","Melbourne","Hawthorn",36,"FPR","Kysaiah","Pickett","CD_I1008541"
9,"MCG","Melbourne","Hawthorn",24,"INT","Trent","Rivers","CD_I1009378"
9,"MCG","Melbourne","Hawthorn",3,"INT","Christian","Salem","CD_I296359"
9,"MCG","Melbourne","Hawthorn",30,"INT","Harry","Sharp","CD_I1007099"
9,"MCG","Melbourne","Hawthorn",9,"FPL","Charlie","Spargo","CD_I1002282"
9,"MCG","Melbourne","Hawthorn",32,"HFFR","Tom","Sparrow","CD_I999391"
9,"MCG","Melbourne","Hawthorn",12,"SUB","Koltyn","Tholstrup","CD_I1023640"
9,"MCG","Melbourne","Hawthorn",10,"HFFL","Daniel","Turner","CD_I1020959"
9,"MCG","Melbourne","Hawthorn",2,"FF","Jacob","van Rooyen","CD_I1017720"
9,"MCG","Melbourne","Hawthorn",6,"HBFR","Caleb","Windsor","CD_I1027821"
9,"MCG","Melbourne","Hawthorn",10,"HBFL","Karl","Amon","CD_I297354"
9,"MCG","Melbourne","Hawthorn",24,"BPL","Josh","Battle","CD_I998134"
9,"MCG","Melbourne","Hawthorn",22,"FPR","Luke","Breust","CD_I280744"
9,"MCG","Melbourne","Hawthorn",18,"FF","Mabior","Chol","CD_I994077"
9,"MCG","Melbourne","Hawthorn",16,"HBFR","Massimo","D'Ambrosio","CD_I1005144"
9,"MCG","Melbourne","Hawthorn",33,"WL","Jack","Ginnivan","CD_I1012857"
9,"MCG","Melbourne","Hawthorn",19,"FPL","Jack","Gunston","CD_I291351"
9,"MCG","Melbourne","Hawthorn",15,"HFFL","Blake","Hardwick","CD_I993794"
9,"MCG","Melbourne","Hawthorn",44,"INT","Henry","Hustwaite","CD_I1023680"
9,"MCG","Melbourne","Hawthorn",4,"CHB","Jarman","Impey","CD_I296254"
9,"MCG","Melbourne","Hawthorn",9,"INT","Changkuoth","Jiath","CD_I998390"
9,"MCG","Melbourne","Hawthorn",42,"SUB","Bailey","Macdonald","CD_I1029261"
9,"MCG","Melbourne","Hawthorn",31,"INT","Connor","Macdonald","CD_I1017094"
9,"MCG","Melbourne","Hawthorn",20,"INT","Finn","Maginness","CD_I1009421"
9,"MCG","Melbourne","Hawthorn",17,"RK","Lloyd","Meek","CD_I1000980"
9,"MCG","Melbourne","Hawthorn",13,"HFFR","Dylan","Moore","CD_I1006314"
9,"MCG","Melbourne","Hawthorn",1,"WR","Harry","Morrison","CD_I1000963"
9,"MCG","Melbourne","Hawthorn",3,"RR","Jai","Newcombe","CD_I1020895"
9,"MCG","Melbourne","Hawthorn",6,"BPR","James","Sicily","CD_I297566"
9,"MCG","Melbourne","Hawthorn",25,"C","Josh","Ward","CD_I1017110"
9,"MCG","Melbourne","Hawthorn",34,"CHF","Nick","Watson","CD_I1023473"
9,"MCG","Melbourne","Hawthorn",23,"FB","Josh","Weddle","CD_I1027935"
9,"MCG","Melbourne","Hawthorn",5,"R","James","Worpel","CD_I1002222"
9,"Marvel Stadium","Essendon","Sydney Swans",30,"CHF","Nate","Caddy","CD_I1027899"
9,"Marvel Stadium","Essendon","Sydney Swans",6,"INT","Jye","Caldwell","CD_I1006103"
9,"Marvel Stadium","Essendon","Sydney Swans",44,"WR","Archer","Day-Wicks","CD_I1029265"
9,"Marvel Stadium","Essendon","Sydney Swans",22,"R","Sam","Durham","CD_I1015810"
9,"Marvel Stadium","Essendon","Sydney Swans",28,"INT","Xavier","Duursma","CD_I1006096"
9,"Marvel Stadium","Essendon","Sydney Swans",41,"INT","Saad","El-Hawli","CD_I1015919"
9,"Marvel Stadium","Essendon","Sydney Swans",17,"RK","Todd","Goldstein","CD_I271129"
9,"Marvel Stadium","Essendon","Sydney Swans",18,"BPR","Lewis","Hayes","CD_I1023487"
9,"Marvel Stadium","Essendon","Sydney Swans",8,"INT","Ben","Hobbs","CD_I1017088"
9,"Marvel Stadium","Essendon","Sydney Swans",10,"FPR","Isaac","Kako","CD_I1028554"
9,"Marvel Stadium","Essendon","Sydney Swans",4,"FPL","Kyle","Langford","CD_I298630"
9,"Marvel Stadium","Essendon","Sydney Swans",37,"HFFR","Nic","Martin","CD_I1012013"
9,"Marvel Stadium","Essendon","Sydney Swans",1,"BPL","Andrew","McGrath","CD_I998102"
9,"Marvel Stadium","Essendon","Sydney Swans",32,"FB","Ben","McKay","CD_I1002143"
9,"Marvel Stadium","Essendon","Sydney Swans",7,"C","Zach","Merrett","CD_I992016"
9,"Marvel Stadium","Essendon","Sydney Swans",16,"HFFL","Archie","Perkins","CD_I1015873"
9,"Marvel Stadium","Essendon","Sydney Swans",25,"HBFR","Jaxon","Prior","CD_I1009386"
9,"Marvel Stadium","Essendon","Sydney Swans",27,"HBFL","Mason","Redman","CD_I997078"
9,"Marvel Stadium","Essendon","Sydney Swans",31,"CHB","Zach","Reid","CD_I1012817"
9,"Marvel Stadium","Essendon","Sydney Swans",21,"WL","Archie","Roberts","CD_I1023515"
9,"Marvel Stadium","Essendon","Sydney Swans",12,"RR","Will","Setterfield","CD_I998215"
9,"Marvel Stadium","Essendon","Sydney Swans",9,"SUB","Dylan","Shiel","CD_I291783"
9,"Marvel Stadium","Essendon","Sydney Swans",20,"FF","Peter","Wright","CD_I298289"
9,"Marvel Stadium","Essendon","Sydney Swans",26,"INT","Riley","Bice","CD_I1008224"
9,"Marvel Stadium","Essendon","Sydney Swans",22,"CHB","Nick","Blakey","CD_I1006028"
9,"Marvel Stadium","Essendon","Sydney Swans",16,"HFFL","Braeden","Campbell","CD_I1013133"
9,"Marvel Stadium","Essendon","Sydney Swans",33,"FPR","Caiden","Cleary","CD_I1024057"
9,"Marvel Stadium","Essendon","Sydney Swans",13,"WL","Oliver","Florent","CD_I998103"
9,"Marvel Stadium","Essendon","Sydney Swans",10,"FF","Aaron","Francis","CD_I990816"
9,"Marvel Stadium","Essendon","Sydney Swans",4,"RK","Brodie","Grundy","CD_I293957"
9,"Marvel Stadium","Essendon","Sydney Swans",29,"CHF","Joel","Hamling","CD_I295222"
9,"Marvel Stadium","Essendon","Sydney Swans",9,"FPL","Will","Hayward","CD_I997100"
9,"Marvel Stadium","Essendon","Sydney Swans",5,"C","Isaac","Heeney","CD_I298539"
9,"Marvel Stadium","Essendon","Sydney Swans",17,"HFFR","James","Jordon","CD_I1013409"
9,"Marvel Stadium","Essendon","Sydney Swans",44,"WR","Jake","Lloyd","CD_I295342"
9,"Marvel Stadium","Essendon","Sydney Swans",30,"FB","Tom","McCartin","CD_I1008198"
9,"Marvel Stadium","Essendon","Sydney Swans",27,"R","Justin","McInerney","CD_I1011936"
9,"Marvel Stadium","Essendon","Sydney Swans",2,"INT","Hayden","McLean","CD_I1003203"
9,"Marvel Stadium","Essendon","Sydney Swans",25,"BPL","Ben","Paton","CD_I1004985"
9,"Marvel Stadium","Essendon","Sydney Swans",24,"HBFR","Dane","Rampe","CD_I290307"
9,"Marvel Stadium","Essendon","Sydney Swans",34,"BPR","Matt","Roberts","CD_I1012210"
9,"Marvel Stadium","Essendon","Sydney Swans",8,"INT","James","Rowbottom","CD_I1006126"
9,"Marvel Stadium","Essendon","Sydney Swans",12,"SUB","Angus","Sheldrick","CD_I1020339"
9,"Marvel Stadium","Essendon","Sydney Swans",1,"RR","Chad","Warner","CD_I1012014"
9,"Marvel Stadium","Essendon","Sydney Swans",37,"INT","Corey","Warner","CD_I1018424"
9,"Marvel Stadium","Essendon","Sydney Swans",15,"HBFL","Sam","Wicks","CD_I1006232"
9,"TIO Stadium","Gold Coast SUNS","Western Bulldogs",9,"INT","Ben","Ainsworth","CD_I998130"
9,"TIO Stadium","Gold Coast SUNS","Western Bulldogs",15,"R","Noah","Anderson","CD_I1009199"
9,"TIO Stadium","Gold Coast SUNS","Western Bulldogs",1,"BPL","Mac","Andrew","CD_I1017396"
9,"TIO Stadium","Gold Coast SUNS","Western Bulldogs",33,"FPL","Sam","Clohesy","CD_I1013257"
9,"TIO Stadium","Gold Coast SUNS","Western Bulldogs",25,"BPR","Sam","Collins","CD_I295446"
9,"TIO Stadium","Gold Coast SUNS","Western Bulldogs",8,"WR","Brayden","Fiorini","CD_I993799"
9,"TIO Stadium","Gold Coast SUNS","Western Bulldogs",3,"CHF","Sam","Flanders","CD_I1009260"
9,"TIO Stadium","Gold Coast SUNS","Western Bulldogs",26,"INT","Will","Graham","CD_I1026960"
9,"TIO Stadium","Gold Coast SUNS","Western Bulldogs",7,"WL","Nick","Holman","CD_I297456"
9,"TIO Stadium","Gold Coast SUNS","Western Bulldogs",19,"RR","Bailey","Humphrey","CD_I1023500"
9,"TIO Stadium","Gold Coast SUNS","Western Bulldogs",40,"INT","Joel","Jeffrey","CD_I1005992"
9,"TIO Stadium","Gold Coast SUNS","Western Bulldogs",34,"FPR","Ben","King","CD_I1006144"
9,"TIO Stadium","Gold Coast SUNS","Western Bulldogs",22,"HFFL","Ben","Long","CD_I993917"
9,"TIO Stadium","Gold Coast SUNS","Western Bulldogs",11,"HFFR","Touk","Miller","CD_I298272"
9,"TIO Stadium","Gold Coast SUNS","Western Bulldogs",2,"HBFL","John","Noble","CD_I1000072"
9,"TIO Stadium","Gold Coast SUNS","Western Bulldogs",27,"CHB","Wil","Powell","CD_I1007881"
9,"TIO Stadium","Gold Coast SUNS","Western Bulldogs",17,"HBFR","Daniel","Rioli","CD_I1000981"
9,"TIO Stadium","Gold Coast SUNS","Western Bulldogs",29,"SUB","Jake","Rogers","CD_I1018123"
9,"TIO Stadium","Gold Coast SUNS","Western Bulldogs",41,"INT","Malcolm","Rosas","CD_I1005986"
9,"TIO Stadium","Gold Coast SUNS","Western Bulldogs",18,"C","Matt","Rowell","CD_I1009208"
9,"TIO Stadium","Gold Coast SUNS","Western Bulldogs",32,"FB","Bodhi","Uwland","CD_I1017665"
9,"TIO Stadium","Gold Coast SUNS","Western Bulldogs",4,"FF","Jed","Walter","CD_I1023736"
9,"TIO Stadium","Gold Coast SUNS","Western Bulldogs",28,"RK","Jarrod","Witts","CD_I291975"
9,"TIO Stadium","Gold Coast SUNS","Western Bulldogs",4,"RR","Marcus","Bontempelli","CD_I297373"
9,"TIO Stadium","Gold Coast SUNS","Western Bulldogs",29,"BPR","Lachlan","Bramble","CD_I1000864"
9,"TIO Stadium","Gold Coast SUNS","Western Bulldogs",36,"INT","Luke","Cleary","CD_I1015929"
9,"TIO Stadium","Gold Coast SUNS","Western Bulldogs",31,"HBFR","Bailey","Dale","CD_I996708"
9,"TIO Stadium","Gold Coast SUNS","Western Bulldogs",42,"INT","Sam","Davidson","CD_I1036123"
9,"TIO Stadium","Gold Coast SUNS","Western Bulldogs",44,"RK","Tim","English","CD_I1004592"
9,"TIO Stadium","Gold Coast SUNS","Western Bulldogs",27,"WR","Joel","Freijah","CD_I1027704"
9,"TIO Stadium","Gold Coast SUNS","Western Bulldogs",12,"SUB","Harvey","Gallagher","CD_I1017087"
9,"TIO Stadium","Gold Coast SUNS","Western Bulldogs",22,"HFFL","James","Harmes","CD_I297899"
9,"TIO Stadium","Gold Coast SUNS","Western Bulldogs",39,"HBFL","Jason","Johannisen","CD_I294101"
9,"TIO Stadium","Gold Coast SUNS","Western Bulldogs",8,"HFFR","Matthew","Kennedy","CD_I1001398"
9,"TIO Stadium","Gold Coast SUNS","Western Bulldogs",24,"CHF","Buku","Khamis","CD_I998782"
9,"TIO Stadium","Gold Coast SUNS","Western Bulldogs",21,"R","Tom","Liberatore","CD_I290799"
9,"TIO Stadium","Gold Coast SUNS","Western Bulldogs",7,"CHB","Rory","Lobb","CD_I990740"
9,"TIO Stadium","Gold Coast SUNS","Western Bulldogs",30,"INT","Lachlan","McNeil","CD_I1009015"
9,"TIO Stadium","Gold Coast SUNS","Western Bulldogs",33,"FF","Aaron","Naughton","CD_I1002404"
9,"TIO Stadium","Gold Coast SUNS","Western Bulldogs",18,"FB","James","O'Donnell","CD_I1032966"
9,"TIO Stadium","Gold Coast SUNS","Western Bulldogs",25,"INT","Caleb","Poulter","CD_I1011589"
9,"TIO Stadium","Gold Coast SUNS","Western Bulldogs",20,"C","Ed","Richards","CD_I1008280"
9,"TIO Stadium","Gold Coast SUNS","Western Bulldogs",9,"FPL","Ryley","Sanders","CD_I1017939"
9,"TIO Stadium","Gold Coast SUNS","Western Bulldogs",23,"BPL","Laitham","Vandermeer","CD_I1005000"
9,"TIO Stadium","Gold Coast SUNS","Western Bulldogs",14,"FPR","Rhylee","West","CD_I1006127"
9,"TIO Stadium","Gold Coast SUNS","Western Bulldogs",34,"WL","Bailey","Williams","CD_I992351"
9,"Adelaide Oval","Port Adelaide","Adelaide Crows",21,"FB","Aliir","Aliir","CD_I294469"
9,"Adelaide Oval","Port Adelaide","Adelaide Crows",14,"CHB","Miles","Bergman","CD_I1009191"
9,"Adelaide Oval","Port Adelaide","Adelaide Crows",7,"WL","Jase","Burgoyne","CD_I1013462"
9,"Adelaide Oval","Port Adelaide","Adelaide Crows",3,"INT","Ryan","Burton","CD_I992128"
9,"Adelaide Oval","Port Adelaide","Adelaide Crows",9,"R","Zak","Butters","CD_I1006121"
9,"Adelaide Oval","Port Adelaide","Adelaide Crows",33,"HFFL","Darcy","Byrne-Jones","CD_I991930"
9,"Adelaide Oval","Port Adelaide","Adelaide Crows",28,"C","Willem","Drew","CD_I1000972"
9,"Adelaide Oval","Port Adelaide","Adelaide Crows",6,"HBFR","Kane","Farrell","CD_I1002253"
9,"Adelaide Oval","Port Adelaide","Adelaide Crows",11,"INT","Jeremy","Finlayson","CD_I298111"
9,"Adelaide Oval","Port Adelaide","Adelaide Crows",19,"CHF","Mitch","Georgiades","CD_I1010174"
9,"Adelaide Oval","Port Adelaide","Adelaide Crows",18,"RR","Jason","Horne-Francis","CD_I1011640"
9,"Adelaide Oval","Port Adelaide","Adelaide Crows",34,"BPR","Lachie","Jones","CD_I1011583"
9,"Adelaide Oval","Port Adelaide","Adelaide Crows",30,"FF","Ollie","Lord","CD_I1012881"
9,"Adelaide Oval","Port Adelaide","Adelaide Crows",41,"INT","Jed","McEntee","CD_I1004819"
9,"Adelaide Oval","Port Adelaide","Adelaide Crows",44,"WR","Jackson","Mead","CD_I1005326"
9,"Adelaide Oval","Port Adelaide","Adelaide Crows",31,"SUB","Christian","Moraes","CD_I1028563"
9,"Adelaide Oval","Port Adelaide","Adelaide Crows",2,"FPL","Sam","Powell-Pepper","CD_I993979"
9,"Adelaide Oval","Port Adelaide","Adelaide Crows",27,"BPL","Esava","Ratugolea","CD_I1002220"
9,"Adelaide Oval","Port Adelaide","Adelaide Crows",35,"FPR","Joe","Richards","CD_I1008239"
9,"Adelaide Oval","Port Adelaide","Adelaide Crows",1,"HFFR","Connor","Rozee","CD_I1001299"
9,"Adelaide Oval","Port Adelaide","Adelaide Crows",8,"HBFL","Josh","Sinn","CD_I1017078"
9,"Adelaide Oval","Port Adelaide","Adelaide Crows",38,"RK","Dante","Visentini","CD_I1017128"
9,"Adelaide Oval","Port Adelaide","Adelaide Crows",16,"INT","Ollie","Wines","CD_I294318"
9,"Adelaide Oval","Port Adelaide","Adelaide Crows",3,"SUB","Sam","Berry","CD_I1012807"
9,"Adelaide Oval","Port Adelaide","Adelaide Crows",41,"FB","Jordon","Butts","CD_I1004995"
9,"Adelaide Oval","Port Adelaide","Adelaide Crows",44,"WL","Isaac","Cumming","CD_I1001396"
9,"Adelaide Oval","Port Adelaide","Adelaide Crows",6,"INT","Daniel","Curtin","CD_I1024023"
9,"Adelaide Oval","Port Adelaide","Adelaide Crows",12,"C","Jordan","Dawson","CD_I992242"
9,"Adelaide Oval","Port Adelaide","Adelaide Crows",32,"FPL","Darcy","Fogarty","CD_I999331"
9,"Adelaide Oval","Port Adelaide","Adelaide Crows",20,"INT","Mitchell","Hinge","CD_I1004863"
9,"Adelaide Oval","Port Adelaide","Adelaide Crows",48,"CHB","Mark","Keane","CD_I1013974"
9,"Adelaide Oval","Port Adelaide","Adelaide Crows",2,"HFFL","Ben","Keays","CD_I993946"
9,"Adelaide Oval","Port Adelaide","Adelaide Crows",29,"BPR","Rory","Laird","CD_I293222"
9,"Adelaide Oval","Port Adelaide","Adelaide Crows",16,"HBFR","Max","Michalanney","CD_I1015370"
9,"Adelaide Oval","Port Adelaide","Adelaide Crows",30,"HBFL","Wayne","Milera","CD_I990882"
9,"Adelaide Oval","Port Adelaide","Adelaide Crows",27,"WR","Luke","Nankervis","CD_I1021031"
9,"Adelaide Oval","Port Adelaide","Adelaide Crows",28,"FPR","Alex","Neal-Bullen","CD_I296420"
9,"Adelaide Oval","Port Adelaide","Adelaide Crows",43,"RK","Reilly","O'Brien","CD_I297523"
9,"Adelaide Oval","Port Adelaide","Adelaide Crows",25,"RR","James","Peatling","CD_I1006013"
9,"Adelaide Oval","Port Adelaide","Adelaide Crows",8,"HFFR","Josh","Rachele","CD_I1017051"
9,"Adelaide Oval","Port Adelaide","Adelaide Crows",23,"R","Izak","Rankine","CD_I1001195"
9,"Adelaide Oval","Port Adelaide","Adelaide Crows",14,"INT","Jake","Soligo","CD_I1017109"
9,"Adelaide Oval","Port Adelaide","Adelaide Crows",19,"INT","Zac","Taylor","CD_I1017065"
9,"Adelaide Oval","Port Adelaide","Adelaide Crows",7,"CHF","Riley","Thilthorpe","CD_I1008384"
9,"Adelaide Oval","Port Adelaide","Adelaide Crows",13,"FF","Taylor","Walker","CD_I280506"
9,"Adelaide Oval","Port Adelaide","Adelaide Crows",24,"BPL","Josh","Worrell","CD_I1011981"
9,"MCG","Richmond","West Coast Eagles",21,"FB","Noah","Balta","CD_I1002245"
9,"MCG","Richmond","West Coast Eagles",41,"WL","Sam","Banks","CD_I1013197"
9,"MCG","Richmond","West Coast Eagles",35,"HBFR","Nathan","Broad","CD_I295203"
9,"MCG","Richmond","West Coast Eagles",30,"CHB","Tom","Brown","CD_I1017086"
9,"MCG","Richmond","West Coast Eagles",44,"CHF","Seth","Campbell","CD_I1023275"
9,"MCG","Richmond","West Coast Eagles",27,"INT","Thomson","Dow","CD_I1009226"
9,"MCG","Richmond","West Coast Eagles",26,"FPR","Jonty","Faull","CD_I1028498"
9,"MCG","Richmond","West Coast Eagles",48,"HFFR","Steely","Green","CD_I1023056"
9,"MCG","Richmond","West Coast Eagles",2,"R","Jacob","Hopper","CD_I993903"
9,"MCG","Richmond","West Coast Eagles",22,"FPL","Sam","Lalor","CD_I1028491"
9,"MCG","Richmond","West Coast Eagles",19,"FF","Tom","Lynch","CD_I293813"
9,"MCG","Richmond","West Coast Eagles",7,"HFFL","Rhyan","Mansell","CD_I1008478"
9,"MCG","Richmond","West Coast Eagles",28,"HBFL","Kane","McAuliffe","CD_I1019916"
9,"MCG","Richmond","West Coast Eagles",33,"C","Kamdyn","McIntosh","CD_I294592"
9,"MCG","Richmond","West Coast Eagles",12,"BPL","Ben","Miller","CD_I1002403"
9,"MCG","Richmond","West Coast Eagles",25,"RK","Toby","Nankervis","CD_I298174"
9,"MCG","Richmond","West Coast Eagles",13,"WR","Hugo","Ralphsmith","CD_I1011985"
9,"MCG","Richmond","West Coast Eagles",5,"INT","Jack","Ross","CD_I1006133"
9,"MCG","Richmond","West Coast Eagles",38,"INT","Thomas","Sims","CD_I1018996"
9,"MCG","Richmond","West Coast Eagles",14,"RR","Tim","Taranto","CD_I998172"
9,"MCG","Richmond","West Coast Eagles",31,"INT","Luke","Trainor","CD_I1028521"
9,"MCG","Richmond","West Coast Eagles",36,"SUB","James","Trezise","CD_I1031829"
9,"MCG","Richmond","West Coast Eagles",1,"BPR","Nick","Vlastuin","CD_I294674"
9,"MCG","Richmond","West Coast Eagles",15,"EMERG","Jayden","Short","CD_I992049"
9,"MCG","Richmond","West Coast Eagles",3,"HBFR","Liam","Baker","CD_I1000223"
9,"MCG","Richmond","West Coast Eagles",41,"CHB","Sandy","Brock","CD_I1013315"
9,"MCG","Richmond","West Coast Eagles",10,"INT","Tyler","Brockman","CD_I1013511"
9,"MCG","Richmond","West Coast Eagles",28,"INT","Tom","Cole","CD_I993820"
9,"MCG","Richmond","West Coast Eagles",15,"HFFL","Jamie","Cripps","CD_I290826"
9,"MCG","Richmond","West Coast Eagles",14,"HBFL","Liam","Duggan","CD_I298268"
9,"MCG","Richmond","West Coast Eagles",42,"FB","Harry","Edwards","CD_I1011437"
9,"MCG","Richmond","West Coast Eagles",25,"RK","Matt","Flynn","CD_I993902"
9,"MCG","Richmond","West Coast Eagles",7,"BPL","Reuben","Ginbey","CD_I1023025"
9,"MCG","Richmond","West Coast Eagles",17,"FPL","Jack","Graham","CD_I990827"
9,"MCG","Richmond","West Coast Eagles",27,"SUB","Tom","Gross","CD_I1028561"
9,"MCG","Richmond","West Coast Eagles",8,"INT","Elijah","Hewett","CD_I1020670"
9,"MCG","Richmond","West Coast Eagles",19,"WR","Brady","Hough","CD_I1023167"
9,"MCG","Richmond","West Coast Eagles",5,"WL","Jayden","Hunt","CD_I994385"
9,"MCG","Richmond","West Coast Eagles",44,"HFFR","Jack","Hutchinson","CD_I1036098"
9,"MCG","Richmond","West Coast Eagles",11,"R","Tim","Kelly","CD_I295898"
9,"MCG","Richmond","West Coast Eagles",23,"BPR","Ryan","Maric","CD_I1029416"
9,"MCG","Richmond","West Coast Eagles",16,"RR","Matthew","Owies","CD_I1013973"
9,"MCG","Richmond","West Coast Eagles",22,"INT","Archer","Reid","CD_I1027693"
9,"MCG","Richmond","West Coast Eagles",9,"C","Harley","Reid","CD_I1023492"
9,"MCG","Richmond","West Coast Eagles",1,"FPR","Liam","Ryan","CD_I1004364"
9,"MCG","Richmond","West Coast Eagles",2,"CHF","Jake","Waterman","CD_I996554"
9,"MCG","Richmond","West Coast Eagles",32,"FF","Bailey J.","Williams","CD_I1006114"
9,"MCG","Richmond","West Coast Eagles",12,"EMERG","Oscar","Allen","CD_I1004385"
9,"GMHBA Stadium","Geelong Cats","GWS GIANTS",30,"R","Tom","Atkins","CD_I994386"
9,"GMHBA Stadium","Geelong Cats","GWS GIANTS",24,"INT","Jed","Bews","CD_I293883"
9,"GMHBA Stadium","Geelong Cats","GWS GIANTS",46,"FB","Mark","Blicavs","CD_I296733"
9,"GMHBA Stadium","Geelong Cats","GWS GIANTS",12,"INT","Jack","Bowes","CD_I998260"
9,"GMHBA Stadium","Geelong Cats","GWS GIANTS",5,"FPL","Jeremy","Cameron","CD_I293845"
9,"GMHBA Stadium","Geelong Cats","GWS GIANTS",13,"INT","Jhye","Clark","CD_I1023537"
9,"GMHBA Stadium","Geelong Cats","GWS GIANTS",40,"SUB","Ted","Clohesy","CD_I1023542"
9,"GMHBA Stadium","Geelong Cats","GWS GIANTS",45,"HFFL","Brad","Close","CD_I999326"
9,"GMHBA Stadium","Geelong Cats","GWS GIANTS",35,"FF","Patrick","Dangerfield","CD_I270917"
9,"GMHBA Stadium","Geelong Cats","GWS GIANTS",16,"RK","Sam","De Koning","CD_I1009229"
9,"GMHBA Stadium","Geelong Cats","GWS GIANTS",28,"WR","Oliver","Dempsey","CD_I1025034"
9,"GMHBA Stadium","Geelong Cats","GWS GIANTS",22,"BPR","Mitch","Duncan","CD_I281065"
9,"GMHBA Stadium","Geelong Cats","GWS GIANTS",39,"BPL","Zach","Guthrie","CD_I1004870"
9,"GMHBA Stadium","Geelong Cats","GWS GIANTS",36,"RR","Oliver","Henry","CD_I1012860"
9,"GMHBA Stadium","Geelong Cats","GWS GIANTS",9,"C","Max","Holmes","CD_I1015889"
9,"GMHBA Stadium","Geelong Cats","GWS GIANTS",7,"CHF","Shaun","Mannagh","CD_I993878"
9,"GMHBA Stadium","Geelong Cats","GWS GIANTS",32,"HFFR","Gryan","Miers","CD_I1004938"
9,"GMHBA Stadium","Geelong Cats","GWS GIANTS",34,"HBFL","Oisin","Mullin","CD_I1024982"
9,"GMHBA Stadium","Geelong Cats","GWS GIANTS",33,"FPR","Shannon","Neale","CD_I1016433"
9,"GMHBA Stadium","Geelong Cats","GWS GIANTS",42,"HBFR","Mark","O'Connor","CD_I1007102"
9,"GMHBA Stadium","Geelong Cats","GWS GIANTS",14,"CHB","Connor","O'Sullivan","CD_I1027877"
9,"GMHBA Stadium","Geelong Cats","GWS GIANTS",3,"WL","Bailey","Smith","CD_I1006130"
9,"GMHBA Stadium","Geelong Cats","GWS GIANTS",18,"INT","Tyson","Stengle","CD_I997230"
9,"GMHBA Stadium","Geelong Cats","GWS GIANTS",29,"WL","Cody","Angove","CD_I1032619"
9,"GMHBA Stadium","Geelong Cats","GWS GIANTS",7,"HBFR","Lachie","Ash","CD_I1009253"
9,"GMHBA Stadium","Geelong Cats","GWS GIANTS",32,"RK","Kieren","Briggs","CD_I1008436"
9,"GMHBA Stadium","Geelong Cats","GWS GIANTS",46,"INT","Callum","Brown","CD_I1014038"
9,"GMHBA Stadium","Geelong Cats","GWS GIANTS",44,"CHB","Jack","Buckley","CD_I1009708"
9,"GMHBA Stadium","Geelong Cats","GWS GIANTS",5,"CHF","Aaron","Cadman","CD_I1019038"
9,"GMHBA Stadium","Geelong Cats","GWS GIANTS",17,"C","Finn","Callaghan","CD_I1023266"
9,"GMHBA Stadium","Geelong Cats","GWS GIANTS",38,"SUB","Josaia","Delana","CD_I1029030"
9,"GMHBA Stadium","Geelong Cats","GWS GIANTS",37,"INT","Joe","Fonti","CD_I1032629"
9,"GMHBA Stadium","Geelong Cats","GWS GIANTS",12,"R","Tom","Green","CD_I1009528"
9,"GMHBA Stadium","Geelong Cats","GWS GIANTS",4,"FPR","Toby","Greene","CD_I295344"
9,"GMHBA Stadium","Geelong Cats","GWS GIANTS",27,"BPR","Harry","Himmelberg","CD_I993107"
9,"GMHBA Stadium","Geelong Cats","GWS GIANTS",23,"FF","Jesse","Hogan","CD_I296324"
9,"GMHBA Stadium","Geelong Cats","GWS GIANTS",39,"BPL","Connor","Idun","CD_I1008083"
9,"GMHBA Stadium","Geelong Cats","GWS GIANTS",31,"INT","Toby","McMullin","CD_I1027971"
9,"GMHBA Stadium","Geelong Cats","GWS GIANTS",33,"HFFL","Xavier","O'Halloran","CD_I1006135"
9,"GMHBA Stadium","Geelong Cats","GWS GIANTS",26,"INT","Jake","Riccardi","CD_I1008123"
9,"GMHBA Stadium","Geelong Cats","GWS GIANTS",20,"HFFR","Jake","Stringer","CD_I293884"
9,"GMHBA Stadium","Geelong Cats","GWS GIANTS",15,"FB","Sam","Taylor","CD_I1005247"
9,"GMHBA Stadium","Geelong Cats","GWS GIANTS",1,"FPL","Harvey","Thomas","CD_I1027925"
9,"GMHBA Stadium","Geelong Cats","GWS GIANTS",8,"RR","Callan","Ward","CD_I280109"
9,"GMHBA Stadium","Geelong Cats","GWS GIANTS",10,"WR","Jacob","Wehr","CD_I1004530"
9,"GMHBA Stadium","Geelong Cats","GWS GIANTS",6,"HBFL","Lachie","Whitfield","CD_I294305"
9,"Ninja Stadium","North Melbourne","Brisbane Lions",30,"BPL","Charlie","Comben","CD_I1015781"
9,"Ninja Stadium","North Melbourne","Brisbane Lions",4,"HBFL","Aidan","Corr","CD_I294508"
9,"Ninja Stadium","North Melbourne","Brisbane Lions",5,"CHB","Caleb","Daniel","CD_I295136"
9,"Ninja Stadium","North Melbourne","Brisbane Lions",28,"FF","Jack","Darling","CD_I290838"
9,"Ninja Stadium","North Melbourne","Brisbane Lions",9,"C","Luke","Davies-Uniacke","CD_I1002267"
9,"Ninja Stadium","North Melbourne","Brisbane Lions",7,"INT","Zane","Duursma","CD_I1023494"
9,"Ninja Stadium","North Melbourne","Brisbane Lions",17,"INT","Riley","Hardeman","CD_I1023625"
9,"Ninja Stadium","North Melbourne","Brisbane Lions",41,"INT","Jacob","Konstanty","CD_I1023530"
9,"Ninja Stadium","North Melbourne","Brisbane Lions",20,"CHF","Nick","Larkey","CD_I1001017"
9,"Ninja Stadium","North Melbourne","Brisbane Lions",39,"HFFR","Finnbar","Maley","CD_I1031792"
9,"Ninja Stadium","North Melbourne","Brisbane Lions",11,"BPR","Luke","McDonald","CD_I296355"
9,"Ninja Stadium","North Melbourne","Brisbane Lions",10,"HBFR","Colby","McKercher","CD_I1024272"
9,"Ninja Stadium","North Melbourne","Brisbane Lions",2,"WL","Finn","O'Sullivan","CD_I1028495"
9,"Ninja Stadium","North Melbourne","Brisbane Lions",26,"INT","Luke","Parker","CD_I290778"
9,"Ninja Stadium","North Melbourne","Brisbane Lions",32,"FB","Toby","Pink","CD_I1002138"
9,"Ninja Stadium","North Melbourne","Brisbane Lions",24,"RR","Tom","Powell","CD_I1011659"
9,"Ninja Stadium","North Melbourne","Brisbane Lions",8,"SUB","Bailey","Scott","CD_I1006058"
9,"Ninja Stadium","North Melbourne","Brisbane Lions",3,"HFFL","Harry","Sheezel","CD_I1023518"
9,"Ninja Stadium","North Melbourne","Brisbane Lions",12,"WR","Jy","Simpkin","CD_I993998"
9,"Ninja Stadium","North Melbourne","Brisbane Lions",15,"FPL","Dylan","Stephens","CD_I1004848"
9,"Ninja Stadium","North Melbourne","Brisbane Lions",6,"R","George","Wardlaw","CD_I1023477"
9,"Ninja Stadium","North Melbourne","Brisbane Lions",38,"RK","Tristan","Xerri","CD_I1004965"
9,"Ninja Stadium","North Melbourne","Brisbane Lions",44,"FPR","Cameron","Zurhaar","CD_I998484"
9,"Ninja Stadium","North Melbourne","Brisbane Lions",4,"FPR","Callum","Ah Chee","CD_I298437"
9,"Ninja Stadium","North Melbourne","Brisbane Lions",31,"CHB","Harris","Andrews","CD_I996059"
9,"Ninja Stadium","North Melbourne","Brisbane Lions",43,"HBFL","Noah","Answerth","CD_I1005053"
9,"Ninja Stadium","North Melbourne","Brisbane Lions",10,"WL","Levi","Ashcroft","CD_I1028560"
9,"Ninja Stadium","North Melbourne","Brisbane Lions",8,"INT","Will","Ashcroft","CD_I1023517"
9,"Ninja Stadium","North Melbourne","Brisbane Lions",33,"C","Zac","Bailey","CD_I1002312"
9,"Ninja Stadium","North Melbourne","Brisbane Lions",7,"WR","Jarrod","Berry","CD_I998133"
9,"Ninja Stadium","North Melbourne","Brisbane Lions",23,"HFFL","Charlie","Cameron","CD_I990609"
9,"Ninja Stadium","North Melbourne","Brisbane Lions",5,"RR","Josh","Dunkley","CD_I993834"
9,"Ninja Stadium","North Melbourne","Brisbane Lions",3,"HBFR","Jaspa","Fletcher","CD_I1023708"
9,"Ninja Stadium","North Melbourne","Brisbane Lions",32,"FF","Darcy","Fort","CD_I298211"
9,"Ninja Stadium","North Melbourne","Brisbane Lions",27,"SUB","Darcy","Gardiner","CD_I296269"
9,"Ninja Stadium","North Melbourne","Brisbane Lions",30,"CHF","Eric","Hipwood","CD_I993953"
9,"Ninja Stadium","North Melbourne","Brisbane Lions",35,"BPR","Ryan","Lester","CD_I291548"
9,"Ninja Stadium","North Melbourne","Brisbane Lions",1,"INT","Kai","Lohmann","CD_I1014026"
9,"Ninja Stadium","North Melbourne","Brisbane Lions",6,"HFFR","Hugh","McCluggage","CD_I1000978"
9,"Ninja Stadium","North Melbourne","Brisbane Lions",46,"RK","Oscar","McInerney","CD_I1005521"
9,"Ninja Stadium","North Melbourne","Brisbane Lions",13,"INT","Logan","Morris","CD_I1028019"
9,"Ninja Stadium","North Melbourne","Brisbane Lions",9,"R","Lachie","Neale","CD_I293535"
9,"Ninja Stadium","North Melbourne","Brisbane Lions",40,"FB","Jack","Payne","CD_I1002347"
9,"Ninja Stadium","North Melbourne","Brisbane Lions",16,"FPL","Cam","Rayner","CD_I1002235"
9,"Ninja Stadium","North Melbourne","Brisbane Lions",44,"INT","Darcy","Wilmot","CD_I1017067"
9,"Ninja Stadium","North Melbourne","Brisbane Lions",15,"BPL","Dayne","Zorko","CD_I261224"
10,"TIO Stadium","Gold Coast SUNS","Hawthorn",9,"HFFL","Ben","Ainsworth","CD_I998130"
10,"TIO Stadium","Gold Coast SUNS","Hawthorn",15,"R","Noah","Anderson","CD_I1009199"
10,"TIO Stadium","Gold Coast SUNS","Hawthorn",1,"BPL","Mac","Andrew","CD_I1017396"
10,"TIO Stadium","Gold Coast SUNS","Hawthorn",33,"WL","Sam","Clohesy","CD_I1013257"
10,"TIO Stadium","Gold Coast SUNS","Hawthorn",25,"BPR","Sam","Collins","CD_I295446"
10,"TIO Stadium","Gold Coast SUNS","Hawthorn",8,"WR","Brayden","Fiorini","CD_I993799"
10,"TIO Stadium","Gold Coast SUNS","Hawthorn",3,"INT","Sam","Flanders","CD_I1009260"
10,"TIO Stadium","Gold Coast SUNS","Hawthorn",7,"HFFR","Nick","Holman","CD_I297456"
10,"TIO Stadium","Gold Coast SUNS","Hawthorn",19,"RR","Bailey","Humphrey","CD_I1023500"
10,"TIO Stadium","Gold Coast SUNS","Hawthorn",40,"INT","Joel","Jeffrey","CD_I1005992"
10,"TIO Stadium","Gold Coast SUNS","Hawthorn",34,"FPR","Ben","King","CD_I1006144"
10,"TIO Stadium","Gold Coast SUNS","Hawthorn",22,"FPL","Ben","Long","CD_I993917"
10,"TIO Stadium","Gold Coast SUNS","Hawthorn",11,"CHF","Touk","Miller","CD_I298272"
10,"TIO Stadium","Gold Coast SUNS","Hawthorn",21,"INT","Ned","Moyle","CD_I1021013"
10,"TIO Stadium","Gold Coast SUNS","Hawthorn",2,"HBFL","John","Noble","CD_I1000072"
10,"TIO Stadium","Gold Coast SUNS","Hawthorn",27,"CHB","Wil","Powell","CD_I1007881"
10,"TIO Stadium","Gold Coast SUNS","Hawthorn",17,"HBFR","Daniel","Rioli","CD_I1000981"
10,"TIO Stadium","Gold Coast SUNS","Hawthorn",41,"INT","Malcolm","Rosas","CD_I1005986"
10,"TIO Stadium","Gold Coast SUNS","Hawthorn",18,"C","Matt","Rowell","CD_I1009208"
10,"TIO Stadium","Gold Coast SUNS","Hawthorn",24,"SUB","David","Swallow","CD_I290832"
10,"TIO Stadium","Gold Coast SUNS","Hawthorn",32,"FB","Bodhi","Uwland","CD_I1017665"
10,"TIO Stadium","Gold Coast SUNS","Hawthorn",4,"FF","Jed","Walter","CD_I1023736"
10,"TIO Stadium","Gold Coast SUNS","Hawthorn",28,"RK","Jarrod","Witts","CD_I291975"
10,"TIO Stadium","Gold Coast SUNS","Hawthorn",10,"HBFL","Karl","Amon","CD_I297354"
10,"TIO Stadium","Gold Coast SUNS","Hawthorn",37,"FB","Tom","Barrass","CD_I990290"
10,"TIO Stadium","Gold Coast SUNS","Hawthorn",24,"BPL","Josh","Battle","CD_I998134"
10,"TIO Stadium","Gold Coast SUNS","Hawthorn",18,"FF","Mabior","Chol","CD_I994077"
10,"TIO Stadium","Gold Coast SUNS","Hawthorn",16,"WL","Massimo","D'Ambrosio","CD_I1005144"
10,"TIO Stadium","Gold Coast SUNS","Hawthorn",35,"INT","Calsher","Dear","CD_I1032100"
10,"TIO Stadium","Gold Coast SUNS","Hawthorn",33,"FPR","Jack","Ginnivan","CD_I1012857"
10,"TIO Stadium","Gold Coast SUNS","Hawthorn",15,"HFFL","Blake","Hardwick","CD_I993794"
10,"TIO Stadium","Gold Coast SUNS","Hawthorn",9,"INT","Changkuoth","Jiath","CD_I998390"
10,"TIO Stadium","Gold Coast SUNS","Hawthorn",42,"SUB","Bailey","Macdonald","CD_I1029261"
10,"TIO Stadium","Gold Coast SUNS","Hawthorn",31,"FPL","Connor","Macdonald","CD_I1017094"
10,"TIO Stadium","Gold Coast SUNS","Hawthorn",28,"INT","Cam","Mackenzie","CD_I1023482"
10,"TIO Stadium","Gold Coast SUNS","Hawthorn",20,"INT","Finn","Maginness","CD_I1009421"
10,"TIO Stadium","Gold Coast SUNS","Hawthorn",13,"HFFR","Dylan","Moore","CD_I1006314"
10,"TIO Stadium","Gold Coast SUNS","Hawthorn",1,"WR","Harry","Morrison","CD_I1000963"
10,"TIO Stadium","Gold Coast SUNS","Hawthorn",3,"RR","Jai","Newcombe","CD_I1020895"
10,"TIO Stadium","Gold Coast SUNS","Hawthorn",7,"RK","Ned","Reeves","CD_I1001024"
10,"TIO Stadium","Gold Coast SUNS","Hawthorn",14,"HBFR","Jack","Scrimshaw","CD_I998114"
10,"TIO Stadium","Gold Coast SUNS","Hawthorn",6,"BPR","James","Sicily","CD_I297566"
10,"TIO Stadium","Gold Coast SUNS","Hawthorn",25,"C","Josh","Ward","CD_I1017110"
10,"TIO Stadium","Gold Coast SUNS","Hawthorn",34,"CHF","Nick","Watson","CD_I1023473"
10,"TIO Stadium","Gold Coast SUNS","Hawthorn",23,"CHB","Josh","Weddle","CD_I1027935"
10,"TIO Stadium","Gold Coast SUNS","Hawthorn",5,"R","James","Worpel","CD_I1002222"
10,"SCG","Sydney Swans","Carlton",36,"CHF","Joel","Amartey","CD_I1008091"
10,"SCG","Sydney Swans","Carlton",26,"INT","Riley","Bice","CD_I1008224"
10,"SCG","Sydney Swans","Carlton",22,"CHB","Nick","Blakey","CD_I1006028"
10,"SCG","Sydney Swans","Carlton",16,"HFFL","Braeden","Campbell","CD_I1013133"
10,"SCG","Sydney Swans","Carlton",33,"FPR","Caiden","Cleary","CD_I1024057"
10,"SCG","Sydney Swans","Carlton",13,"SUB","Oliver","Florent","CD_I998103"
10,"SCG","Sydney Swans","Carlton",10,"FF","Aaron","Francis","CD_I990816"
10,"SCG","Sydney Swans","Carlton",4,"RK","Brodie","Grundy","CD_I293957"
10,"SCG","Sydney Swans","Carlton",29,"HFFR","Joel","Hamling","CD_I295222"
10,"SCG","Sydney Swans","Carlton",9,"FPL","Will","Hayward","CD_I997100"
10,"SCG","Sydney Swans","Carlton",5,"C","Isaac","Heeney","CD_I298539"
10,"SCG","Sydney Swans","Carlton",17,"INT","James","Jordon","CD_I1013409"
10,"SCG","Sydney Swans","Carlton",19,"INT","Peter","Ladhams","CD_I997142"
10,"SCG","Sydney Swans","Carlton",44,"WR","Jake","Lloyd","CD_I295342"
10,"SCG","Sydney Swans","Carlton",30,"FB","Tom","McCartin","CD_I1008198"
10,"SCG","Sydney Swans","Carlton",27,"HBFL","Justin","McInerney","CD_I1011936"
10,"SCG","Sydney Swans","Carlton",24,"HBFR","Dane","Rampe","CD_I290307"
10,"SCG","Sydney Swans","Carlton",34,"BPR","Matt","Roberts","CD_I1012210"
10,"SCG","Sydney Swans","Carlton",8,"R","James","Rowbottom","CD_I1006126"
10,"SCG","Sydney Swans","Carlton",12,"WL","Angus","Sheldrick","CD_I1020339"
10,"SCG","Sydney Swans","Carlton",1,"RR","Chad","Warner","CD_I1012014"
10,"SCG","Sydney Swans","Carlton",37,"INT","Corey","Warner","CD_I1018424"
10,"SCG","Sydney Swans","Carlton",15,"BPL","Sam","Wicks","CD_I1006232"
10,"SCG","Sydney Swans","Carlton",25,"WR","Jaxon","Binns","CD_I1023533"
10,"SCG","Sydney Swans","Carlton",37,"SUB","Jordan","Boyd","CD_I1002795"
10,"SCG","Sydney Swans","Carlton",32,"INT","Matthew","Carroll","CD_I1027964"
10,"SCG","Sydney Swans","Carlton",5,"INT","Adam","Cerra","CD_I1002239"
10,"SCG","Sydney Swans","Carlton",9,"C","Patrick","Cripps","CD_I990704"
10,"SCG","Sydney Swans","Carlton",30,"FF","Charlie","Curnow","CD_I996731"
10,"SCG","Sydney Swans","Carlton",19,"INT","Corey","Durdin","CD_I1008510"
10,"SCG","Sydney Swans","Carlton",44,"RR","Francis","Evans","CD_I1017255"
10,"SCG","Sydney Swans","Carlton",26,"HBFL","Nick","Haynes","CD_I295265"
10,"SCG","Sydney Swans","Carlton",29,"R","George","Hewett","CD_I294036"
10,"SCG","Sydney Swans","Carlton",20,"WL","Elijah","Hollands","CD_I1012862"
10,"SCG","Sydney Swans","Carlton",4,"BPL","Oliver","Hollands","CD_I1023495"
10,"SCG","Sydney Swans","Carlton",36,"HFFL","Cooper","Lord","CD_I1032108"
10,"SCG","Sydney Swans","Carlton",11,"CHB","Mitch","McGovern","CD_I297255"
10,"SCG","Sydney Swans","Carlton",10,"CHF","Harry","McKay","CD_I1000953"
10,"SCG","Sydney Swans","Carlton",3,"FPR","Jesse","Motlop","CD_I1017700"
10,"SCG","Sydney Swans","Carlton",27,"RK","Marc","Pittonet","CD_I298290"
10,"SCG","Sydney Swans","Carlton",42,"BPR","Adam","Saad","CD_I295461"
10,"SCG","Sydney Swans","Carlton",1,"FPL","Jack","Silvagni","CD_I1001028"
10,"SCG","Sydney Swans","Carlton",18,"HFFR","Sam","Walsh","CD_I1006094"
10,"SCG","Sydney Swans","Carlton",23,"FB","Jacob","Weitering","CD_I993832"
10,"SCG","Sydney Swans","Carlton",38,"INT","Will","White","CD_I1027713"
10,"SCG","Sydney Swans","Carlton",33,"HBFR","Lewis","Young","CD_I997316"
10,"MCG","Collingwood","Adelaide Crows",16,"WL","Edward","Allan","CD_I1022915"
10,"MCG","Collingwood","Adelaide Crows",14,"RK","Darcy","Cameron","CD_I990291"
10,"MCG","Collingwood","Adelaide Crows",46,"INT","Mason","Cox","CD_I998647"
10,"MCG","Collingwood","Adelaide Crows",25,"R","Jack","Crisp","CD_I293871"
10,"MCG","Collingwood","Adelaide Crows",7,"INT","Josh","Daicos","CD_I1005054"
10,"MCG","Collingwood","Adelaide Crows",35,"C","Nick","Daicos","CD_I1023261"
10,"MCG","Collingwood","Adelaide Crows",5,"FPL","Jamie","Elliott","CD_I293801"
10,"MCG","Collingwood","Adelaide Crows",17,"CHB","Billy","Frampton","CD_I991773"
10,"MCG","Collingwood","Adelaide Crows",23,"HFFR","Bobby","Hill","CD_I1006148"
10,"MCG","Collingwood","Adelaide Crows",32,"INT","Will","Hoskin-Elliott","CD_I291720"
10,"MCG","Collingwood","Adelaide Crows",9,"BPR","Dan","Houston","CD_I994295"
10,"MCG","Collingwood","Adelaide Crows",38,"FB","Jeremy","Howe","CD_I291313"
10,"MCG","Collingwood","Adelaide Crows",1,"SUB","Patrick","Lipinski","CD_I1003130"
10,"MCG","Collingwood","Adelaide Crows",44,"INT","Ned","Long","CD_I1017124"
10,"MCG","Collingwood","Adelaide Crows",4,"BPL","Brayden","Maynard","CD_I992010"
10,"MCG","Collingwood","Adelaide Crows",31,"HFFL","Beau","McCreery","CD_I1004757"
10,"MCG","Collingwood","Adelaide Crows",28,"FF","Tim","Membrey","CD_I294596"
10,"MCG","Collingwood","Adelaide Crows",41,"CHF","Brody","Mihocek","CD_I291849"
10,"MCG","Collingwood","Adelaide Crows",10,"RR","Scott","Pendlebury","CD_I260257"
10,"MCG","Collingwood","Adelaide Crows",12,"HBFL","Harry","Perryman","CD_I998205"
10,"MCG","Collingwood","Adelaide Crows",3,"HBFR","Isaac","Quaynor","CD_I1008089"
10,"MCG","Collingwood","Adelaide Crows",22,"WR","Steele","Sidebottom","CD_I280965"
10,"MCG","Collingwood","Adelaide Crows",33,"FPR","Lachlan","Sullivan","CD_I998480"
10,"MCG","Collingwood","Adelaide Crows",3,"SUB","Sam","Berry","CD_I1012807"
10,"MCG","Collingwood","Adelaide Crows",41,"FB","Jordon","Butts","CD_I1004995"
10,"MCG","Collingwood","Adelaide Crows",44,"WL","Isaac","Cumming","CD_I1001396"
10,"MCG","Collingwood","Adelaide Crows",6,"INT","Daniel","Curtin","CD_I1024023"
10,"MCG","Collingwood","Adelaide Crows",12,"C","Jordan","Dawson","CD_I992242"
10,"MCG","Collingwood","Adelaide Crows",32,"FPL","Darcy","Fogarty","CD_I999331"
10,"MCG","Collingwood","Adelaide Crows",20,"HBFR","Mitchell","Hinge","CD_I1004863"
10,"MCG","Collingwood","Adelaide Crows",48,"CHB","Mark","Keane","CD_I1013974"
10,"MCG","Collingwood","Adelaide Crows",2,"HFFL","Ben","Keays","CD_I993946"
10,"MCG","Collingwood","Adelaide Crows",29,"BPR","Rory","Laird","CD_I293222"
10,"MCG","Collingwood","Adelaide Crows",16,"HBFL","Max","Michalanney","CD_I1015370"
10,"MCG","Collingwood","Adelaide Crows",30,"INT","Wayne","Milera","CD_I990882"
10,"MCG","Collingwood","Adelaide Crows",27,"WR","Luke","Nankervis","CD_I1021031"
10,"MCG","Collingwood","Adelaide Crows",28,"FPR","Alex","Neal-Bullen","CD_I296420"
10,"MCG","Collingwood","Adelaide Crows",43,"RK","Reilly","O'Brien","CD_I297523"
10,"MCG","Collingwood","Adelaide Crows",25,"HFFR","James","Peatling","CD_I1006013"
10,"MCG","Collingwood","Adelaide Crows",8,"R","Josh","Rachele","CD_I1017051"
10,"MCG","Collingwood","Adelaide Crows",23,"RR","Izak","Rankine","CD_I1001195"
10,"MCG","Collingwood","Adelaide Crows",14,"INT","Jake","Soligo","CD_I1017109"
10,"MCG","Collingwood","Adelaide Crows",19,"INT","Zac","Taylor","CD_I1017065"
10,"MCG","Collingwood","Adelaide Crows",7,"CHF","Riley","Thilthorpe","CD_I1008384"
10,"MCG","Collingwood","Adelaide Crows",13,"FF","Taylor","Walker","CD_I280506"
10,"MCG","Collingwood","Adelaide Crows",24,"BPL","Josh","Worrell","CD_I1011981"
10,"Adelaide Oval","Port Adelaide","Geelong Cats",21,"FB","Aliir","Aliir","CD_I294469"
10,"Adelaide Oval","Port Adelaide","Geelong Cats",14,"C","Miles","Bergman","CD_I1009191"
10,"Adelaide Oval","Port Adelaide","Geelong Cats",7,"WL","Jase","Burgoyne","CD_I1013462"
10,"Adelaide Oval","Port Adelaide","Geelong Cats",3,"HBFR","Ryan","Burton","CD_I992128"
10,"Adelaide Oval","Port Adelaide","Geelong Cats",9,"R","Zak","Butters","CD_I1006121"
10,"Adelaide Oval","Port Adelaide","Geelong Cats",33,"HFFR","Darcy","Byrne-Jones","CD_I991930"
10,"Adelaide Oval","Port Adelaide","Geelong Cats",28,"INT","Willem","Drew","CD_I1000972"
10,"Adelaide Oval","Port Adelaide","Geelong Cats",22,"INT","Logan","Evans","CD_I1019938"
10,"Adelaide Oval","Port Adelaide","Geelong Cats",11,"INT","Jeremy","Finlayson","CD_I298111"
10,"Adelaide Oval","Port Adelaide","Geelong Cats",19,"FF","Mitch","Georgiades","CD_I1010174"
10,"Adelaide Oval","Port Adelaide","Geelong Cats",18,"RR","Jason","Horne-Francis","CD_I1011640"
10,"Adelaide Oval","Port Adelaide","Geelong Cats",34,"BPR","Lachie","Jones","CD_I1011583"
10,"Adelaide Oval","Port Adelaide","Geelong Cats",30,"FPR","Ollie","Lord","CD_I1012881"
10,"Adelaide Oval","Port Adelaide","Geelong Cats",44,"WR","Jackson","Mead","CD_I1005326"
10,"Adelaide Oval","Port Adelaide","Geelong Cats",31,"SUB","Christian","Moraes","CD_I1028563"
10,"Adelaide Oval","Port Adelaide","Geelong Cats",2,"FPL","Sam","Powell-Pepper","CD_I993979"
10,"Adelaide Oval","Port Adelaide","Geelong Cats",27,"BPL","Esava","Ratugolea","CD_I1002220"
10,"Adelaide Oval","Port Adelaide","Geelong Cats",35,"CHF","Joe","Richards","CD_I1008239"
10,"Adelaide Oval","Port Adelaide","Geelong Cats",15,"HFFL","Willie","Rioli","CD_I296225"
10,"Adelaide Oval","Port Adelaide","Geelong Cats",1,"CHB","Connor","Rozee","CD_I1001299"
10,"Adelaide Oval","Port Adelaide","Geelong Cats",8,"HBFL","Josh","Sinn","CD_I1017078"
10,"Adelaide Oval","Port Adelaide","Geelong Cats",38,"RK","Dante","Visentini","CD_I1017128"
10,"Adelaide Oval","Port Adelaide","Geelong Cats",16,"INT","Ollie","Wines","CD_I294318"
10,"Adelaide Oval","Port Adelaide","Geelong Cats",30,"INT","Tom","Atkins","CD_I994386"
10,"Adelaide Oval","Port Adelaide","Geelong Cats",24,"INT","Jed","Bews","CD_I293883"
10,"Adelaide Oval","Port Adelaide","Geelong Cats",46,"RK","Mark","Blicavs","CD_I296733"
10,"Adelaide Oval","Port Adelaide","Geelong Cats",12,"INT","Jack","Bowes","CD_I998260"
10,"Adelaide Oval","Port Adelaide","Geelong Cats",5,"FPL","Jeremy","Cameron","CD_I293845"
10,"Adelaide Oval","Port Adelaide","Geelong Cats",45,"HFFL","Brad","Close","CD_I999326"
10,"Adelaide Oval","Port Adelaide","Geelong Cats",35,"FF","Patrick","Dangerfield","CD_I270917"
10,"Adelaide Oval","Port Adelaide","Geelong Cats",16,"FB","Sam","De Koning","CD_I1009229"
10,"Adelaide Oval","Port Adelaide","Geelong Cats",28,"WR","Oliver","Dempsey","CD_I1025034"
10,"Adelaide Oval","Port Adelaide","Geelong Cats",22,"SUB","Mitch","Duncan","CD_I281065"
10,"Adelaide Oval","Port Adelaide","Geelong Cats",39,"HBFR","Zach","Guthrie","CD_I1004870"
10,"Adelaide Oval","Port Adelaide","Geelong Cats",38,"BPL","Jack","Henry","CD_I1000937"
10,"Adelaide Oval","Port Adelaide","Geelong Cats",36,"HFFR","Oliver","Henry","CD_I1012860"
10,"Adelaide Oval","Port Adelaide","Geelong Cats",9,"C","Max","Holmes","CD_I1015889"
10,"Adelaide Oval","Port Adelaide","Geelong Cats",17,"HBFL","Lawson","Humphries","CD_I1013464"
10,"Adelaide Oval","Port Adelaide","Geelong Cats",7,"CHF","Shaun","Mannagh","CD_I993878"
10,"Adelaide Oval","Port Adelaide","Geelong Cats",32,"WL","Gryan","Miers","CD_I1004938"
10,"Adelaide Oval","Port Adelaide","Geelong Cats",34,"R","Oisin","Mullin","CD_I1024982"
10,"Adelaide Oval","Port Adelaide","Geelong Cats",33,"FPR","Shannon","Neale","CD_I1016433"
10,"Adelaide Oval","Port Adelaide","Geelong Cats",42,"CHB","Mark","O'Connor","CD_I1007102"
10,"Adelaide Oval","Port Adelaide","Geelong Cats",14,"BPR","Connor","O'Sullivan","CD_I1027877"
10,"Adelaide Oval","Port Adelaide","Geelong Cats",3,"RR","Bailey","Smith","CD_I1006130"
10,"Adelaide Oval","Port Adelaide","Geelong Cats",18,"INT","Tyson","Stengle","CD_I997230"
10,"ENGIE Stadium","GWS GIANTS","Fremantle",29,"INT","Cody","Angove","CD_I1032619"
10,"ENGIE Stadium","GWS GIANTS","Fremantle",7,"HBFR","Lachie","Ash","CD_I1009253"
10,"ENGIE Stadium","GWS GIANTS","Fremantle",14,"RR","Toby","Bedford","CD_I1008139"
10,"ENGIE Stadium","GWS GIANTS","Fremantle",32,"RK","Kieren","Briggs","CD_I1008436"
10,"ENGIE Stadium","GWS GIANTS","Fremantle",46,"FPL","Callum","Brown","CD_I1014038"
10,"ENGIE Stadium","GWS GIANTS","Fremantle",44,"CHB","Jack","Buckley","CD_I1009708"
10,"ENGIE Stadium","GWS GIANTS","Fremantle",5,"CHF","Aaron","Cadman","CD_I1019038"
10,"ENGIE Stadium","GWS GIANTS","Fremantle",17,"C","Finn","Callaghan","CD_I1023266"
10,"ENGIE Stadium","GWS GIANTS","Fremantle",37,"INT","Joe","Fonti","CD_I1032629"
10,"ENGIE Stadium","GWS GIANTS","Fremantle",12,"R","Tom","Green","CD_I1009528"
10,"ENGIE Stadium","GWS GIANTS","Fremantle",4,"FPR","Toby","Greene","CD_I295344"
10,"ENGIE Stadium","GWS GIANTS","Fremantle",27,"BPR","Harry","Himmelberg","CD_I993107"
10,"ENGIE Stadium","GWS GIANTS","Fremantle",23,"FF","Jesse","Hogan","CD_I296324"
10,"ENGIE Stadium","GWS GIANTS","Fremantle",39,"BPL","Connor","Idun","CD_I1008083"
10,"ENGIE Stadium","GWS GIANTS","Fremantle",2,"HFFR","Darcy","Jones","CD_I1020650"
10,"ENGIE Stadium","GWS GIANTS","Fremantle",31,"INT","Toby","McMullin","CD_I1027971"
10,"ENGIE Stadium","GWS GIANTS","Fremantle",33,"HFFL","Xavier","O'Halloran","CD_I1006135"
10,"ENGIE Stadium","GWS GIANTS","Fremantle",26,"INT","Jake","Riccardi","CD_I1008123"
10,"ENGIE Stadium","GWS GIANTS","Fremantle",15,"FB","Sam","Taylor","CD_I1005247"
10,"ENGIE Stadium","GWS GIANTS","Fremantle",1,"SUB","Harvey","Thomas","CD_I1027925"
10,"ENGIE Stadium","GWS GIANTS","Fremantle",8,"WL","Callan","Ward","CD_I280109"
10,"ENGIE Stadium","GWS GIANTS","Fremantle",10,"WR","Jacob","Wehr","CD_I1004530"
10,"ENGIE Stadium","GWS GIANTS","Fremantle",6,"HBFL","Lachie","Whitfield","CD_I294305"
10,"ENGIE Stadium","GWS GIANTS","Fremantle",24,"FPR","Jye","Amiss","CD_I1020594"
10,"ENGIE Stadium","GWS GIANTS","Fremantle",41,"SUB","Bailey","Banfield","CD_I998180"
10,"ENGIE Stadium","GWS GIANTS","Fremantle",15,"C","Shai","Bolton","CD_I993993"
10,"ENGIE Stadium","GWS GIANTS","Fremantle",8,"R","Andrew","Brayshaw","CD_I1002232"
10,"ENGIE Stadium","GWS GIANTS","Fremantle",5,"HBFL","Heath","Chapman","CD_I1013224"
10,"ENGIE Stadium","GWS GIANTS","Fremantle",6,"HBFR","Jordan","Clark","CD_I1006152"
10,"ENGIE Stadium","GWS GIANTS","Fremantle",36,"BPR","Brennan","Cox","CD_I997033"
10,"ENGIE Stadium","GWS GIANTS","Fremantle",43,"HFFR","Isaiah","Dudley","CD_I1011558"
10,"ENGIE Stadium","GWS GIANTS","Fremantle",28,"INT","Neil","Erasmus","CD_I1020250"
10,"ENGIE Stadium","GWS GIANTS","Fremantle",32,"HFFL","Michael","Frederick","CD_I999321"
10,"ENGIE Stadium","GWS GIANTS","Fremantle",9,"RK","Luke","Jackson","CD_I1009399"
10,"ENGIE Stadium","GWS GIANTS","Fremantle",44,"WR","Matthew","Johnson","CD_I1016825"
10,"ENGIE Stadium","GWS GIANTS","Fremantle",25,"FB","Alex","Pearce","CD_I298409"
10,"ENGIE Stadium","GWS GIANTS","Fremantle",16,"INT","Murphy","Reid","CD_I1028513"
10,"ENGIE Stadium","GWS GIANTS","Fremantle",13,"BPL","Luke","Ryan","CD_I998659"
10,"ENGIE Stadium","GWS GIANTS","Fremantle",3,"RR","Caleb","Serong","CD_I1009420"
10,"ENGIE Stadium","GWS GIANTS","Fremantle",14,"WL","Jeremy","Sharp","CD_I1009380"
10,"ENGIE Stadium","GWS GIANTS","Fremantle",29,"INT","Cooper","Simpson","CD_I1027656"
10,"ENGIE Stadium","GWS GIANTS","Fremantle",39,"CHF","Sam","Switkowski","CD_I992059"
10,"ENGIE Stadium","GWS GIANTS","Fremantle",35,"FF","Josh","Treacy","CD_I1012819"
10,"ENGIE Stadium","GWS GIANTS","Fremantle",20,"FPL","Patrick","Voss","CD_I1017754"
10,"ENGIE Stadium","GWS GIANTS","Fremantle",34,"INT","Corey","Wagner","CD_I993940"
10,"ENGIE Stadium","GWS GIANTS","Fremantle",23,"CHB","Karl","Worner","CD_I1021015"
10,"Marvel Stadium","Western Bulldogs","Essendon",4,"RR","Marcus","Bontempelli","CD_I297373"
10,"Marvel Stadium","Western Bulldogs","Essendon",29,"SUB","Lachlan","Bramble","CD_I1000864"
10,"Marvel Stadium","Western Bulldogs","Essendon",36,"BPL","Luke","Cleary","CD_I1015929"
10,"Marvel Stadium","Western Bulldogs","Essendon",31,"HBFR","Bailey","Dale","CD_I996708"
10,"Marvel Stadium","Western Bulldogs","Essendon",42,"INT","Sam","Davidson","CD_I1036123"
10,"Marvel Stadium","Western Bulldogs","Essendon",15,"INT","Taylor","Duryea","CD_I290085"
10,"Marvel Stadium","Western Bulldogs","Essendon",44,"RK","Tim","English","CD_I1004592"
10,"Marvel Stadium","Western Bulldogs","Essendon",27,"WR","Joel","Freijah","CD_I1027704"
10,"Marvel Stadium","Western Bulldogs","Essendon",22,"HFFL","James","Harmes","CD_I297899"
10,"Marvel Stadium","Western Bulldogs","Essendon",39,"HBFL","Jason","Johannisen","CD_I294101"
10,"Marvel Stadium","Western Bulldogs","Essendon",32,"INT","Arthur","Jones","CD_I1020586"
10,"Marvel Stadium","Western Bulldogs","Essendon",8,"HFFR","Matthew","Kennedy","CD_I1001398"
10,"Marvel Stadium","Western Bulldogs","Essendon",24,"CHF","Buku","Khamis","CD_I998782"
10,"Marvel Stadium","Western Bulldogs","Essendon",21,"R","Tom","Liberatore","CD_I290799"
10,"Marvel Stadium","Western Bulldogs","Essendon",7,"CHB","Rory","Lobb","CD_I990740"
10,"Marvel Stadium","Western Bulldogs","Essendon",30,"INT","Lachlan","McNeil","CD_I1009015"
10,"Marvel Stadium","Western Bulldogs","Essendon",33,"FF","Aaron","Naughton","CD_I1002404"
10,"Marvel Stadium","Western Bulldogs","Essendon",18,"FB","James","O'Donnell","CD_I1032966"
10,"Marvel Stadium","Western Bulldogs","Essendon",20,"C","Ed","Richards","CD_I1008280"
10,"Marvel Stadium","Western Bulldogs","Essendon",9,"FPL","Ryley","Sanders","CD_I1017939"
10,"Marvel Stadium","Western Bulldogs","Essendon",23,"BPR","Laitham","Vandermeer","CD_I1005000"
10,"Marvel Stadium","Western Bulldogs","Essendon",14,"FPR","Rhylee","West","CD_I1006127"
10,"Marvel Stadium","Western Bulldogs","Essendon",34,"WL","Bailey","Williams","CD_I992351"
10,"Marvel Stadium","Western Bulldogs","Essendon",30,"CHF","Nate","Caddy","CD_I1027899"
10,"Marvel Stadium","Western Bulldogs","Essendon",6,"INT","Jye","Caldwell","CD_I1006103"
10,"Marvel Stadium","Western Bulldogs","Essendon",44,"INT","Archer","Day-Wicks","CD_I1029265"
10,"Marvel Stadium","Western Bulldogs","Essendon",22,"R","Sam","Durham","CD_I1015810"
10,"Marvel Stadium","Western Bulldogs","Essendon",28,"WL","Xavier","Duursma","CD_I1006096"
10,"Marvel Stadium","Western Bulldogs","Essendon",41,"INT","Saad","El-Hawli","CD_I1015919"
10,"Marvel Stadium","Western Bulldogs","Essendon",17,"RK","Todd","Goldstein","CD_I271129"
10,"Marvel Stadium","Western Bulldogs","Essendon",8,"WR","Ben","Hobbs","CD_I1017088"
10,"Marvel Stadium","Western Bulldogs","Essendon",10,"FPR","Isaac","Kako","CD_I1028554"
10,"Marvel Stadium","Western Bulldogs","Essendon",4,"FPL","Kyle","Langford","CD_I298630"
10,"Marvel Stadium","Western Bulldogs","Essendon",15,"RR","Jayden","Laverde","CD_I298280"
10,"Marvel Stadium","Western Bulldogs","Essendon",37,"HFFR","Nic","Martin","CD_I1012013"
10,"Marvel Stadium","Western Bulldogs","Essendon",1,"BPL","Andrew","McGrath","CD_I998102"
10,"Marvel Stadium","Western Bulldogs","Essendon",32,"FB","Ben","McKay","CD_I1002143"
10,"Marvel Stadium","Western Bulldogs","Essendon",7,"C","Zach","Merrett","CD_I992016"
10,"Marvel Stadium","Western Bulldogs","Essendon",16,"INT","Archie","Perkins","CD_I1015873"
10,"Marvel Stadium","Western Bulldogs","Essendon",25,"HBFR","Jaxon","Prior","CD_I1009386"
10,"Marvel Stadium","Western Bulldogs","Essendon",27,"HBFL","Mason","Redman","CD_I997078"
10,"Marvel Stadium","Western Bulldogs","Essendon",31,"CHB","Zach","Reid","CD_I1012817"
10,"Marvel Stadium","Western Bulldogs","Essendon",21,"BPR","Archie","Roberts","CD_I1023515"
10,"Marvel Stadium","Western Bulldogs","Essendon",12,"HFFL","Will","Setterfield","CD_I998215"
10,"Marvel Stadium","Western Bulldogs","Essendon",9,"SUB","Dylan","Shiel","CD_I291783"
10,"Marvel Stadium","Western Bulldogs","Essendon",20,"FF","Peter","Wright","CD_I298289"
10,"MCG","Richmond","North Melbourne",21,"BPR","Noah","Balta","CD_I1002245"
10,"MCG","Richmond","North Melbourne",41,"CHB","Sam","Banks","CD_I1013197"
10,"MCG","Richmond","North Melbourne",35,"HBFR","Nathan","Broad","CD_I295203"
10,"MCG","Richmond","North Melbourne",30,"HBFL","Tom","Brown","CD_I1017086"
10,"MCG","Richmond","North Melbourne",44,"HFFL","Seth","Campbell","CD_I1023275"
10,"MCG","Richmond","North Melbourne",27,"INT","Thomson","Dow","CD_I1009226"
10,"MCG","Richmond","North Melbourne",26,"FPR","Jonty","Faull","CD_I1028498"
10,"MCG","Richmond","North Melbourne",48,"INT","Steely","Green","CD_I1023056"
10,"MCG","Richmond","North Melbourne",2,"R","Jacob","Hopper","CD_I993903"
10,"MCG","Richmond","North Melbourne",22,"FF","Sam","Lalor","CD_I1028491"
10,"MCG","Richmond","North Melbourne",19,"FPL","Tom","Lynch","CD_I293813"
10,"MCG","Richmond","North Melbourne",7,"HFFR","Rhyan","Mansell","CD_I1008478"
10,"MCG","Richmond","North Melbourne",28,"CHF","Kane","McAuliffe","CD_I1019916"
10,"MCG","Richmond","North Melbourne",33,"WL","Kamdyn","McIntosh","CD_I294592"
10,"MCG","Richmond","North Melbourne",12,"FB","Ben","Miller","CD_I1002403"
10,"MCG","Richmond","North Melbourne",25,"RK","Toby","Nankervis","CD_I298174"
10,"MCG","Richmond","North Melbourne",13,"WR","Hugo","Ralphsmith","CD_I1011985"
10,"MCG","Richmond","North Melbourne",5,"C","Jack","Ross","CD_I1006133"
10,"MCG","Richmond","North Melbourne",38,"INT","Thomas","Sims","CD_I1018996"
10,"MCG","Richmond","North Melbourne",49,"SUB","Kaleb","Smith","CD_I1022999"
10,"MCG","Richmond","North Melbourne",14,"RR","Tim","Taranto","CD_I998172"
10,"MCG","Richmond","North Melbourne",31,"INT","Luke","Trainor","CD_I1028521"
10,"MCG","Richmond","North Melbourne",1,"BPL","Nick","Vlastuin","CD_I294674"
10,"MCG","Richmond","North Melbourne",30,"BPL","Charlie","Comben","CD_I1015781"
10,"MCG","Richmond","North Melbourne",4,"BPR","Aidan","Corr","CD_I294508"
10,"MCG","Richmond","North Melbourne",5,"CHB","Caleb","Daniel","CD_I295136"
10,"MCG","Richmond","North Melbourne",28,"FF","Jack","Darling","CD_I290838"
10,"MCG","Richmond","North Melbourne",9,"C","Luke","Davies-Uniacke","CD_I1002267"
10,"MCG","Richmond","North Melbourne",7,"SUB","Zane","Duursma","CD_I1023494"
10,"MCG","Richmond","North Melbourne",17,"INT","Riley","Hardeman","CD_I1023625"
10,"MCG","Richmond","North Melbourne",41,"INT","Jacob","Konstanty","CD_I1023530"
10,"MCG","Richmond","North Melbourne",20,"CHF","Nick","Larkey","CD_I1001017"
10,"MCG","Richmond","North Melbourne",39,"INT","Finnbar","Maley","CD_I1031792"
10,"MCG","Richmond","North Melbourne",11,"HBFR","Luke","McDonald","CD_I296355"
10,"MCG","Richmond","North Melbourne",10,"HFFR","Colby","McKercher","CD_I1024272"
10,"MCG","Richmond","North Melbourne",2,"HBFL","Finn","O'Sullivan","CD_I1028495"
10,"MCG","Richmond","North Melbourne",26,"INT","Luke","Parker","CD_I290778"
10,"MCG","Richmond","North Melbourne",32,"FB","Toby","Pink","CD_I1002138"
10,"MCG","Richmond","North Melbourne",24,"HFFL","Tom","Powell","CD_I1011659"
10,"MCG","Richmond","North Melbourne",8,"FPL","Bailey","Scott","CD_I1006058"
10,"MCG","Richmond","North Melbourne",3,"R","Harry","Sheezel","CD_I1023518"
10,"MCG","Richmond","North Melbourne",12,"WR","Jy","Simpkin","CD_I993998"
10,"MCG","Richmond","North Melbourne",15,"WL","Dylan","Stephens","CD_I1004848"
10,"MCG","Richmond","North Melbourne",6,"RR","George","Wardlaw","CD_I1023477"
10,"MCG","Richmond","North Melbourne",38,"RK","Tristan","Xerri","CD_I1004965"
10,"MCG","Richmond","North Melbourne",44,"FPR","Cameron","Zurhaar","CD_I998484"
10,"Gabba","Brisbane Lions","Melbourne",4,"FPR","Callum","Ah Chee","CD_I298437"
10,"Gabba","Brisbane Lions","Melbourne",31,"CHB","Harris","Andrews","CD_I996059"
10,"Gabba","Brisbane Lions","Melbourne",43,"HBFL","Noah","Answerth","CD_I1005053"
10,"Gabba","Brisbane Lions","Melbourne",10,"INT","Levi","Ashcroft","CD_I1028560"
10,"Gabba","Brisbane Lions","Melbourne",8,"HFFR","Will","Ashcroft","CD_I1023517"
10,"Gabba","Brisbane Lions","Melbourne",33,"WR","Zac","Bailey","CD_I1002312"
10,"Gabba","Brisbane Lions","Melbourne",23,"HFFL","Charlie","Cameron","CD_I990609"
10,"Gabba","Brisbane Lions","Melbourne",18,"HBFR","Keidean","Coleman","CD_I1006059"
10,"Gabba","Brisbane Lions","Melbourne",5,"RR","Josh","Dunkley","CD_I993834"
10,"Gabba","Brisbane Lions","Melbourne",3,"WL","Jaspa","Fletcher","CD_I1023708"
10,"Gabba","Brisbane Lions","Melbourne",32,"RK","Darcy","Fort","CD_I298211"
10,"Gabba","Brisbane Lions","Melbourne",27,"INT","Darcy","Gardiner","CD_I296269"
10,"Gabba","Brisbane Lions","Melbourne",30,"CHF","Eric","Hipwood","CD_I993953"
10,"Gabba","Brisbane Lions","Melbourne",35,"BPR","Ryan","Lester","CD_I291548"
10,"Gabba","Brisbane Lions","Melbourne",1,"INT","Kai","Lohmann","CD_I1014026"
10,"Gabba","Brisbane Lions","Melbourne",6,"C","Hugh","McCluggage","CD_I1000978"
10,"Gabba","Brisbane Lions","Melbourne",26,"SUB","Conor","McKenna","CD_I997846"
10,"Gabba","Brisbane Lions","Melbourne",13,"FF","Logan","Morris","CD_I1028019"
10,"Gabba","Brisbane Lions","Melbourne",9,"R","Lachie","Neale","CD_I293535"
10,"Gabba","Brisbane Lions","Melbourne",40,"FB","Jack","Payne","CD_I1002347"
10,"Gabba","Brisbane Lions","Melbourne",16,"FPL","Cam","Rayner","CD_I1002235"
10,"Gabba","Brisbane Lions","Melbourne",44,"INT","Darcy","Wilmot","CD_I1017067"
10,"Gabba","Brisbane Lions","Melbourne",15,"BPL","Dayne","Zorko","CD_I261224"
10,"Gabba","Brisbane Lions","Melbourne",17,"BPL","Jake","Bowey","CD_I1012825"
10,"Gabba","Brisbane Lions","Melbourne",37,"WL","Kade","Chandler","CD_I1005330"
10,"Gabba","Brisbane Lions","Melbourne",31,"SUB","Bayley","Fritsch","CD_I1001438"
10,"Gabba","Brisbane Lions","Melbourne",11,"RK","Max","Gawn","CD_I290528"
10,"Gabba","Brisbane Lions","Melbourne",42,"INT","Aidan","Johnson","CD_I1024173"
10,"Gabba","Brisbane Lions","Melbourne",15,"WR","Ed","Langdon","CD_I298264"
10,"Gabba","Brisbane Lions","Melbourne",19,"R","Harvey","Langford","CD_I1028546"
10,"Gabba","Brisbane Lions","Melbourne",20,"HBFR","Xavier","Lindsay","CD_I1028531"
10,"Gabba","Brisbane Lions","Melbourne",1,"FB","Steven","May","CD_I281085"
10,"Gabba","Brisbane Lions","Melbourne",25,"CHB","Tom","McDonald","CD_I291533"
10,"Gabba","Brisbane Lions","Melbourne",4,"HBFL","Judd","McVee","CD_I1017703"
10,"Gabba","Brisbane Lions","Melbourne",18,"FF","Jake","Melksham","CD_I280824"
10,"Gabba","Brisbane Lions","Melbourne",13,"RR","Clayton","Oliver","CD_I996701"
10,"Gabba","Brisbane Lions","Melbourne",5,"C","Christian","Petracca","CD_I298210"
10,"Gabba","Brisbane Lions","Melbourne",35,"CHF","Harrison","Petty","CD_I1008893"
10,"Gabba","Brisbane Lions","Melbourne",36,"FPR","Kysaiah","Pickett","CD_I1008541"
10,"Gabba","Brisbane Lions","Melbourne",24,"INT","Trent","Rivers","CD_I1009378"
10,"Gabba","Brisbane Lions","Melbourne",3,"BPR","Christian","Salem","CD_I296359"
10,"Gabba","Brisbane Lions","Melbourne",30,"INT","Harry","Sharp","CD_I1007099"
10,"Gabba","Brisbane Lions","Melbourne",9,"FPL","Charlie","Spargo","CD_I1002282"
10,"Gabba","Brisbane Lions","Melbourne",32,"HFFR","Tom","Sparrow","CD_I999391"
10,"Gabba","Brisbane Lions","Melbourne",10,"HFFL","Daniel","Turner","CD_I1020959"
10,"Gabba","Brisbane Lions","Melbourne",6,"INT","Caleb","Windsor","CD_I1027821"
10,"Optus Stadium","West Coast Eagles","St Kilda",12,"FB","Oscar","Allen","CD_I1004385"
10,"Optus Stadium","West Coast Eagles","St Kilda",3,"HBFR","Liam","Baker","CD_I1000223"
10,"Optus Stadium","West Coast Eagles","St Kilda",41,"FPR","Sandy","Brock","CD_I1013315"
10,"Optus Stadium","West Coast Eagles","St Kilda",10,"INT","Tyler","Brockman","CD_I1013511"
10,"Optus Stadium","West Coast Eagles","St Kilda",28,"INT","Tom","Cole","CD_I993820"
10,"Optus Stadium","West Coast Eagles","St Kilda",15,"WR","Jamie","Cripps","CD_I290826"
10,"Optus Stadium","West Coast Eagles","St Kilda",14,"BPR","Liam","Duggan","CD_I298268"
10,"Optus Stadium","West Coast Eagles","St Kilda",42,"BPL","Harry","Edwards","CD_I1011437"
10,"Optus Stadium","West Coast Eagles","St Kilda",25,"RK","Matt","Flynn","CD_I993902"
10,"Optus Stadium","West Coast Eagles","St Kilda",7,"CHB","Reuben","Ginbey","CD_I1023025"
10,"Optus Stadium","West Coast Eagles","St Kilda",17,"HFFR","Jack","Graham","CD_I990827"
10,"Optus Stadium","West Coast Eagles","St Kilda",27,"SUB","Tom","Gross","CD_I1028561"
10,"Optus Stadium","West Coast Eagles","St Kilda",8,"INT","Elijah","Hewett","CD_I1020670"
10,"Optus Stadium","West Coast Eagles","St Kilda",19,"C","Brady","Hough","CD_I1023167"
10,"Optus Stadium","West Coast Eagles","St Kilda",5,"WL","Jayden","Hunt","CD_I994385"
10,"Optus Stadium","West Coast Eagles","St Kilda",44,"FF","Jack","Hutchinson","CD_I1036098"
10,"Optus Stadium","West Coast Eagles","St Kilda",11,"RR","Tim","Kelly","CD_I295898"
10,"Optus Stadium","West Coast Eagles","St Kilda",23,"HBFL","Ryan","Maric","CD_I1029416"
10,"Optus Stadium","West Coast Eagles","St Kilda",16,"FPL","Matthew","Owies","CD_I1013973"
10,"Optus Stadium","West Coast Eagles","St Kilda",9,"R","Harley","Reid","CD_I1023492"
10,"Optus Stadium","West Coast Eagles","St Kilda",1,"HFFL","Liam","Ryan","CD_I1004364"
10,"Optus Stadium","West Coast Eagles","St Kilda",2,"CHF","Jake","Waterman","CD_I996554"
10,"Optus Stadium","West Coast Eagles","St Kilda",32,"INT","Bailey J.","Williams","CD_I1006114"
10,"Optus Stadium","West Coast Eagles","St Kilda",13,"HBFR","Ryan","Byrnes","CD_I1011994"
10,"Optus Stadium","West Coast Eagles","St Kilda",47,"FF","Anthony","Caminiti","CD_I1023784"
10,"Optus Stadium","West Coast Eagles","St Kilda",4,"INT","Lance","Collard","CD_I1017959"
10,"Optus Stadium","West Coast Eagles","St Kilda",34,"INT","Hugo","Garcia","CD_I1027790"
10,"Optus Stadium","West Coast Eagles","St Kilda",40,"HFFL","Max","Hall","CD_I1020855"
10,"Optus Stadium","West Coast Eagles","St Kilda",1,"FPR","Jack","Higgins","CD_I1002227"
10,"Optus Stadium","West Coast Eagles","St Kilda",8,"WL","Bradley","Hill","CD_I295584"
10,"Optus Stadium","West Coast Eagles","St Kilda",6,"RR","Jack","Macrae","CD_I295467"
10,"Optus Stadium","West Coast Eagles","St Kilda",19,"RK","Rowan","Marshall","CD_I992468"
10,"Optus Stadium","West Coast Eagles","St Kilda",41,"BPL","Angus","McLennan","CD_I1017077"
10,"Optus Stadium","West Coast Eagles","St Kilda",45,"INT","Liam","O'Connell","CD_I1035198"
10,"Optus Stadium","West Coast Eagles","St Kilda",10,"HFFR","Mitch","Owens","CD_I1023272"
10,"Optus Stadium","West Coast Eagles","St Kilda",25,"INT","Mattaes","Phillipou","CD_I1020137"
10,"Optus Stadium","West Coast Eagles","St Kilda",43,"FPL","Cooper","Sharman","CD_I1018018"
10,"Optus Stadium","West Coast Eagles","St Kilda",35,"C","Jack","Sinclair","CD_I994389"
10,"Optus Stadium","West Coast Eagles","St Kilda",9,"R","Jack","Steele","CD_I296205"
10,"Optus Stadium","West Coast Eagles","St Kilda",5,"SUB","Tobie","Travaglia","CD_I1028538"
10,"Optus Stadium","West Coast Eagles","St Kilda",7,"CHB","Nasiah","Wanganeen-Milera","CD_I1015507"
10,"Optus Stadium","West Coast Eagles","St Kilda",29,"BPR","Jimmy","Webster","CD_I290757"
10,"Optus Stadium","West Coast Eagles","St Kilda",44,"FB","Callum","Wilkie","CD_I296422"
10,"Optus Stadium","West Coast Eagles","St Kilda",22,"CHF","Darcy","Wilson","CD_I1027875"
10,"Optus Stadium","West Coast Eagles","St Kilda",2,"HBFL","Marcus","Windhager","CD_I1023270"
10,"Optus Stadium","West Coast Eagles","St Kilda",32,"WR","Mason","Wood","CD_I295340"
11,"GMHBA Stadium","Geelong Cats","Western Bulldogs",30,"R","Tom","Atkins","CD_I994386"
11,"GMHBA Stadium","Geelong Cats","Western Bulldogs",24,"INT","Jed","Bews","CD_I293883"
11,"GMHBA Stadium","Geelong Cats","Western Bulldogs",46,"WL","Mark","Blicavs","CD_I296733"
11,"GMHBA Stadium","Geelong Cats","Western Bulldogs",5,"FF","Jeremy","Cameron","CD_I293845"
11,"GMHBA Stadium","Geelong Cats","Western Bulldogs",40,"SUB","Ted","Clohesy","CD_I1023542"
11,"GMHBA Stadium","Geelong Cats","Western Bulldogs",45,"HFFR","Brad","Close","CD_I999326"
11,"GMHBA Stadium","Geelong Cats","Western Bulldogs",16,"FB","Sam","De Koning","CD_I1009229"
11,"GMHBA Stadium","Geelong Cats","Western Bulldogs",28,"WR","Oliver","Dempsey","CD_I1025034"
11,"GMHBA Stadium","Geelong Cats","Western Bulldogs",22,"INT","Mitch","Duncan","CD_I281065"
11,"GMHBA Stadium","Geelong Cats","Western Bulldogs",39,"HBFR","Zach","Guthrie","CD_I1004870"
11,"GMHBA Stadium","Geelong Cats","Western Bulldogs",38,"BPR","Jack","Henry","CD_I1000937"
11,"GMHBA Stadium","Geelong Cats","Western Bulldogs",36,"INT","Oliver","Henry","CD_I1012860"
11,"GMHBA Stadium","Geelong Cats","Western Bulldogs",9,"C","Max","Holmes","CD_I1015889"
11,"GMHBA Stadium","Geelong Cats","Western Bulldogs",17,"HBFL","Lawson","Humphries","CD_I1013464"
11,"GMHBA Stadium","Geelong Cats","Western Bulldogs",7,"CHF","Shaun","Mannagh","CD_I993878"
11,"GMHBA Stadium","Geelong Cats","Western Bulldogs",32,"HFFL","Gryan","Miers","CD_I1004938"
11,"GMHBA Stadium","Geelong Cats","Western Bulldogs",34,"INT","Oisin","Mullin","CD_I1024982"
11,"GMHBA Stadium","Geelong Cats","Western Bulldogs",33,"FPL","Shannon","Neale","CD_I1016433"
11,"GMHBA Stadium","Geelong Cats","Western Bulldogs",42,"BPL","Mark","O'Connor","CD_I1007102"
11,"GMHBA Stadium","Geelong Cats","Western Bulldogs",3,"RR","Bailey","Smith","CD_I1006130"
11,"GMHBA Stadium","Geelong Cats","Western Bulldogs",1,"RK","Rhys","Stanley","CD_I280317"
11,"GMHBA Stadium","Geelong Cats","Western Bulldogs",18,"FPR","Tyson","Stengle","CD_I997230"
11,"GMHBA Stadium","Geelong Cats","Western Bulldogs",44,"CHB","Tom","Stewart","CD_I291800"
11,"GMHBA Stadium","Geelong Cats","Western Bulldogs",13,"BPR","Oskar","Baker","CD_I1008855"
11,"GMHBA Stadium","Geelong Cats","Western Bulldogs",4,"RR","Marcus","Bontempelli","CD_I297373"
11,"GMHBA Stadium","Geelong Cats","Western Bulldogs",29,"SUB","Lachlan","Bramble","CD_I1000864"
11,"GMHBA Stadium","Geelong Cats","Western Bulldogs",36,"BPL","Luke","Cleary","CD_I1015929"
11,"GMHBA Stadium","Geelong Cats","Western Bulldogs",31,"HBFR","Bailey","Dale","CD_I996708"
11,"GMHBA Stadium","Geelong Cats","Western Bulldogs",42,"INT","Sam","Davidson","CD_I1036123"
11,"GMHBA Stadium","Geelong Cats","Western Bulldogs",15,"INT","Taylor","Duryea","CD_I290085"
11,"GMHBA Stadium","Geelong Cats","Western Bulldogs",44,"RK","Tim","English","CD_I1004592"
11,"GMHBA Stadium","Geelong Cats","Western Bulldogs",27,"WR","Joel","Freijah","CD_I1027704"
11,"GMHBA Stadium","Geelong Cats","Western Bulldogs",22,"HFFL","James","Harmes","CD_I297899"
11,"GMHBA Stadium","Geelong Cats","Western Bulldogs",39,"HBFL","Jason","Johannisen","CD_I294101"
11,"GMHBA Stadium","Geelong Cats","Western Bulldogs",8,"HFFR","Matthew","Kennedy","CD_I1001398"
11,"GMHBA Stadium","Geelong Cats","Western Bulldogs",24,"CHF","Buku","Khamis","CD_I998782"
11,"GMHBA Stadium","Geelong Cats","Western Bulldogs",21,"R","Tom","Liberatore","CD_I290799"
11,"GMHBA Stadium","Geelong Cats","Western Bulldogs",7,"CHB","Rory","Lobb","CD_I990740"
11,"GMHBA Stadium","Geelong Cats","Western Bulldogs",30,"INT","Lachlan","McNeil","CD_I1009015"
11,"GMHBA Stadium","Geelong Cats","Western Bulldogs",33,"FF","Aaron","Naughton","CD_I1002404"
11,"GMHBA Stadium","Geelong Cats","Western Bulldogs",18,"FB","James","O'Donnell","CD_I1032966"
11,"GMHBA Stadium","Geelong Cats","Western Bulldogs",20,"C","Ed","Richards","CD_I1008280"
11,"GMHBA Stadium","Geelong Cats","Western Bulldogs",9,"FPL","Ryley","Sanders","CD_I1017939"
11,"GMHBA Stadium","Geelong Cats","Western Bulldogs",23,"WL","Laitham","Vandermeer","CD_I1005000"
11,"GMHBA Stadium","Geelong Cats","Western Bulldogs",14,"FPR","Rhylee","West","CD_I1006127"
11,"GMHBA Stadium","Geelong Cats","Western Bulldogs",34,"INT","Bailey","Williams","CD_I992351"
11,"MCG","Essendon","Richmond",30,"CHF","Nate","Caddy","CD_I1027899"
11,"MCG","Essendon","Richmond",6,"RR","Jye","Caldwell","CD_I1006103"
11,"MCG","Essendon","Richmond",36,"WR","Angus","Clarke","CD_I1027284"
11,"MCG","Essendon","Richmond",22,"R","Sam","Durham","CD_I1015810"
11,"MCG","Essendon","Richmond",28,"INT","Xavier","Duursma","CD_I1006096"
11,"MCG","Essendon","Richmond",17,"RK","Todd","Goldstein","CD_I271129"
11,"MCG","Essendon","Richmond",11,"WL","Jade","Gresham","CD_I298421"
11,"MCG","Essendon","Richmond",35,"HFFL","Matt","Guelfi","CD_I996232"
11,"MCG","Essendon","Richmond",8,"SUB","Ben","Hobbs","CD_I1017088"
11,"MCG","Essendon","Richmond",10,"FPR","Isaac","Kako","CD_I1028554"
11,"MCG","Essendon","Richmond",4,"FPL","Kyle","Langford","CD_I298630"
11,"MCG","Essendon","Richmond",15,"INT","Jayden","Laverde","CD_I298280"
11,"MCG","Essendon","Richmond",37,"HFFR","Nic","Martin","CD_I1012013"
11,"MCG","Essendon","Richmond",1,"BPL","Andrew","McGrath","CD_I998102"
11,"MCG","Essendon","Richmond",32,"FB","Ben","McKay","CD_I1002143"
11,"MCG","Essendon","Richmond",7,"C","Zach","Merrett","CD_I992016"
11,"MCG","Essendon","Richmond",16,"INT","Archie","Perkins","CD_I1015873"
11,"MCG","Essendon","Richmond",25,"HBFR","Jaxon","Prior","CD_I1009386"
11,"MCG","Essendon","Richmond",27,"HBFL","Mason","Redman","CD_I997078"
11,"MCG","Essendon","Richmond",31,"CHB","Zach","Reid","CD_I1012817"
11,"MCG","Essendon","Richmond",21,"BPR","Archie","Roberts","CD_I1023515"
11,"MCG","Essendon","Richmond",12,"INT","Will","Setterfield","CD_I998215"
11,"MCG","Essendon","Richmond",20,"FF","Peter","Wright","CD_I298289"
11,"MCG","Essendon","Richmond",41,"CHB","Sam","Banks","CD_I1013197"
11,"MCG","Essendon","Richmond",35,"BPL","Nathan","Broad","CD_I295203"
11,"MCG","Essendon","Richmond",30,"INT","Tom","Brown","CD_I1017086"
11,"MCG","Essendon","Richmond",44,"HFFL","Seth","Campbell","CD_I1023275"
11,"MCG","Essendon","Richmond",27,"WL","Thomson","Dow","CD_I1009226"
11,"MCG","Essendon","Richmond",26,"FPL","Jonty","Faull","CD_I1028498"
11,"MCG","Essendon","Richmond",50,"BPR","Campbell","Gray","CD_I1036103"
11,"MCG","Essendon","Richmond",48,"INT","Steely","Green","CD_I1023056"
11,"MCG","Essendon","Richmond",2,"R","Jacob","Hopper","CD_I993903"
11,"MCG","Essendon","Richmond",22,"FF","Sam","Lalor","CD_I1028491"
11,"MCG","Essendon","Richmond",7,"HFFR","Rhyan","Mansell","CD_I1008478"
11,"MCG","Essendon","Richmond",28,"INT","Kane","McAuliffe","CD_I1019916"
11,"MCG","Essendon","Richmond",33,"C","Kamdyn","McIntosh","CD_I294592"
11,"MCG","Essendon","Richmond",12,"FB","Ben","Miller","CD_I1002403"
11,"MCG","Essendon","Richmond",13,"WR","Hugo","Ralphsmith","CD_I1011985"
11,"MCG","Essendon","Richmond",17,"SUB","Maurice","Rioli","CD_I1009551"
11,"MCG","Essendon","Richmond",5,"CHF","Jack","Ross","CD_I1006133"
11,"MCG","Essendon","Richmond",32,"RK","Samson","Ryan","CD_I1012386"
11,"MCG","Essendon","Richmond",38,"FPR","Thomas","Sims","CD_I1018996"
11,"MCG","Essendon","Richmond",49,"HBFL","Kaleb","Smith","CD_I1022999"
11,"MCG","Essendon","Richmond",14,"RR","Tim","Taranto","CD_I998172"
11,"MCG","Essendon","Richmond",31,"INT","Luke","Trainor","CD_I1028521"
11,"MCG","Essendon","Richmond",1,"HBFR","Nick","Vlastuin","CD_I294674"
11,"Marvel Stadium","Carlton","GWS GIANTS",13,"HFFL","Blake","Acres","CD_I296294"
11,"Marvel Stadium","Carlton","GWS GIANTS",25,"SUB","Jaxon","Binns","CD_I1023533"
11,"Marvel Stadium","Carlton","GWS GIANTS",32,"INT","Matthew","Carroll","CD_I1027964"
11,"Marvel Stadium","Carlton","GWS GIANTS",5,"RR","Adam","Cerra","CD_I1002239"
11,"Marvel Stadium","Carlton","GWS GIANTS",9,"C","Patrick","Cripps","CD_I990704"
11,"Marvel Stadium","Carlton","GWS GIANTS",30,"CHF","Charlie","Curnow","CD_I996731"
11,"Marvel Stadium","Carlton","GWS GIANTS",12,"RK","Tom","De Koning","CD_I1004912"
11,"Marvel Stadium","Carlton","GWS GIANTS",15,"WR","Sam","Docherty","CD_I295518"
11,"Marvel Stadium","Carlton","GWS GIANTS",19,"INT","Corey","Durdin","CD_I1008510"
11,"Marvel Stadium","Carlton","GWS GIANTS",8,"FPL","Lachie","Fogarty","CD_I1002228"
11,"Marvel Stadium","Carlton","GWS GIANTS",26,"HFFR","Nick","Haynes","CD_I295265"
11,"Marvel Stadium","Carlton","GWS GIANTS",29,"R","George","Hewett","CD_I294036"
11,"Marvel Stadium","Carlton","GWS GIANTS",4,"HBFL","Oliver","Hollands","CD_I1023495"
11,"Marvel Stadium","Carlton","GWS GIANTS",36,"INT","Cooper","Lord","CD_I1032108"
11,"Marvel Stadium","Carlton","GWS GIANTS",11,"HBFR","Mitch","McGovern","CD_I297255"
11,"Marvel Stadium","Carlton","GWS GIANTS",10,"FF","Harry","McKay","CD_I1000953"
11,"Marvel Stadium","Carlton","GWS GIANTS",3,"FPR","Jesse","Motlop","CD_I1017700"
11,"Marvel Stadium","Carlton","GWS GIANTS",22,"CHB","Harry","O'Farrell","CD_I1028526"
11,"Marvel Stadium","Carlton","GWS GIANTS",42,"BPR","Adam","Saad","CD_I295461"
11,"Marvel Stadium","Carlton","GWS GIANTS",18,"WL","Sam","Walsh","CD_I1006094"
11,"Marvel Stadium","Carlton","GWS GIANTS",23,"FB","Jacob","Weitering","CD_I993832"
11,"Marvel Stadium","Carlton","GWS GIANTS",38,"BPL","Will","White","CD_I1027713"
11,"Marvel Stadium","Carlton","GWS GIANTS",33,"INT","Lewis","Young","CD_I997316"
11,"Marvel Stadium","Carlton","GWS GIANTS",21,"BPR","Leek","Aleer","CD_I1008691"
11,"Marvel Stadium","Carlton","GWS GIANTS",29,"INT","Cody","Angove","CD_I1032619"
11,"Marvel Stadium","Carlton","GWS GIANTS",7,"HBFR","Lachie","Ash","CD_I1009253"
11,"Marvel Stadium","Carlton","GWS GIANTS",14,"RR","Toby","Bedford","CD_I1008139"
11,"Marvel Stadium","Carlton","GWS GIANTS",32,"RK","Kieren","Briggs","CD_I1008436"
11,"Marvel Stadium","Carlton","GWS GIANTS",46,"FPL","Callum","Brown","CD_I1014038"
11,"Marvel Stadium","Carlton","GWS GIANTS",44,"CHB","Jack","Buckley","CD_I1009708"
11,"Marvel Stadium","Carlton","GWS GIANTS",5,"CHF","Aaron","Cadman","CD_I1019038"
11,"Marvel Stadium","Carlton","GWS GIANTS",37,"INT","Joe","Fonti","CD_I1032629"
11,"Marvel Stadium","Carlton","GWS GIANTS",12,"R","Tom","Green","CD_I1009528"
11,"Marvel Stadium","Carlton","GWS GIANTS",4,"FPR","Toby","Greene","CD_I295344"
11,"Marvel Stadium","Carlton","GWS GIANTS",27,"WL","Harry","Himmelberg","CD_I993107"
11,"Marvel Stadium","Carlton","GWS GIANTS",23,"FF","Jesse","Hogan","CD_I296324"
11,"Marvel Stadium","Carlton","GWS GIANTS",39,"BPL","Connor","Idun","CD_I1008083"
11,"Marvel Stadium","Carlton","GWS GIANTS",2,"HFFR","Darcy","Jones","CD_I1020650"
11,"Marvel Stadium","Carlton","GWS GIANTS",33,"INT","Xavier","O'Halloran","CD_I1006135"
11,"Marvel Stadium","Carlton","GWS GIANTS",26,"INT","Jake","Riccardi","CD_I1008123"
11,"Marvel Stadium","Carlton","GWS GIANTS",24,"SUB","Harry","Rowston","CD_I1021122"
11,"Marvel Stadium","Carlton","GWS GIANTS",15,"FB","Sam","Taylor","CD_I1005247"
11,"Marvel Stadium","Carlton","GWS GIANTS",1,"HFFL","Harvey","Thomas","CD_I1027925"
11,"Marvel Stadium","Carlton","GWS GIANTS",8,"C","Callan","Ward","CD_I280109"
11,"Marvel Stadium","Carlton","GWS GIANTS",10,"WR","Jacob","Wehr","CD_I1004530"
11,"Marvel Stadium","Carlton","GWS GIANTS",6,"HBFL","Lachie","Whitfield","CD_I294305"
11,"MCG","Hawthorn","Brisbane Lions",10,"HBFL","Karl","Amon","CD_I297354"
11,"MCG","Hawthorn","Brisbane Lions",37,"FB","Tom","Barrass","CD_I990290"
11,"MCG","Hawthorn","Brisbane Lions",24,"BPL","Josh","Battle","CD_I998134"
11,"MCG","Hawthorn","Brisbane Lions",18,"FF","Mabior","Chol","CD_I994077"
11,"MCG","Hawthorn","Brisbane Lions",16,"HBFR","Massimo","D'Ambrosio","CD_I1005144"
11,"MCG","Hawthorn","Brisbane Lions",33,"FPL","Jack","Ginnivan","CD_I1012857"
11,"MCG","Hawthorn","Brisbane Lions",19,"FPR","Jack","Gunston","CD_I291351"
11,"MCG","Hawthorn","Brisbane Lions",15,"CHB","Blake","Hardwick","CD_I993794"
11,"MCG","Hawthorn","Brisbane Lions",9,"WL","Changkuoth","Jiath","CD_I998390"
11,"MCG","Hawthorn","Brisbane Lions",31,"INT","Connor","Macdonald","CD_I1017094"
11,"MCG","Hawthorn","Brisbane Lions",28,"INT","Cam","Mackenzie","CD_I1023482"
11,"MCG","Hawthorn","Brisbane Lions",20,"SUB","Finn","Maginness","CD_I1009421"
11,"MCG","Hawthorn","Brisbane Lions",17,"RK","Lloyd","Meek","CD_I1000980"
11,"MCG","Hawthorn","Brisbane Lions",13,"HFFR","Dylan","Moore","CD_I1006314"
11,"MCG","Hawthorn","Brisbane Lions",1,"WR","Harry","Morrison","CD_I1000963"
11,"MCG","Hawthorn","Brisbane Lions",11,"INT","Conor","Nash","CD_I1007124"
11,"MCG","Hawthorn","Brisbane Lions",3,"RR","Jai","Newcombe","CD_I1020895"
11,"MCG","Hawthorn","Brisbane Lions",14,"INT","Jack","Scrimshaw","CD_I998114"
11,"MCG","Hawthorn","Brisbane Lions",6,"BPR","James","Sicily","CD_I297566"
11,"MCG","Hawthorn","Brisbane Lions",25,"C","Josh","Ward","CD_I1017110"
11,"MCG","Hawthorn","Brisbane Lions",34,"CHF","Nick","Watson","CD_I1023473"
11,"MCG","Hawthorn","Brisbane Lions",23,"HFFL","Josh","Weddle","CD_I1027935"
11,"MCG","Hawthorn","Brisbane Lions",5,"R","James","Worpel","CD_I1002222"
11,"MCG","Hawthorn","Brisbane Lions",4,"FPR","Callum","Ah Chee","CD_I298437"
11,"MCG","Hawthorn","Brisbane Lions",31,"CHB","Harris","Andrews","CD_I996059"
11,"MCG","Hawthorn","Brisbane Lions",43,"HBFL","Noah","Answerth","CD_I1005053"
11,"MCG","Hawthorn","Brisbane Lions",10,"INT","Levi","Ashcroft","CD_I1028560"
11,"MCG","Hawthorn","Brisbane Lions",8,"INT","Will","Ashcroft","CD_I1023517"
11,"MCG","Hawthorn","Brisbane Lions",33,"WR","Zac","Bailey","CD_I1002312"
11,"MCG","Hawthorn","Brisbane Lions",7,"HFFR","Jarrod","Berry","CD_I998133"
11,"MCG","Hawthorn","Brisbane Lions",23,"HFFL","Charlie","Cameron","CD_I990609"
11,"MCG","Hawthorn","Brisbane Lions",5,"RR","Josh","Dunkley","CD_I993834"
11,"MCG","Hawthorn","Brisbane Lions",3,"WL","Jaspa","Fletcher","CD_I1023708"
11,"MCG","Hawthorn","Brisbane Lions",32,"RK","Darcy","Fort","CD_I298211"
11,"MCG","Hawthorn","Brisbane Lions",27,"HBFR","Darcy","Gardiner","CD_I296269"
11,"MCG","Hawthorn","Brisbane Lions",30,"CHF","Eric","Hipwood","CD_I993953"
11,"MCG","Hawthorn","Brisbane Lions",35,"BPR","Ryan","Lester","CD_I291548"
11,"MCG","Hawthorn","Brisbane Lions",1,"INT","Kai","Lohmann","CD_I1014026"
11,"MCG","Hawthorn","Brisbane Lions",6,"C","Hugh","McCluggage","CD_I1000978"
11,"MCG","Hawthorn","Brisbane Lions",13,"FF","Logan","Morris","CD_I1028019"
11,"MCG","Hawthorn","Brisbane Lions",9,"R","Lachie","Neale","CD_I293535"
11,"MCG","Hawthorn","Brisbane Lions",40,"FB","Jack","Payne","CD_I1002347"
11,"MCG","Hawthorn","Brisbane Lions",16,"FPL","Cam","Rayner","CD_I1002235"
11,"MCG","Hawthorn","Brisbane Lions",2,"SUB","Deven","Robertson","CD_I1009385"
11,"MCG","Hawthorn","Brisbane Lions",44,"INT","Darcy","Wilmot","CD_I1017067"
11,"MCG","Hawthorn","Brisbane Lions",15,"BPL","Dayne","Zorko","CD_I261224"
11,"Marvel Stadium","North Melbourne","Collingwood",30,"BPL","Charlie","Comben","CD_I1015781"
11,"Marvel Stadium","North Melbourne","Collingwood",4,"BPR","Aidan","Corr","CD_I294508"
11,"Marvel Stadium","North Melbourne","Collingwood",25,"HFFL","Paul","Curtis","CD_I1002947"
11,"Marvel Stadium","North Melbourne","Collingwood",5,"CHB","Caleb","Daniel","CD_I295136"
11,"Marvel Stadium","North Melbourne","Collingwood",28,"FF","Jack","Darling","CD_I290838"
11,"Marvel Stadium","North Melbourne","Collingwood",9,"C","Luke","Davies-Uniacke","CD_I1002267"
11,"Marvel Stadium","North Melbourne","Collingwood",16,"SUB","Zac","Fisher","CD_I999827"
11,"Marvel Stadium","North Melbourne","Collingwood",17,"HBFL","Riley","Hardeman","CD_I1023625"
11,"Marvel Stadium","North Melbourne","Collingwood",41,"INT","Jacob","Konstanty","CD_I1023530"
11,"Marvel Stadium","North Melbourne","Collingwood",20,"CHF","Nick","Larkey","CD_I1001017"
11,"Marvel Stadium","North Melbourne","Collingwood",39,"INT","Finnbar","Maley","CD_I1031792"
11,"Marvel Stadium","North Melbourne","Collingwood",11,"FPL","Luke","McDonald","CD_I296355"
11,"Marvel Stadium","North Melbourne","Collingwood",10,"HFFR","Colby","McKercher","CD_I1024272"
11,"Marvel Stadium","North Melbourne","Collingwood",2,"INT","Finn","O'Sullivan","CD_I1028495"
11,"Marvel Stadium","North Melbourne","Collingwood",26,"INT","Luke","Parker","CD_I290778"
11,"Marvel Stadium","North Melbourne","Collingwood",32,"FB","Toby","Pink","CD_I1002138"
11,"Marvel Stadium","North Melbourne","Collingwood",24,"R","Tom","Powell","CD_I1011659"
11,"Marvel Stadium","North Melbourne","Collingwood",3,"HBFR","Harry","Sheezel","CD_I1023518"
11,"Marvel Stadium","North Melbourne","Collingwood",12,"WR","Jy","Simpkin","CD_I993998"
11,"Marvel Stadium","North Melbourne","Collingwood",15,"WL","Dylan","Stephens","CD_I1004848"
11,"Marvel Stadium","North Melbourne","Collingwood",6,"RR","George","Wardlaw","CD_I1023477"
11,"Marvel Stadium","North Melbourne","Collingwood",38,"RK","Tristan","Xerri","CD_I1004965"
11,"Marvel Stadium","North Melbourne","Collingwood",44,"FPR","Cameron","Zurhaar","CD_I998484"
11,"Marvel Stadium","North Melbourne","Collingwood",16,"WL","Edward","Allan","CD_I1022915"
11,"Marvel Stadium","North Melbourne","Collingwood",14,"RK","Darcy","Cameron","CD_I990291"
11,"Marvel Stadium","North Melbourne","Collingwood",46,"INT","Mason","Cox","CD_I998647"
11,"Marvel Stadium","North Melbourne","Collingwood",25,"C","Jack","Crisp","CD_I293871"
11,"Marvel Stadium","North Melbourne","Collingwood",7,"BPR","Josh","Daicos","CD_I1005054"
11,"Marvel Stadium","North Melbourne","Collingwood",35,"R","Nick","Daicos","CD_I1023261"
11,"Marvel Stadium","North Melbourne","Collingwood",5,"FPL","Jamie","Elliott","CD_I293801"
11,"Marvel Stadium","North Melbourne","Collingwood",17,"FB","Billy","Frampton","CD_I991773"
11,"Marvel Stadium","North Melbourne","Collingwood",39,"HFFL","William","Hayes","CD_I1032922"
11,"Marvel Stadium","North Melbourne","Collingwood",32,"INT","Will","Hoskin-Elliott","CD_I291720"
11,"Marvel Stadium","North Melbourne","Collingwood",9,"HBFR","Dan","Houston","CD_I994295"
11,"Marvel Stadium","North Melbourne","Collingwood",38,"CHB","Jeremy","Howe","CD_I291313"
11,"Marvel Stadium","North Melbourne","Collingwood",1,"WR","Patrick","Lipinski","CD_I1003130"
11,"Marvel Stadium","North Melbourne","Collingwood",44,"RR","Ned","Long","CD_I1017124"
11,"Marvel Stadium","North Melbourne","Collingwood",37,"SUB","Oleg","Markov","CD_I298358"
11,"Marvel Stadium","North Melbourne","Collingwood",4,"BPL","Brayden","Maynard","CD_I992010"
11,"Marvel Stadium","North Melbourne","Collingwood",31,"HFFR","Beau","McCreery","CD_I1004757"
11,"Marvel Stadium","North Melbourne","Collingwood",28,"CHF","Tim","Membrey","CD_I294596"
11,"Marvel Stadium","North Melbourne","Collingwood",41,"FF","Brody","Mihocek","CD_I291849"
11,"Marvel Stadium","North Melbourne","Collingwood",15,"INT","Wil","Parker","CD_I1012873"
11,"Marvel Stadium","North Melbourne","Collingwood",12,"INT","Harry","Perryman","CD_I998205"
11,"Marvel Stadium","North Melbourne","Collingwood",3,"HBFL","Isaac","Quaynor","CD_I1008089"
11,"Marvel Stadium","North Melbourne","Collingwood",33,"FPR","Lachlan","Sullivan","CD_I998480"
11,"Optus Stadium","Fremantle","Port Adelaide",24,"FPR","Jye","Amiss","CD_I1020594"
11,"Optus Stadium","Fremantle","Port Adelaide",41,"SUB","Bailey","Banfield","CD_I998180"
11,"Optus Stadium","Fremantle","Port Adelaide",15,"C","Shai","Bolton","CD_I993993"
11,"Optus Stadium","Fremantle","Port Adelaide",8,"R","Andrew","Brayshaw","CD_I1002232"
11,"Optus Stadium","Fremantle","Port Adelaide",5,"HBFL","Heath","Chapman","CD_I1013224"
11,"Optus Stadium","Fremantle","Port Adelaide",6,"HBFR","Jordan","Clark","CD_I1006152"
11,"Optus Stadium","Fremantle","Port Adelaide",36,"BPR","Brennan","Cox","CD_I997033"
11,"Optus Stadium","Fremantle","Port Adelaide",43,"INT","Isaiah","Dudley","CD_I1011558"
11,"Optus Stadium","Fremantle","Port Adelaide",28,"INT","Neil","Erasmus","CD_I1020250"
11,"Optus Stadium","Fremantle","Port Adelaide",32,"HFFL","Michael","Frederick","CD_I999321"
11,"Optus Stadium","Fremantle","Port Adelaide",9,"RK","Luke","Jackson","CD_I1009399"
11,"Optus Stadium","Fremantle","Port Adelaide",44,"WR","Matthew","Johnson","CD_I1016825"
11,"Optus Stadium","Fremantle","Port Adelaide",25,"FB","Alex","Pearce","CD_I298409"
11,"Optus Stadium","Fremantle","Port Adelaide",16,"HFFR","Murphy","Reid","CD_I1028513"
11,"Optus Stadium","Fremantle","Port Adelaide",13,"BPL","Luke","Ryan","CD_I998659"
11,"Optus Stadium","Fremantle","Port Adelaide",3,"RR","Caleb","Serong","CD_I1009420"
11,"Optus Stadium","Fremantle","Port Adelaide",14,"WL","Jeremy","Sharp","CD_I1009380"
11,"Optus Stadium","Fremantle","Port Adelaide",29,"INT","Cooper","Simpson","CD_I1027656"
11,"Optus Stadium","Fremantle","Port Adelaide",39,"CHF","Sam","Switkowski","CD_I992059"
11,"Optus Stadium","Fremantle","Port Adelaide",35,"FF","Josh","Treacy","CD_I1012819"
11,"Optus Stadium","Fremantle","Port Adelaide",20,"FPL","Patrick","Voss","CD_I1017754"
11,"Optus Stadium","Fremantle","Port Adelaide",34,"INT","Corey","Wagner","CD_I993940"
11,"Optus Stadium","Fremantle","Port Adelaide",23,"CHB","Karl","Worner","CD_I1021015"
11,"Optus Stadium","Fremantle","Port Adelaide",21,"FB","Aliir","Aliir","CD_I294469"
11,"Optus Stadium","Fremantle","Port Adelaide",32,"INT","Rory","Atkins","CD_I294472"
11,"Optus Stadium","Fremantle","Port Adelaide",14,"C","Miles","Bergman","CD_I1009191"
11,"Optus Stadium","Fremantle","Port Adelaide",10,"WL","Travis","Boak","CD_I250365"
11,"Optus Stadium","Fremantle","Port Adelaide",7,"HBFR","Jase","Burgoyne","CD_I1013462"
11,"Optus Stadium","Fremantle","Port Adelaide",3,"BPR","Ryan","Burton","CD_I992128"
11,"Optus Stadium","Fremantle","Port Adelaide",9,"R","Zak","Butters","CD_I1006121"
11,"Optus Stadium","Fremantle","Port Adelaide",33,"CHF","Darcy","Byrne-Jones","CD_I991930"
11,"Optus Stadium","Fremantle","Port Adelaide",28,"RR","Willem","Drew","CD_I1000972"
11,"Optus Stadium","Fremantle","Port Adelaide",22,"HBFL","Logan","Evans","CD_I1019938"
11,"Optus Stadium","Fremantle","Port Adelaide",11,"INT","Jeremy","Finlayson","CD_I298111"
11,"Optus Stadium","Fremantle","Port Adelaide",19,"HFFR","Mitch","Georgiades","CD_I1010174"
11,"Optus Stadium","Fremantle","Port Adelaide",39,"SUB","Hugh","Jackson","CD_I1015330"
11,"Optus Stadium","Fremantle","Port Adelaide",30,"FPL","Ollie","Lord","CD_I1012881"
11,"Optus Stadium","Fremantle","Port Adelaide",44,"WR","Jackson","Mead","CD_I1005326"
11,"Optus Stadium","Fremantle","Port Adelaide",31,"INT","Christian","Moraes","CD_I1028563"
11,"Optus Stadium","Fremantle","Port Adelaide",2,"FF","Sam","Powell-Pepper","CD_I993979"
11,"Optus Stadium","Fremantle","Port Adelaide",35,"HFFL","Joe","Richards","CD_I1008239"
11,"Optus Stadium","Fremantle","Port Adelaide",15,"FPR","Willie","Rioli","CD_I296225"
11,"Optus Stadium","Fremantle","Port Adelaide",1,"CHB","Connor","Rozee","CD_I1001299"
11,"Optus Stadium","Fremantle","Port Adelaide",38,"RK","Dante","Visentini","CD_I1017128"
11,"Optus Stadium","Fremantle","Port Adelaide",16,"INT","Ollie","Wines","CD_I294318"
11,"Optus Stadium","Fremantle","Port Adelaide",25,"BPL","Brandon","Zerk-Thatcher","CD_I1004034"
11,"Adelaide Oval","Adelaide Crows","West Coast Eagles",3,"FPR","Sam","Berry","CD_I1012807"
11,"Adelaide Oval","Adelaide Crows","West Coast Eagles",41,"FB","Jordon","Butts","CD_I1004995"
11,"Adelaide Oval","Adelaide Crows","West Coast Eagles",44,"WL","Isaac","Cumming","CD_I1001396"
11,"Adelaide Oval","Adelaide Crows","West Coast Eagles",6,"WR","Daniel","Curtin","CD_I1024023"
11,"Adelaide Oval","Adelaide Crows","West Coast Eagles",12,"C","Jordan","Dawson","CD_I992242"
11,"Adelaide Oval","Adelaide Crows","West Coast Eagles",34,"SUB","Sid","Draper","CD_I1022607"
11,"Adelaide Oval","Adelaide Crows","West Coast Eagles",32,"FF","Darcy","Fogarty","CD_I999331"
11,"Adelaide Oval","Adelaide Crows","West Coast Eagles",20,"INT","Mitchell","Hinge","CD_I1004863"
11,"Adelaide Oval","Adelaide Crows","West Coast Eagles",48,"CHB","Mark","Keane","CD_I1013974"
11,"Adelaide Oval","Adelaide Crows","West Coast Eagles",2,"HFFL","Ben","Keays","CD_I993946"
11,"Adelaide Oval","Adelaide Crows","West Coast Eagles",29,"BPR","Rory","Laird","CD_I293222"
11,"Adelaide Oval","Adelaide Crows","West Coast Eagles",16,"HBFL","Max","Michalanney","CD_I1015370"
11,"Adelaide Oval","Adelaide Crows","West Coast Eagles",30,"HBFR","Wayne","Milera","CD_I990882"
11,"Adelaide Oval","Adelaide Crows","West Coast Eagles",28,"FPL","Alex","Neal-Bullen","CD_I296420"
11,"Adelaide Oval","Adelaide Crows","West Coast Eagles",43,"RK","Reilly","O'Brien","CD_I297523"
11,"Adelaide Oval","Adelaide Crows","West Coast Eagles",25,"INT","James","Peatling","CD_I1006013"
11,"Adelaide Oval","Adelaide Crows","West Coast Eagles",10,"INT","Luke","Pedlar","CD_I1012218"
11,"Adelaide Oval","Adelaide Crows","West Coast Eagles",8,"HFFR","Josh","Rachele","CD_I1017051"
11,"Adelaide Oval","Adelaide Crows","West Coast Eagles",23,"RR","Izak","Rankine","CD_I1001195"
11,"Adelaide Oval","Adelaide Crows","West Coast Eagles",14,"R","Jake","Soligo","CD_I1017109"
11,"Adelaide Oval","Adelaide Crows","West Coast Eagles",19,"INT","Zac","Taylor","CD_I1017065"
11,"Adelaide Oval","Adelaide Crows","West Coast Eagles",7,"CHF","Riley","Thilthorpe","CD_I1008384"
11,"Adelaide Oval","Adelaide Crows","West Coast Eagles",24,"BPL","Josh","Worrell","CD_I1011981"
11,"Adelaide Oval","Adelaide Crows","West Coast Eagles",12,"FF","Oscar","Allen","CD_I1004385"
11,"Adelaide Oval","Adelaide Crows","West Coast Eagles",3,"HBFR","Liam","Baker","CD_I1000223"
11,"Adelaide Oval","Adelaide Crows","West Coast Eagles",41,"CHB","Sandy","Brock","CD_I1013315"
11,"Adelaide Oval","Adelaide Crows","West Coast Eagles",10,"FPL","Tyler","Brockman","CD_I1013511"
11,"Adelaide Oval","Adelaide Crows","West Coast Eagles",28,"INT","Tom","Cole","CD_I993820"
11,"Adelaide Oval","Adelaide Crows","West Coast Eagles",43,"SUB","Tyrell","Dewar","CD_I1023142"
11,"Adelaide Oval","Adelaide Crows","West Coast Eagles",14,"HBFL","Liam","Duggan","CD_I298268"
11,"Adelaide Oval","Adelaide Crows","West Coast Eagles",42,"FB","Harry","Edwards","CD_I1011437"
11,"Adelaide Oval","Adelaide Crows","West Coast Eagles",25,"RK","Matt","Flynn","CD_I993902"
11,"Adelaide Oval","Adelaide Crows","West Coast Eagles",7,"BPL","Reuben","Ginbey","CD_I1023025"
11,"Adelaide Oval","Adelaide Crows","West Coast Eagles",17,"INT","Jack","Graham","CD_I990827"
11,"Adelaide Oval","Adelaide Crows","West Coast Eagles",27,"WL","Tom","Gross","CD_I1028561"
11,"Adelaide Oval","Adelaide Crows","West Coast Eagles",8,"HFFL","Elijah","Hewett","CD_I1020670"
11,"Adelaide Oval","Adelaide Crows","West Coast Eagles",19,"RR","Brady","Hough","CD_I1023167"
11,"Adelaide Oval","Adelaide Crows","West Coast Eagles",5,"WR","Jayden","Hunt","CD_I994385"
11,"Adelaide Oval","Adelaide Crows","West Coast Eagles",44,"HFFR","Jack","Hutchinson","CD_I1036098"
11,"Adelaide Oval","Adelaide Crows","West Coast Eagles",11,"R","Tim","Kelly","CD_I295898"
11,"Adelaide Oval","Adelaide Crows","West Coast Eagles",13,"INT","Noah","Long","CD_I1023496"
11,"Adelaide Oval","Adelaide Crows","West Coast Eagles",23,"BPR","Ryan","Maric","CD_I1029416"
11,"Adelaide Oval","Adelaide Crows","West Coast Eagles",9,"C","Harley","Reid","CD_I1023492"
11,"Adelaide Oval","Adelaide Crows","West Coast Eagles",1,"FPR","Liam","Ryan","CD_I1004364"
11,"Adelaide Oval","Adelaide Crows","West Coast Eagles",2,"CHF","Jake","Waterman","CD_I996554"
11,"Adelaide Oval","Adelaide Crows","West Coast Eagles",32,"INT","Bailey J.","Williams","CD_I1006114"
11,"MCG","Melbourne","Sydney Swans",17,"BPL","Jake","Bowey","CD_I1012825"
11,"MCG","Melbourne","Sydney Swans",37,"INT","Kade","Chandler","CD_I1005330"
11,"MCG","Melbourne","Sydney Swans",31,"CHF","Bayley","Fritsch","CD_I1001438"
11,"MCG","Melbourne","Sydney Swans",11,"RK","Max","Gawn","CD_I290528"
11,"MCG","Melbourne","Sydney Swans",42,"INT","Aidan","Johnson","CD_I1024173"
11,"MCG","Melbourne","Sydney Swans",15,"INT","Ed","Langdon","CD_I298264"
11,"MCG","Melbourne","Sydney Swans",19,"R","Harvey","Langford","CD_I1028546"
11,"MCG","Melbourne","Sydney Swans",8,"CHB","Jake","Lever","CD_I298281"
11,"MCG","Melbourne","Sydney Swans",20,"WL","Xavier","Lindsay","CD_I1028531"
11,"MCG","Melbourne","Sydney Swans",1,"FB","Steven","May","CD_I281085"
11,"MCG","Melbourne","Sydney Swans",4,"HBFL","Judd","McVee","CD_I1017703"
11,"MCG","Melbourne","Sydney Swans",18,"FPL","Jake","Melksham","CD_I280824"
11,"MCG","Melbourne","Sydney Swans",13,"RR","Clayton","Oliver","CD_I996701"
11,"MCG","Melbourne","Sydney Swans",5,"C","Christian","Petracca","CD_I298210"
11,"MCG","Melbourne","Sydney Swans",35,"FF","Harrison","Petty","CD_I1008893"
11,"MCG","Melbourne","Sydney Swans",36,"FPR","Kysaiah","Pickett","CD_I1008541"
11,"MCG","Melbourne","Sydney Swans",24,"HBFR","Trent","Rivers","CD_I1009378"
11,"MCG","Melbourne","Sydney Swans",3,"BPR","Christian","Salem","CD_I296359"
11,"MCG","Melbourne","Sydney Swans",30,"SUB","Harry","Sharp","CD_I1007099"
11,"MCG","Melbourne","Sydney Swans",9,"HFFL","Charlie","Spargo","CD_I1002282"
11,"MCG","Melbourne","Sydney Swans",32,"WR","Tom","Sparrow","CD_I999391"
11,"MCG","Melbourne","Sydney Swans",10,"HFFR","Daniel","Turner","CD_I1020959"
11,"MCG","Melbourne","Sydney Swans",6,"INT","Caleb","Windsor","CD_I1027821"
11,"MCG","Melbourne","Sydney Swans",3,"SUB","Taylor","Adams","CD_I291776"
11,"MCG","Melbourne","Sydney Swans",26,"HBFR","Riley","Bice","CD_I1008224"
11,"MCG","Melbourne","Sydney Swans",22,"CHB","Nick","Blakey","CD_I1006028"
11,"MCG","Melbourne","Sydney Swans",16,"HFFR","Braeden","Campbell","CD_I1013133"
11,"MCG","Melbourne","Sydney Swans",33,"INT","Caiden","Cleary","CD_I1024057"
11,"MCG","Melbourne","Sydney Swans",13,"INT","Oliver","Florent","CD_I998103"
11,"MCG","Melbourne","Sydney Swans",4,"RK","Brodie","Grundy","CD_I293957"
11,"MCG","Melbourne","Sydney Swans",29,"CHF","Joel","Hamling","CD_I295222"
11,"MCG","Melbourne","Sydney Swans",9,"FF","Will","Hayward","CD_I997100"
11,"MCG","Melbourne","Sydney Swans",5,"C","Isaac","Heeney","CD_I298539"
11,"MCG","Melbourne","Sydney Swans",17,"FPL","James","Jordon","CD_I1013409"
11,"MCG","Melbourne","Sydney Swans",19,"INT","Peter","Ladhams","CD_I997142"
11,"MCG","Melbourne","Sydney Swans",44,"WR","Jake","Lloyd","CD_I295342"
11,"MCG","Melbourne","Sydney Swans",30,"FB","Tom","McCartin","CD_I1008198"
11,"MCG","Melbourne","Sydney Swans",2,"INT","Hayden","McLean","CD_I1003203"
11,"MCG","Melbourne","Sydney Swans",14,"WL","Callum","Mills","CD_I993905"
11,"MCG","Melbourne","Sydney Swans",24,"BPR","Dane","Rampe","CD_I290307"
11,"MCG","Melbourne","Sydney Swans",34,"HBFL","Matt","Roberts","CD_I1012210"
11,"MCG","Melbourne","Sydney Swans",8,"R","James","Rowbottom","CD_I1006126"
11,"MCG","Melbourne","Sydney Swans",12,"FPR","Angus","Sheldrick","CD_I1020339"
11,"MCG","Melbourne","Sydney Swans",1,"RR","Chad","Warner","CD_I1012014"
11,"MCG","Melbourne","Sydney Swans",37,"HFFL","Corey","Warner","CD_I1018424"
11,"MCG","Melbourne","Sydney Swans",15,"BPL","Sam","Wicks","CD_I1006232"
11,"Marvel Stadium","St Kilda","Gold Coast SUNS",38,"SUB","Hugh","Boxshall","CD_I1029148"
11,"Marvel Stadium","St Kilda","Gold Coast SUNS",13,"HBFR","Ryan","Byrnes","CD_I1011994"
11,"Marvel Stadium","St Kilda","Gold Coast SUNS",47,"FF","Anthony","Caminiti","CD_I1023784"
11,"Marvel Stadium","St Kilda","Gold Coast SUNS",11,"INT","Hunter","Clark","CD_I1002264"
11,"Marvel Stadium","St Kilda","Gold Coast SUNS",40,"INT","Max","Hall","CD_I1020855"
11,"Marvel Stadium","St Kilda","Gold Coast SUNS",1,"HFFL","Jack","Higgins","CD_I1002227"
11,"Marvel Stadium","St Kilda","Gold Coast SUNS",8,"WR","Bradley","Hill","CD_I295584"
11,"Marvel Stadium","St Kilda","Gold Coast SUNS",3,"RR","Zak","Jones","CD_I991988"
11,"Marvel Stadium","St Kilda","Gold Coast SUNS",17,"FPR","Isaac","Keeler","CD_I1015323"
11,"Marvel Stadium","St Kilda","Gold Coast SUNS",19,"RK","Rowan","Marshall","CD_I992468"
11,"Marvel Stadium","St Kilda","Gold Coast SUNS",45,"BPL","Liam","O'Connell","CD_I1035198"
11,"Marvel Stadium","St Kilda","Gold Coast SUNS",10,"HFFR","Mitch","Owens","CD_I1023272"
11,"Marvel Stadium","St Kilda","Gold Coast SUNS",25,"CHF","Mattaes","Phillipou","CD_I1020137"
11,"Marvel Stadium","St Kilda","Gold Coast SUNS",43,"FPL","Cooper","Sharman","CD_I1018018"
11,"Marvel Stadium","St Kilda","Gold Coast SUNS",35,"C","Jack","Sinclair","CD_I994389"
11,"Marvel Stadium","St Kilda","Gold Coast SUNS",9,"R","Jack","Steele","CD_I296205"
11,"Marvel Stadium","St Kilda","Gold Coast SUNS",5,"INT","Tobie","Travaglia","CD_I1028538"
11,"Marvel Stadium","St Kilda","Gold Coast SUNS",7,"CHB","Nasiah","Wanganeen-Milera","CD_I1015507"
11,"Marvel Stadium","St Kilda","Gold Coast SUNS",29,"BPR","Jimmy","Webster","CD_I290757"
11,"Marvel Stadium","St Kilda","Gold Coast SUNS",44,"FB","Callum","Wilkie","CD_I296422"
11,"Marvel Stadium","St Kilda","Gold Coast SUNS",22,"INT","Darcy","Wilson","CD_I1027875"
11,"Marvel Stadium","St Kilda","Gold Coast SUNS",2,"HBFL","Marcus","Windhager","CD_I1023270"
11,"Marvel Stadium","St Kilda","Gold Coast SUNS",32,"WL","Mason","Wood","CD_I295340"
11,"Marvel Stadium","St Kilda","Gold Coast SUNS",9,"HFFL","Ben","Ainsworth","CD_I998130"
11,"Marvel Stadium","St Kilda","Gold Coast SUNS",15,"R","Noah","Anderson","CD_I1009199"
11,"Marvel Stadium","St Kilda","Gold Coast SUNS",1,"BPL","Mac","Andrew","CD_I1017396"
11,"Marvel Stadium","St Kilda","Gold Coast SUNS",33,"WL","Sam","Clohesy","CD_I1013257"
11,"Marvel Stadium","St Kilda","Gold Coast SUNS",25,"BPR","Sam","Collins","CD_I295446"
11,"Marvel Stadium","St Kilda","Gold Coast SUNS",8,"WR","Brayden","Fiorini","CD_I993799"
11,"Marvel Stadium","St Kilda","Gold Coast SUNS",3,"CHF","Sam","Flanders","CD_I1009260"
11,"Marvel Stadium","St Kilda","Gold Coast SUNS",7,"INT","Nick","Holman","CD_I297456"
11,"Marvel Stadium","St Kilda","Gold Coast SUNS",19,"HFFR","Bailey","Humphrey","CD_I1023500"
11,"Marvel Stadium","St Kilda","Gold Coast SUNS",40,"INT","Joel","Jeffrey","CD_I1005992"
11,"Marvel Stadium","St Kilda","Gold Coast SUNS",34,"FPR","Ben","King","CD_I1006144"
11,"Marvel Stadium","St Kilda","Gold Coast SUNS",22,"FPL","Ben","Long","CD_I993917"
11,"Marvel Stadium","St Kilda","Gold Coast SUNS",11,"RR","Touk","Miller","CD_I298272"
11,"Marvel Stadium","St Kilda","Gold Coast SUNS",2,"HBFL","John","Noble","CD_I1000072"
11,"Marvel Stadium","St Kilda","Gold Coast SUNS",27,"FB","Wil","Powell","CD_I1007881"
11,"Marvel Stadium","St Kilda","Gold Coast SUNS",20,"INT","Ethan","Read","CD_I1027033"
11,"Marvel Stadium","St Kilda","Gold Coast SUNS",17,"HBFR","Daniel","Rioli","CD_I1000981"
11,"Marvel Stadium","St Kilda","Gold Coast SUNS",41,"SUB","Malcolm","Rosas","CD_I1005986"
11,"Marvel Stadium","St Kilda","Gold Coast SUNS",18,"C","Matt","Rowell","CD_I1009208"
11,"Marvel Stadium","St Kilda","Gold Coast SUNS",24,"INT","David","Swallow","CD_I290832"
11,"Marvel Stadium","St Kilda","Gold Coast SUNS",32,"CHB","Bodhi","Uwland","CD_I1017665"
11,"Marvel Stadium","St Kilda","Gold Coast SUNS",4,"FF","Jed","Walter","CD_I1023736"
11,"Marvel Stadium","St Kilda","Gold Coast SUNS",28,"RK","Jarrod","Witts","CD_I291975"
12,"Gabba","Brisbane Lions","Essendon",4,"FPR","Callum","Ah Chee","CD_I298437"
12,"Gabba","Brisbane Lions","Essendon",31,"CHB","Harris","Andrews","CD_I996059"
12,"Gabba","Brisbane Lions","Essendon",43,"HBFL","Noah","Answerth","CD_I1005053"
12,"Gabba","Brisbane Lions","Essendon",10,"INT","Levi","Ashcroft","CD_I1028560"
12,"Gabba","Brisbane Lions","Essendon",8,"INT","Will","Ashcroft","CD_I1023517"
12,"Gabba","Brisbane Lions","Essendon",33,"WR","Zac","Bailey","CD_I1002312"
12,"Gabba","Brisbane Lions","Essendon",7,"HBFR","Jarrod","Berry","CD_I998133"
12,"Gabba","Brisbane Lions","Essendon",23,"HFFL","Charlie","Cameron","CD_I990609"
12,"Gabba","Brisbane Lions","Essendon",5,"RR","Josh","Dunkley","CD_I993834"
12,"Gabba","Brisbane Lions","Essendon",3,"WL","Jaspa","Fletcher","CD_I1023708"
12,"Gabba","Brisbane Lions","Essendon",32,"RK","Darcy","Fort","CD_I298211"
12,"Gabba","Brisbane Lions","Essendon",27,"INT","Darcy","Gardiner","CD_I296269"
12,"Gabba","Brisbane Lions","Essendon",30,"CHF","Eric","Hipwood","CD_I993953"
12,"Gabba","Brisbane Lions","Essendon",35,"BPR","Ryan","Lester","CD_I291548"
12,"Gabba","Brisbane Lions","Essendon",1,"HFFR","Kai","Lohmann","CD_I1014026"
12,"Gabba","Brisbane Lions","Essendon",6,"C","Hugh","McCluggage","CD_I1000978"
12,"Gabba","Brisbane Lions","Essendon",13,"FF","Logan","Morris","CD_I1028019"
12,"Gabba","Brisbane Lions","Essendon",9,"R","Lachie","Neale","CD_I293535"
12,"Gabba","Brisbane Lions","Essendon",40,"FB","Jack","Payne","CD_I1002347"
12,"Gabba","Brisbane Lions","Essendon",16,"FPL","Cam","Rayner","CD_I1002235"
12,"Gabba","Brisbane Lions","Essendon",2,"SUB","Deven","Robertson","CD_I1009385"
12,"Gabba","Brisbane Lions","Essendon",44,"INT","Darcy","Wilmot","CD_I1017067"
12,"Gabba","Brisbane Lions","Essendon",15,"BPL","Dayne","Zorko","CD_I261224"
12,"Gabba","Brisbane Lions","Essendon",30,"CHF","Nate","Caddy","CD_I1027899"
12,"Gabba","Brisbane Lions","Essendon",6,"RR","Jye","Caldwell","CD_I1006103"
12,"Gabba","Brisbane Lions","Essendon",36,"WR","Angus","Clarke","CD_I1027284"
12,"Gabba","Brisbane Lions","Essendon",44,"INT","Archer","Day-Wicks","CD_I1029265"
12,"Gabba","Brisbane Lions","Essendon",22,"R","Sam","Durham","CD_I1015810"
12,"Gabba","Brisbane Lions","Essendon",28,"WL","Xavier","Duursma","CD_I1006096"
12,"Gabba","Brisbane Lions","Essendon",17,"RK","Todd","Goldstein","CD_I271129"
12,"Gabba","Brisbane Lions","Essendon",11,"HBFL","Jade","Gresham","CD_I298421"
12,"Gabba","Brisbane Lions","Essendon",35,"FPL","Matt","Guelfi","CD_I996232"
12,"Gabba","Brisbane Lions","Essendon",8,"INT","Ben","Hobbs","CD_I1017088"
12,"Gabba","Brisbane Lions","Essendon",40,"INT","Zak","Johnson","CD_I1028519"
12,"Gabba","Brisbane Lions","Essendon",10,"FPR","Isaac","Kako","CD_I1028554"
12,"Gabba","Brisbane Lions","Essendon",15,"FB","Jayden","Laverde","CD_I298280"
12,"Gabba","Brisbane Lions","Essendon",37,"HFFR","Nic","Martin","CD_I1012013"
12,"Gabba","Brisbane Lions","Essendon",1,"BPL","Andrew","McGrath","CD_I998102"
12,"Gabba","Brisbane Lions","Essendon",7,"C","Zach","Merrett","CD_I992016"
12,"Gabba","Brisbane Lions","Essendon",16,"HFFL","Archie","Perkins","CD_I1015873"
12,"Gabba","Brisbane Lions","Essendon",25,"HBFR","Jaxon","Prior","CD_I1009386"
12,"Gabba","Brisbane Lions","Essendon",27,"CHB","Mason","Redman","CD_I997078"
12,"Gabba","Brisbane Lions","Essendon",21,"BPR","Archie","Roberts","CD_I1023515"
12,"Gabba","Brisbane Lions","Essendon",12,"INT","Will","Setterfield","CD_I998215"
12,"Gabba","Brisbane Lions","Essendon",5,"SUB","Elijah","Tsatas","CD_I1023785"
12,"Gabba","Brisbane Lions","Essendon",20,"FF","Peter","Wright","CD_I298289"
12,"MCG","Collingwood","Hawthorn",16,"INT","Edward","Allan","CD_I1022915"
12,"MCG","Collingwood","Hawthorn",14,"RK","Darcy","Cameron","CD_I990291"
12,"MCG","Collingwood","Hawthorn",25,"WL","Jack","Crisp","CD_I293871"
12,"MCG","Collingwood","Hawthorn",7,"BPR","Josh","Daicos","CD_I1005054"
12,"MCG","Collingwood","Hawthorn",35,"R","Nick","Daicos","CD_I1023261"
12,"MCG","Collingwood","Hawthorn",5,"FPL","Jamie","Elliott","CD_I293801"
12,"MCG","Collingwood","Hawthorn",17,"FB","Billy","Frampton","CD_I991773"
12,"MCG","Collingwood","Hawthorn",23,"HFFL","Bobby","Hill","CD_I1006148"
12,"MCG","Collingwood","Hawthorn",32,"INT","Will","Hoskin-Elliott","CD_I291720"
12,"MCG","Collingwood","Hawthorn",9,"HBFR","Dan","Houston","CD_I994295"
12,"MCG","Collingwood","Hawthorn",38,"BPL","Jeremy","Howe","CD_I291313"
12,"MCG","Collingwood","Hawthorn",1,"FPR","Patrick","Lipinski","CD_I1003130"
12,"MCG","Collingwood","Hawthorn",44,"RR","Ned","Long","CD_I1017124"
12,"MCG","Collingwood","Hawthorn",31,"HFFR","Beau","McCreery","CD_I1004757"
12,"MCG","Collingwood","Hawthorn",28,"CHF","Tim","Membrey","CD_I294596"
12,"MCG","Collingwood","Hawthorn",41,"FF","Brody","Mihocek","CD_I291849"
12,"MCG","Collingwood","Hawthorn",30,"CHB","Darcy","Moore","CD_I298288"
12,"MCG","Collingwood","Hawthorn",10,"C","Scott","Pendlebury","CD_I260257"
12,"MCG","Collingwood","Hawthorn",12,"HBFL","Harry","Perryman","CD_I998205"
12,"MCG","Collingwood","Hawthorn",3,"INT","Isaac","Quaynor","CD_I1008089"
12,"MCG","Collingwood","Hawthorn",8,"INT","Lachie","Schultz","CD_I1000860"
12,"MCG","Collingwood","Hawthorn",22,"WR","Steele","Sidebottom","CD_I280965"
12,"MCG","Collingwood","Hawthorn",33,"SUB","Lachlan","Sullivan","CD_I998480"
12,"MCG","Collingwood","Hawthorn",10,"WL","Karl","Amon","CD_I297354"
12,"MCG","Collingwood","Hawthorn",37,"FB","Tom","Barrass","CD_I990290"
12,"MCG","Collingwood","Hawthorn",24,"BPL","Josh","Battle","CD_I998134"
12,"MCG","Collingwood","Hawthorn",18,"FF","Mabior","Chol","CD_I994077"
12,"MCG","Collingwood","Hawthorn",16,"HBFR","Massimo","D'Ambrosio","CD_I1005144"
12,"MCG","Collingwood","Hawthorn",33,"FPL","Jack","Ginnivan","CD_I1012857"
12,"MCG","Collingwood","Hawthorn",19,"FPR","Jack","Gunston","CD_I291351"
12,"MCG","Collingwood","Hawthorn",15,"CHB","Blake","Hardwick","CD_I993794"
12,"MCG","Collingwood","Hawthorn",4,"HBFL","Jarman","Impey","CD_I296254"
12,"MCG","Collingwood","Hawthorn",9,"INT","Changkuoth","Jiath","CD_I998390"
12,"MCG","Collingwood","Hawthorn",31,"INT","Connor","Macdonald","CD_I1017094"
12,"MCG","Collingwood","Hawthorn",20,"SUB","Finn","Maginness","CD_I1009421"
12,"MCG","Collingwood","Hawthorn",17,"RK","Lloyd","Meek","CD_I1000980"
12,"MCG","Collingwood","Hawthorn",13,"HFFR","Dylan","Moore","CD_I1006314"
12,"MCG","Collingwood","Hawthorn",1,"WR","Harry","Morrison","CD_I1000963"
12,"MCG","Collingwood","Hawthorn",11,"C","Conor","Nash","CD_I1007124"
12,"MCG","Collingwood","Hawthorn",3,"RR","Jai","Newcombe","CD_I1020895"
12,"MCG","Collingwood","Hawthorn",14,"INT","Jack","Scrimshaw","CD_I998114"
12,"MCG","Collingwood","Hawthorn",6,"BPR","James","Sicily","CD_I297566"
12,"MCG","Collingwood","Hawthorn",25,"INT","Josh","Ward","CD_I1017110"
12,"MCG","Collingwood","Hawthorn",34,"CHF","Nick","Watson","CD_I1023473"
12,"MCG","Collingwood","Hawthorn",23,"HFFL","Josh","Weddle","CD_I1027935"
12,"MCG","Collingwood","Hawthorn",5,"R","James","Worpel","CD_I1002222"
12,"People First Stadium","Gold Coast SUNS","Fremantle",9,"HFFL","Ben","Ainsworth","CD_I998130"
12,"People First Stadium","Gold Coast SUNS","Fremantle",15,"R","Noah","Anderson","CD_I1009199"
12,"People First Stadium","Gold Coast SUNS","Fremantle",1,"FB","Mac","Andrew","CD_I1017396"
12,"People First Stadium","Gold Coast SUNS","Fremantle",33,"WL","Sam","Clohesy","CD_I1013257"
12,"People First Stadium","Gold Coast SUNS","Fremantle",25,"BPR","Sam","Collins","CD_I295446"
12,"People First Stadium","Gold Coast SUNS","Fremantle",8,"WR","Brayden","Fiorini","CD_I993799"
12,"People First Stadium","Gold Coast SUNS","Fremantle",3,"CHF","Sam","Flanders","CD_I1009260"
12,"People First Stadium","Gold Coast SUNS","Fremantle",7,"INT","Nick","Holman","CD_I297456"
12,"People First Stadium","Gold Coast SUNS","Fremantle",19,"RR","Bailey","Humphrey","CD_I1023500"
12,"People First Stadium","Gold Coast SUNS","Fremantle",40,"INT","Joel","Jeffrey","CD_I1005992"
12,"People First Stadium","Gold Coast SUNS","Fremantle",34,"FPR","Ben","King","CD_I1006144"
12,"People First Stadium","Gold Coast SUNS","Fremantle",30,"INT","Leonardo","Lombard","CD_I1029301"
12,"People First Stadium","Gold Coast SUNS","Fremantle",22,"FPL","Ben","Long","CD_I993917"
12,"People First Stadium","Gold Coast SUNS","Fremantle",11,"HFFR","Touk","Miller","CD_I298272"
12,"People First Stadium","Gold Coast SUNS","Fremantle",21,"INT","Ned","Moyle","CD_I1021013"
12,"People First Stadium","Gold Coast SUNS","Fremantle",2,"HBFL","John","Noble","CD_I1000072"
12,"People First Stadium","Gold Coast SUNS","Fremantle",27,"CHB","Wil","Powell","CD_I1007881"
12,"People First Stadium","Gold Coast SUNS","Fremantle",17,"HBFR","Daniel","Rioli","CD_I1000981"
12,"People First Stadium","Gold Coast SUNS","Fremantle",18,"C","Matt","Rowell","CD_I1009208"
12,"People First Stadium","Gold Coast SUNS","Fremantle",24,"SUB","David","Swallow","CD_I290832"
12,"People First Stadium","Gold Coast SUNS","Fremantle",32,"BPL","Bodhi","Uwland","CD_I1017665"
12,"People First Stadium","Gold Coast SUNS","Fremantle",4,"FF","Jed","Walter","CD_I1023736"
12,"People First Stadium","Gold Coast SUNS","Fremantle",28,"RK","Jarrod","Witts","CD_I291975"
12,"People First Stadium","Gold Coast SUNS","Fremantle",24,"FPR","Jye","Amiss","CD_I1020594"
12,"People First Stadium","Gold Coast SUNS","Fremantle",41,"INT","Bailey","Banfield","CD_I998180"
12,"People First Stadium","Gold Coast SUNS","Fremantle",15,"C","Shai","Bolton","CD_I993993"
12,"People First Stadium","Gold Coast SUNS","Fremantle",8,"R","Andrew","Brayshaw","CD_I1002232"
12,"People First Stadium","Gold Coast SUNS","Fremantle",5,"HBFL","Heath","Chapman","CD_I1013224"
12,"People First Stadium","Gold Coast SUNS","Fremantle",6,"HBFR","Jordan","Clark","CD_I1006152"
12,"People First Stadium","Gold Coast SUNS","Fremantle",36,"BPR","Brennan","Cox","CD_I997033"
12,"People First Stadium","Gold Coast SUNS","Fremantle",4,"INT","Sean","Darcy","CD_I998145"
12,"People First Stadium","Gold Coast SUNS","Fremantle",37,"FB","Joshua","Draper","CD_I1020668"
12,"People First Stadium","Gold Coast SUNS","Fremantle",28,"INT","Neil","Erasmus","CD_I1020250"
12,"People First Stadium","Gold Coast SUNS","Fremantle",32,"HFFL","Michael","Frederick","CD_I999321"
12,"People First Stadium","Gold Coast SUNS","Fremantle",7,"SUB","Nat","Fyfe","CD_I291570"
12,"People First Stadium","Gold Coast SUNS","Fremantle",9,"RK","Luke","Jackson","CD_I1009399"
12,"People First Stadium","Gold Coast SUNS","Fremantle",44,"WR","Matthew","Johnson","CD_I1016825"
12,"People First Stadium","Gold Coast SUNS","Fremantle",16,"HFFR","Murphy","Reid","CD_I1028513"
12,"People First Stadium","Gold Coast SUNS","Fremantle",13,"BPL","Luke","Ryan","CD_I998659"
12,"People First Stadium","Gold Coast SUNS","Fremantle",3,"RR","Caleb","Serong","CD_I1009420"
12,"People First Stadium","Gold Coast SUNS","Fremantle",14,"WL","Jeremy","Sharp","CD_I1009380"
12,"People First Stadium","Gold Coast SUNS","Fremantle",39,"CHF","Sam","Switkowski","CD_I992059"
12,"People First Stadium","Gold Coast SUNS","Fremantle",35,"FF","Josh","Treacy","CD_I1012819"
12,"People First Stadium","Gold Coast SUNS","Fremantle",20,"FPL","Patrick","Voss","CD_I1017754"
12,"People First Stadium","Gold Coast SUNS","Fremantle",34,"INT","Corey","Wagner","CD_I993940"
12,"People First Stadium","Gold Coast SUNS","Fremantle",23,"CHB","Karl","Worner","CD_I1021015"
12,"ENGIE Stadium","GWS GIANTS","Richmond",21,"BPR","Leek","Aleer","CD_I1008691"
12,"ENGIE Stadium","GWS GIANTS","Richmond",29,"INT","Cody","Angove","CD_I1032619"
12,"ENGIE Stadium","GWS GIANTS","Richmond",7,"HBFR","Lachie","Ash","CD_I1009253"
12,"ENGIE Stadium","GWS GIANTS","Richmond",14,"INT","Toby","Bedford","CD_I1008139"
12,"ENGIE Stadium","GWS GIANTS","Richmond",32,"RK","Kieren","Briggs","CD_I1008436"
12,"ENGIE Stadium","GWS GIANTS","Richmond",46,"FPL","Callum","Brown","CD_I1014038"
12,"ENGIE Stadium","GWS GIANTS","Richmond",44,"CHB","Jack","Buckley","CD_I1009708"
12,"ENGIE Stadium","GWS GIANTS","Richmond",5,"CHF","Aaron","Cadman","CD_I1019038"
12,"ENGIE Stadium","GWS GIANTS","Richmond",37,"INT","Joe","Fonti","CD_I1032629"
12,"ENGIE Stadium","GWS GIANTS","Richmond",12,"R","Tom","Green","CD_I1009528"
12,"ENGIE Stadium","GWS GIANTS","Richmond",4,"FPR","Toby","Greene","CD_I295344"
12,"ENGIE Stadium","GWS GIANTS","Richmond",27,"WL","Harry","Himmelberg","CD_I993107"
12,"ENGIE Stadium","GWS GIANTS","Richmond",23,"FF","Jesse","Hogan","CD_I296324"
12,"ENGIE Stadium","GWS GIANTS","Richmond",39,"BPL","Connor","Idun","CD_I1008083"
12,"ENGIE Stadium","GWS GIANTS","Richmond",2,"HFFR","Darcy","Jones","CD_I1020650"
12,"ENGIE Stadium","GWS GIANTS","Richmond",22,"C","Josh","Kelly","CD_I296347"
12,"ENGIE Stadium","GWS GIANTS","Richmond",31,"SUB","Toby","McMullin","CD_I1027971"
12,"ENGIE Stadium","GWS GIANTS","Richmond",33,"RR","Xavier","O'Halloran","CD_I1006135"
12,"ENGIE Stadium","GWS GIANTS","Richmond",26,"INT","Jake","Riccardi","CD_I1008123"
12,"ENGIE Stadium","GWS GIANTS","Richmond",15,"FB","Sam","Taylor","CD_I1005247"
12,"ENGIE Stadium","GWS GIANTS","Richmond",1,"HFFL","Harvey","Thomas","CD_I1027925"
12,"ENGIE Stadium","GWS GIANTS","Richmond",8,"WR","Callan","Ward","CD_I280109"
12,"ENGIE Stadium","GWS GIANTS","Richmond",6,"HBFL","Lachie","Whitfield","CD_I294305"
12,"ENGIE Stadium","GWS GIANTS","Richmond",41,"CHB","Sam","Banks","CD_I1013197"
12,"ENGIE Stadium","GWS GIANTS","Richmond",35,"HBFR","Nathan","Broad","CD_I295203"
12,"ENGIE Stadium","GWS GIANTS","Richmond",30,"HBFL","Tom","Brown","CD_I1017086"
12,"ENGIE Stadium","GWS GIANTS","Richmond",44,"HFFR","Seth","Campbell","CD_I1023275"
12,"ENGIE Stadium","GWS GIANTS","Richmond",26,"FPR","Jonty","Faull","CD_I1028498"
12,"ENGIE Stadium","GWS GIANTS","Richmond",50,"BPL","Campbell","Gray","CD_I1036103"
12,"ENGIE Stadium","GWS GIANTS","Richmond",48,"HFFL","Steely","Green","CD_I1023056"
12,"ENGIE Stadium","GWS GIANTS","Richmond",2,"R","Jacob","Hopper","CD_I993903"
12,"ENGIE Stadium","GWS GIANTS","Richmond",19,"FF","Tom","Lynch","CD_I293813"
12,"ENGIE Stadium","GWS GIANTS","Richmond",7,"FPL","Rhyan","Mansell","CD_I1008478"
12,"ENGIE Stadium","GWS GIANTS","Richmond",28,"INT","Kane","McAuliffe","CD_I1019916"
12,"ENGIE Stadium","GWS GIANTS","Richmond",33,"SUB","Kamdyn","McIntosh","CD_I294592"
12,"ENGIE Stadium","GWS GIANTS","Richmond",12,"FB","Ben","Miller","CD_I1002403"
12,"ENGIE Stadium","GWS GIANTS","Richmond",25,"RK","Toby","Nankervis","CD_I298174"
12,"ENGIE Stadium","GWS GIANTS","Richmond",3,"C","Dion","Prestia","CD_I290627"
12,"ENGIE Stadium","GWS GIANTS","Richmond",13,"WL","Hugo","Ralphsmith","CD_I1011985"
12,"ENGIE Stadium","GWS GIANTS","Richmond",5,"INT","Jack","Ross","CD_I1006133"
12,"ENGIE Stadium","GWS GIANTS","Richmond",38,"INT","Thomas","Sims","CD_I1018996"
12,"ENGIE Stadium","GWS GIANTS","Richmond",49,"INT","Kaleb","Smith","CD_I1022999"
12,"ENGIE Stadium","GWS GIANTS","Richmond",40,"CHF","Tyler","Sonsie","CD_I1017114"
12,"ENGIE Stadium","GWS GIANTS","Richmond",14,"RR","Tim","Taranto","CD_I998172"
12,"ENGIE Stadium","GWS GIANTS","Richmond",31,"WR","Luke","Trainor","CD_I1028521"
12,"ENGIE Stadium","GWS GIANTS","Richmond",1,"BPR","Nick","Vlastuin","CD_I294674"
12,"SCG","Sydney Swans","Adelaide Crows",3,"FPR","Taylor","Adams","CD_I291776"
12,"SCG","Sydney Swans","Adelaide Crows",26,"INT","Riley","Bice","CD_I1008224"
12,"SCG","Sydney Swans","Adelaide Crows",22,"CHB","Nick","Blakey","CD_I1006028"
12,"SCG","Sydney Swans","Adelaide Crows",16,"HFFL","Braeden","Campbell","CD_I1013133"
12,"SCG","Sydney Swans","Adelaide Crows",33,"SUB","Caiden","Cleary","CD_I1024057"
12,"SCG","Sydney Swans","Adelaide Crows",4,"RK","Brodie","Grundy","CD_I293957"
12,"SCG","Sydney Swans","Adelaide Crows",29,"CHF","Joel","Hamling","CD_I295222"
12,"SCG","Sydney Swans","Adelaide Crows",9,"FPL","Will","Hayward","CD_I997100"
12,"SCG","Sydney Swans","Adelaide Crows",5,"C","Isaac","Heeney","CD_I298539"
12,"SCG","Sydney Swans","Adelaide Crows",17,"HFFR","James","Jordon","CD_I1013409"
12,"SCG","Sydney Swans","Adelaide Crows",19,"INT","Peter","Ladhams","CD_I997142"
12,"SCG","Sydney Swans","Adelaide Crows",44,"WL","Jake","Lloyd","CD_I295342"
12,"SCG","Sydney Swans","Adelaide Crows",30,"FB","Tom","McCartin","CD_I1008198"
12,"SCG","Sydney Swans","Adelaide Crows",27,"HBFR","Justin","McInerney","CD_I1011936"
12,"SCG","Sydney Swans","Adelaide Crows",2,"FF","Hayden","McLean","CD_I1003203"
12,"SCG","Sydney Swans","Adelaide Crows",43,"BPL","Lewis","Melican","CD_I996743"
12,"SCG","Sydney Swans","Adelaide Crows",35,"WR","Caleb","Mitchell","CD_I1024096"
12,"SCG","Sydney Swans","Adelaide Crows",24,"BPR","Dane","Rampe","CD_I290307"
12,"SCG","Sydney Swans","Adelaide Crows",34,"HBFL","Matt","Roberts","CD_I1012210"
12,"SCG","Sydney Swans","Adelaide Crows",8,"R","James","Rowbottom","CD_I1006126"
12,"SCG","Sydney Swans","Adelaide Crows",12,"INT","Angus","Sheldrick","CD_I1020339"
12,"SCG","Sydney Swans","Adelaide Crows",1,"RR","Chad","Warner","CD_I1012014"
12,"SCG","Sydney Swans","Adelaide Crows",37,"INT","Corey","Warner","CD_I1018424"
12,"SCG","Sydney Swans","Adelaide Crows",3,"HFFR","Sam","Berry","CD_I1012807"
12,"SCG","Sydney Swans","Adelaide Crows",41,"FB","Jordon","Butts","CD_I1004995"
12,"SCG","Sydney Swans","Adelaide Crows",44,"WL","Isaac","Cumming","CD_I1001396"
12,"SCG","Sydney Swans","Adelaide Crows",6,"WR","Daniel","Curtin","CD_I1024023"
12,"SCG","Sydney Swans","Adelaide Crows",12,"C","Jordan","Dawson","CD_I992242"
12,"SCG","Sydney Swans","Adelaide Crows",34,"SUB","Sid","Draper","CD_I1022607"
12,"SCG","Sydney Swans","Adelaide Crows",32,"FPR","Darcy","Fogarty","CD_I999331"
12,"SCG","Sydney Swans","Adelaide Crows",20,"BPR","Mitchell","Hinge","CD_I1004863"
12,"SCG","Sydney Swans","Adelaide Crows",48,"CHB","Mark","Keane","CD_I1013974"
12,"SCG","Sydney Swans","Adelaide Crows",2,"HFFL","Ben","Keays","CD_I993946"
12,"SCG","Sydney Swans","Adelaide Crows",16,"HBFL","Max","Michalanney","CD_I1015370"
12,"SCG","Sydney Swans","Adelaide Crows",30,"HBFR","Wayne","Milera","CD_I990882"
12,"SCG","Sydney Swans","Adelaide Crows",28,"FPL","Alex","Neal-Bullen","CD_I296420"
12,"SCG","Sydney Swans","Adelaide Crows",43,"RK","Reilly","O'Brien","CD_I297523"
12,"SCG","Sydney Swans","Adelaide Crows",25,"INT","James","Peatling","CD_I1006013"
12,"SCG","Sydney Swans","Adelaide Crows",10,"INT","Luke","Pedlar","CD_I1012218"
12,"SCG","Sydney Swans","Adelaide Crows",8,"INT","Josh","Rachele","CD_I1017051"
12,"SCG","Sydney Swans","Adelaide Crows",23,"RR","Izak","Rankine","CD_I1001195"
12,"SCG","Sydney Swans","Adelaide Crows",33,"INT","Brodie","Smith","CD_I291748"
12,"SCG","Sydney Swans","Adelaide Crows",14,"R","Jake","Soligo","CD_I1017109"
12,"SCG","Sydney Swans","Adelaide Crows",7,"CHF","Riley","Thilthorpe","CD_I1008384"
12,"SCG","Sydney Swans","Adelaide Crows",13,"FF","Taylor","Walker","CD_I280506"
12,"SCG","Sydney Swans","Adelaide Crows",24,"BPL","Josh","Worrell","CD_I1011981"
12,"TIO Traeger Park","Melbourne","St Kilda",17,"BPL","Jake","Bowey","CD_I1012825"
12,"TIO Traeger Park","Melbourne","St Kilda",37,"WL","Kade","Chandler","CD_I1005330"
12,"TIO Traeger Park","Melbourne","St Kilda",31,"CHF","Bayley","Fritsch","CD_I1001438"
12,"TIO Traeger Park","Melbourne","St Kilda",11,"RK","Max","Gawn","CD_I290528"
12,"TIO Traeger Park","Melbourne","St Kilda",42,"INT","Aidan","Johnson","CD_I1024173"
12,"TIO Traeger Park","Melbourne","St Kilda",15,"INT","Ed","Langdon","CD_I298264"
12,"TIO Traeger Park","Melbourne","St Kilda",19,"HFFL","Harvey","Langford","CD_I1028546"
12,"TIO Traeger Park","Melbourne","St Kilda",16,"SUB","Bailey","Laurie","CD_I1012826"
12,"TIO Traeger Park","Melbourne","St Kilda",8,"CHB","Jake","Lever","CD_I298281"
12,"TIO Traeger Park","Melbourne","St Kilda",20,"WR","Xavier","Lindsay","CD_I1028531"
12,"TIO Traeger Park","Melbourne","St Kilda",1,"FB","Steven","May","CD_I281085"
12,"TIO Traeger Park","Melbourne","St Kilda",4,"HBFL","Judd","McVee","CD_I1017703"
12,"TIO Traeger Park","Melbourne","St Kilda",18,"FPL","Jake","Melksham","CD_I280824"
12,"TIO Traeger Park","Melbourne","St Kilda",13,"RR","Clayton","Oliver","CD_I996701"
12,"TIO Traeger Park","Melbourne","St Kilda",5,"C","Christian","Petracca","CD_I298210"
12,"TIO Traeger Park","Melbourne","St Kilda",35,"FF","Harrison","Petty","CD_I1008893"
12,"TIO Traeger Park","Melbourne","St Kilda",36,"FPR","Kysaiah","Pickett","CD_I1008541"
12,"TIO Traeger Park","Melbourne","St Kilda",24,"HBFR","Trent","Rivers","CD_I1009378"
12,"TIO Traeger Park","Melbourne","St Kilda",3,"BPR","Christian","Salem","CD_I296359"
12,"TIO Traeger Park","Melbourne","St Kilda",30,"INT","Harry","Sharp","CD_I1007099"
12,"TIO Traeger Park","Melbourne","St Kilda",32,"R","Tom","Sparrow","CD_I999391"
12,"TIO Traeger Park","Melbourne","St Kilda",10,"HFFR","Daniel","Turner","CD_I1020959"
12,"TIO Traeger Park","Melbourne","St Kilda",6,"INT","Caleb","Windsor","CD_I1027821"
12,"TIO Traeger Park","Melbourne","St Kilda",38,"INT","Hugh","Boxshall","CD_I1029148"
12,"TIO Traeger Park","Melbourne","St Kilda",16,"INT","Dan","Butler","CD_I992374"
12,"TIO Traeger Park","Melbourne","St Kilda",13,"HBFR","Ryan","Byrnes","CD_I1011994"
12,"TIO Traeger Park","Melbourne","St Kilda",47,"FF","Anthony","Caminiti","CD_I1023784"
12,"TIO Traeger Park","Melbourne","St Kilda",18,"SUB","Jack","Carroll","CD_I1013233"
12,"TIO Traeger Park","Melbourne","St Kilda",11,"INT","Hunter","Clark","CD_I1002264"
12,"TIO Traeger Park","Melbourne","St Kilda",40,"HFFR","Max","Hall","CD_I1020855"
12,"TIO Traeger Park","Melbourne","St Kilda",1,"HFFL","Jack","Higgins","CD_I1002227"
12,"TIO Traeger Park","Melbourne","St Kilda",8,"WR","Bradley","Hill","CD_I295584"
12,"TIO Traeger Park","Melbourne","St Kilda",3,"RR","Zak","Jones","CD_I991988"
12,"TIO Traeger Park","Melbourne","St Kilda",17,"BPL","Isaac","Keeler","CD_I1015323"
12,"TIO Traeger Park","Melbourne","St Kilda",19,"RK","Rowan","Marshall","CD_I992468"
12,"TIO Traeger Park","Melbourne","St Kilda",10,"FPR","Mitch","Owens","CD_I1023272"
12,"TIO Traeger Park","Melbourne","St Kilda",25,"CHF","Mattaes","Phillipou","CD_I1020137"
12,"TIO Traeger Park","Melbourne","St Kilda",43,"FPL","Cooper","Sharman","CD_I1018018"
12,"TIO Traeger Park","Melbourne","St Kilda",35,"C","Jack","Sinclair","CD_I994389"
12,"TIO Traeger Park","Melbourne","St Kilda",9,"R","Jack","Steele","CD_I296205"
12,"TIO Traeger Park","Melbourne","St Kilda",5,"INT","Tobie","Travaglia","CD_I1028538"
12,"TIO Traeger Park","Melbourne","St Kilda",7,"CHB","Nasiah","Wanganeen-Milera","CD_I1015507"
12,"TIO Traeger Park","Melbourne","St Kilda",29,"BPR","Jimmy","Webster","CD_I290757"
12,"TIO Traeger Park","Melbourne","St Kilda",44,"FB","Callum","Wilkie","CD_I296422"
12,"TIO Traeger Park","Melbourne","St Kilda",2,"HBFL","Marcus","Windhager","CD_I1023270"
12,"TIO Traeger Park","Melbourne","St Kilda",32,"WL","Mason","Wood","CD_I295340"
12,"Optus Stadium","West Coast Eagles","Geelong Cats",26,"SUB","Bo","Allan","CD_I1028449"
12,"Optus Stadium","West Coast Eagles","Geelong Cats",12,"FF","Oscar","Allen","CD_I1004385"
12,"Optus Stadium","West Coast Eagles","Geelong Cats",3,"HBFR","Liam","Baker","CD_I1000223"
12,"Optus Stadium","West Coast Eagles","Geelong Cats",41,"CHB","Sandy","Brock","CD_I1013315"
12,"Optus Stadium","West Coast Eagles","Geelong Cats",10,"FPL","Tyler","Brockman","CD_I1013511"
12,"Optus Stadium","West Coast Eagles","Geelong Cats",28,"INT","Tom","Cole","CD_I993820"
12,"Optus Stadium","West Coast Eagles","Geelong Cats",43,"HFFL","Tyrell","Dewar","CD_I1023142"
12,"Optus Stadium","West Coast Eagles","Geelong Cats",14,"HBFL","Liam","Duggan","CD_I298268"
12,"Optus Stadium","West Coast Eagles","Geelong Cats",42,"FB","Harry","Edwards","CD_I1011437"
12,"Optus Stadium","West Coast Eagles","Geelong Cats",25,"RK","Matt","Flynn","CD_I993902"
12,"Optus Stadium","West Coast Eagles","Geelong Cats",7,"BPR","Reuben","Ginbey","CD_I1023025"
12,"Optus Stadium","West Coast Eagles","Geelong Cats",17,"INT","Jack","Graham","CD_I990827"
12,"Optus Stadium","West Coast Eagles","Geelong Cats",8,"HFFR","Elijah","Hewett","CD_I1020670"
12,"Optus Stadium","West Coast Eagles","Geelong Cats",19,"RR","Brady","Hough","CD_I1023167"
12,"Optus Stadium","West Coast Eagles","Geelong Cats",5,"WR","Jayden","Hunt","CD_I994385"
12,"Optus Stadium","West Coast Eagles","Geelong Cats",44,"WL","Jack","Hutchinson","CD_I1036098"
12,"Optus Stadium","West Coast Eagles","Geelong Cats",11,"C","Tim","Kelly","CD_I295898"
12,"Optus Stadium","West Coast Eagles","Geelong Cats",13,"INT","Noah","Long","CD_I1023496"
12,"Optus Stadium","West Coast Eagles","Geelong Cats",23,"BPL","Ryan","Maric","CD_I1029416"
12,"Optus Stadium","West Coast Eagles","Geelong Cats",22,"INT","Archer","Reid","CD_I1027693"
12,"Optus Stadium","West Coast Eagles","Geelong Cats",9,"R","Harley","Reid","CD_I1023492"
12,"Optus Stadium","West Coast Eagles","Geelong Cats",1,"FPR","Liam","Ryan","CD_I1004364"
12,"Optus Stadium","West Coast Eagles","Geelong Cats",34,"CHF","Jack","Williams","CD_I1020371"
12,"Optus Stadium","West Coast Eagles","Geelong Cats",30,"R","Tom","Atkins","CD_I994386"
12,"Optus Stadium","West Coast Eagles","Geelong Cats",46,"WL","Mark","Blicavs","CD_I296733"
12,"Optus Stadium","West Coast Eagles","Geelong Cats",5,"FF","Jeremy","Cameron","CD_I293845"
12,"Optus Stadium","West Coast Eagles","Geelong Cats",40,"SUB","Ted","Clohesy","CD_I1023542"
12,"Optus Stadium","West Coast Eagles","Geelong Cats",45,"HFFR","Brad","Close","CD_I999326"
12,"Optus Stadium","West Coast Eagles","Geelong Cats",16,"FB","Sam","De Koning","CD_I1009229"
12,"Optus Stadium","West Coast Eagles","Geelong Cats",28,"WR","Oliver","Dempsey","CD_I1025034"
12,"Optus Stadium","West Coast Eagles","Geelong Cats",22,"INT","Mitch","Duncan","CD_I281065"
12,"Optus Stadium","West Coast Eagles","Geelong Cats",39,"HBFL","Zach","Guthrie","CD_I1004870"
12,"Optus Stadium","West Coast Eagles","Geelong Cats",38,"BPR","Jack","Henry","CD_I1000937"
12,"Optus Stadium","West Coast Eagles","Geelong Cats",36,"INT","Oliver","Henry","CD_I1012860"
12,"Optus Stadium","West Coast Eagles","Geelong Cats",9,"C","Max","Holmes","CD_I1015889"
12,"Optus Stadium","West Coast Eagles","Geelong Cats",17,"INT","Lawson","Humphries","CD_I1013464"
12,"Optus Stadium","West Coast Eagles","Geelong Cats",7,"CHF","Shaun","Mannagh","CD_I993878"
12,"Optus Stadium","West Coast Eagles","Geelong Cats",32,"HFFL","Gryan","Miers","CD_I1004938"
12,"Optus Stadium","West Coast Eagles","Geelong Cats",34,"INT","Oisin","Mullin","CD_I1024982"
12,"Optus Stadium","West Coast Eagles","Geelong Cats",33,"FPL","Shannon","Neale","CD_I1016433"
12,"Optus Stadium","West Coast Eagles","Geelong Cats",42,"HBFR","Mark","O'Connor","CD_I1007102"
12,"Optus Stadium","West Coast Eagles","Geelong Cats",14,"BPL","Connor","O'Sullivan","CD_I1027877"
12,"Optus Stadium","West Coast Eagles","Geelong Cats",3,"RR","Bailey","Smith","CD_I1006130"
12,"Optus Stadium","West Coast Eagles","Geelong Cats",1,"RK","Rhys","Stanley","CD_I280317"
12,"Optus Stadium","West Coast Eagles","Geelong Cats",18,"FPR","Tyson","Stengle","CD_I997230"
12,"Optus Stadium","West Coast Eagles","Geelong Cats",44,"CHB","Tom","Stewart","CD_I291800"
13,"Marvel Stadium","Western Bulldogs","Hawthorn",4,"RR","Marcus","Bontempelli","CD_I297373"
13,"Marvel Stadium","Western Bulldogs","Hawthorn",29,"HBFL","Lachlan","Bramble","CD_I1000864"
13,"Marvel Stadium","Western Bulldogs","Hawthorn",36,"BPL","Luke","Cleary","CD_I1015929"
13,"Marvel Stadium","Western Bulldogs","Hawthorn",31,"HBFR","Bailey","Dale","CD_I996708"
13,"Marvel Stadium","Western Bulldogs","Hawthorn",42,"BPR","Sam","Davidson","CD_I1036123"
13,"Marvel Stadium","Western Bulldogs","Hawthorn",26,"SUB","Josh","Dolan","CD_I1034235"
13,"Marvel Stadium","Western Bulldogs","Hawthorn",44,"RK","Tim","English","CD_I1004592"
13,"Marvel Stadium","Western Bulldogs","Hawthorn",27,"WR","Joel","Freijah","CD_I1027704"
13,"Marvel Stadium","Western Bulldogs","Hawthorn",43,"INT","Ryan","Gardner","CD_I997501"
13,"Marvel Stadium","Western Bulldogs","Hawthorn",22,"INT","James","Harmes","CD_I297899"
13,"Marvel Stadium","Western Bulldogs","Hawthorn",8,"HFFR","Matthew","Kennedy","CD_I1001398"
13,"Marvel Stadium","Western Bulldogs","Hawthorn",24,"INT","Buku","Khamis","CD_I998782"
13,"Marvel Stadium","Western Bulldogs","Hawthorn",21,"R","Tom","Liberatore","CD_I290799"
13,"Marvel Stadium","Western Bulldogs","Hawthorn",7,"CHB","Rory","Lobb","CD_I990740"
13,"Marvel Stadium","Western Bulldogs","Hawthorn",30,"INT","Lachlan","McNeil","CD_I1009015"
13,"Marvel Stadium","Western Bulldogs","Hawthorn",33,"CHF","Aaron","Naughton","CD_I1002404"
13,"Marvel Stadium","Western Bulldogs","Hawthorn",18,"FB","James","O'Donnell","CD_I1032966"
13,"Marvel Stadium","Western Bulldogs","Hawthorn",20,"C","Ed","Richards","CD_I1008280"
13,"Marvel Stadium","Western Bulldogs","Hawthorn",9,"HFFL","Ryley","Sanders","CD_I1017939"
13,"Marvel Stadium","Western Bulldogs","Hawthorn",1,"FF","Adam","Treloar","CD_I291790"
13,"Marvel Stadium","Western Bulldogs","Hawthorn",23,"FPL","Laitham","Vandermeer","CD_I1005000"
13,"Marvel Stadium","Western Bulldogs","Hawthorn",14,"FPR","Rhylee","West","CD_I1006127"
13,"Marvel Stadium","Western Bulldogs","Hawthorn",34,"WL","Bailey","Williams","CD_I992351"
13,"Marvel Stadium","Western Bulldogs","Hawthorn",10,"HBFR","Karl","Amon","CD_I297354"
13,"Marvel Stadium","Western Bulldogs","Hawthorn",37,"FB","Tom","Barrass","CD_I990290"
13,"Marvel Stadium","Western Bulldogs","Hawthorn",24,"BPL","Josh","Battle","CD_I998134"
13,"Marvel Stadium","Western Bulldogs","Hawthorn",30,"INT","Sam","Butler","CD_I1010708"
13,"Marvel Stadium","Western Bulldogs","Hawthorn",18,"FF","Mabior","Chol","CD_I994077"
13,"Marvel Stadium","Western Bulldogs","Hawthorn",16,"BPR","Massimo","D'Ambrosio","CD_I1005144"
13,"Marvel Stadium","Western Bulldogs","Hawthorn",33,"CHF","Jack","Ginnivan","CD_I1012857"
13,"Marvel Stadium","Western Bulldogs","Hawthorn",19,"FPR","Jack","Gunston","CD_I291351"
13,"Marvel Stadium","Western Bulldogs","Hawthorn",15,"HFFL","Blake","Hardwick","CD_I993794"
13,"Marvel Stadium","Western Bulldogs","Hawthorn",4,"HBFL","Jarman","Impey","CD_I296254"
13,"Marvel Stadium","Western Bulldogs","Hawthorn",9,"SUB","Changkuoth","Jiath","CD_I998390"
13,"Marvel Stadium","Western Bulldogs","Hawthorn",31,"WL","Connor","Macdonald","CD_I1017094"
13,"Marvel Stadium","Western Bulldogs","Hawthorn",20,"INT","Finn","Maginness","CD_I1009421"
13,"Marvel Stadium","Western Bulldogs","Hawthorn",17,"RK","Lloyd","Meek","CD_I1000980"
13,"Marvel Stadium","Western Bulldogs","Hawthorn",40,"INT","Seamus","Mitchell","CD_I1018016"
13,"Marvel Stadium","Western Bulldogs","Hawthorn",13,"HFFR","Dylan","Moore","CD_I1006314"
13,"Marvel Stadium","Western Bulldogs","Hawthorn",1,"WR","Harry","Morrison","CD_I1000963"
13,"Marvel Stadium","Western Bulldogs","Hawthorn",11,"INT","Conor","Nash","CD_I1007124"
13,"Marvel Stadium","Western Bulldogs","Hawthorn",3,"RR","Jai","Newcombe","CD_I1020895"
13,"Marvel Stadium","Western Bulldogs","Hawthorn",38,"FPL","Max","Ramsden","CD_I1027965"
13,"Marvel Stadium","Western Bulldogs","Hawthorn",25,"R","Josh","Ward","CD_I1017110"
13,"Marvel Stadium","Western Bulldogs","Hawthorn",23,"CHB","Josh","Weddle","CD_I1027935"
13,"Marvel Stadium","Western Bulldogs","Hawthorn",5,"C","James","Worpel","CD_I1002222"
13,"Adelaide Oval","Adelaide Crows","Brisbane Lions",3,"INT","Sam","Berry","CD_I1012807"
13,"Adelaide Oval","Adelaide Crows","Brisbane Lions",41,"FB","Jordon","Butts","CD_I1004995"
13,"Adelaide Oval","Adelaide Crows","Brisbane Lions",44,"WL","Isaac","Cumming","CD_I1001396"
13,"Adelaide Oval","Adelaide Crows","Brisbane Lions",6,"WR","Daniel","Curtin","CD_I1024023"
13,"Adelaide Oval","Adelaide Crows","Brisbane Lions",12,"C","Jordan","Dawson","CD_I992242"
13,"Adelaide Oval","Adelaide Crows","Brisbane Lions",32,"FPR","Darcy","Fogarty","CD_I999331"
13,"Adelaide Oval","Adelaide Crows","Brisbane Lions",20,"INT","Mitchell","Hinge","CD_I1004863"
13,"Adelaide Oval","Adelaide Crows","Brisbane Lions",48,"CHB","Mark","Keane","CD_I1013974"
13,"Adelaide Oval","Adelaide Crows","Brisbane Lions",2,"HFFL","Ben","Keays","CD_I993946"
13,"Adelaide Oval","Adelaide Crows","Brisbane Lions",29,"HBFR","Rory","Laird","CD_I293222"
13,"Adelaide Oval","Adelaide Crows","Brisbane Lions",16,"HBFL","Max","Michalanney","CD_I1015370"
13,"Adelaide Oval","Adelaide Crows","Brisbane Lions",30,"BPR","Wayne","Milera","CD_I990882"
13,"Adelaide Oval","Adelaide Crows","Brisbane Lions",28,"FPL","Alex","Neal-Bullen","CD_I296420"
13,"Adelaide Oval","Adelaide Crows","Brisbane Lions",43,"RK","Reilly","O'Brien","CD_I297523"
13,"Adelaide Oval","Adelaide Crows","Brisbane Lions",25,"HFFR","James","Peatling","CD_I1006013"
13,"Adelaide Oval","Adelaide Crows","Brisbane Lions",10,"INT","Luke","Pedlar","CD_I1012218"
13,"Adelaide Oval","Adelaide Crows","Brisbane Lions",8,"INT","Josh","Rachele","CD_I1017051"
13,"Adelaide Oval","Adelaide Crows","Brisbane Lions",23,"RR","Izak","Rankine","CD_I1001195"
13,"Adelaide Oval","Adelaide Crows","Brisbane Lions",33,"SUB","Brodie","Smith","CD_I291748"
13,"Adelaide Oval","Adelaide Crows","Brisbane Lions",14,"R","Jake","Soligo","CD_I1017109"
13,"Adelaide Oval","Adelaide Crows","Brisbane Lions",7,"CHF","Riley","Thilthorpe","CD_I1008384"
13,"Adelaide Oval","Adelaide Crows","Brisbane Lions",13,"FF","Taylor","Walker","CD_I280506"
13,"Adelaide Oval","Adelaide Crows","Brisbane Lions",24,"BPL","Josh","Worrell","CD_I1011981"
13,"Adelaide Oval","Adelaide Crows","Brisbane Lions",4,"FPR","Callum","Ah Chee","CD_I298437"
13,"Adelaide Oval","Adelaide Crows","Brisbane Lions",31,"CHB","Harris","Andrews","CD_I996059"
13,"Adelaide Oval","Adelaide Crows","Brisbane Lions",43,"HBFL","Noah","Answerth","CD_I1005053"
13,"Adelaide Oval","Adelaide Crows","Brisbane Lions",10,"INT","Levi","Ashcroft","CD_I1028560"
13,"Adelaide Oval","Adelaide Crows","Brisbane Lions",8,"INT","Will","Ashcroft","CD_I1023517"
13,"Adelaide Oval","Adelaide Crows","Brisbane Lions",33,"WR","Zac","Bailey","CD_I1002312"
13,"Adelaide Oval","Adelaide Crows","Brisbane Lions",7,"WL","Jarrod","Berry","CD_I998133"
13,"Adelaide Oval","Adelaide Crows","Brisbane Lions",23,"HFFL","Charlie","Cameron","CD_I990609"
13,"Adelaide Oval","Adelaide Crows","Brisbane Lions",5,"RR","Josh","Dunkley","CD_I993834"
13,"Adelaide Oval","Adelaide Crows","Brisbane Lions",3,"INT","Jaspa","Fletcher","CD_I1023708"
13,"Adelaide Oval","Adelaide Crows","Brisbane Lions",32,"RK","Darcy","Fort","CD_I298211"
13,"Adelaide Oval","Adelaide Crows","Brisbane Lions",22,"INT","Ty","Gallop","CD_I1034411"
13,"Adelaide Oval","Adelaide Crows","Brisbane Lions",30,"CHF","Eric","Hipwood","CD_I993953"
13,"Adelaide Oval","Adelaide Crows","Brisbane Lions",35,"BPR","Ryan","Lester","CD_I291548"
13,"Adelaide Oval","Adelaide Crows","Brisbane Lions",1,"HFFR","Kai","Lohmann","CD_I1014026"
13,"Adelaide Oval","Adelaide Crows","Brisbane Lions",6,"C","Hugh","McCluggage","CD_I1000978"
13,"Adelaide Oval","Adelaide Crows","Brisbane Lions",13,"FF","Logan","Morris","CD_I1028019"
13,"Adelaide Oval","Adelaide Crows","Brisbane Lions",9,"R","Lachie","Neale","CD_I293535"
13,"Adelaide Oval","Adelaide Crows","Brisbane Lions",40,"FB","Jack","Payne","CD_I1002347"
13,"Adelaide Oval","Adelaide Crows","Brisbane Lions",16,"FPL","Cam","Rayner","CD_I1002235"
13,"Adelaide Oval","Adelaide Crows","Brisbane Lions",2,"SUB","Deven","Robertson","CD_I1009385"
13,"Adelaide Oval","Adelaide Crows","Brisbane Lions",44,"HBFR","Darcy","Wilmot","CD_I1017067"
13,"Adelaide Oval","Adelaide Crows","Brisbane Lions",15,"BPL","Dayne","Zorko","CD_I261224"
13,"MCG","Richmond","Sydney Swans",21,"BPL","Noah","Balta","CD_I1002245"
13,"MCG","Richmond","Sydney Swans",41,"CHB","Sam","Banks","CD_I1013197"
13,"MCG","Richmond","Sydney Swans",35,"HBFR","Nathan","Broad","CD_I295203"
13,"MCG","Richmond","Sydney Swans",30,"HBFL","Tom","Brown","CD_I1017086"
13,"MCG","Richmond","Sydney Swans",44,"HFFL","Seth","Campbell","CD_I1023275"
13,"MCG","Richmond","Sydney Swans",26,"FPR","Jonty","Faull","CD_I1028498"
13,"MCG","Richmond","Sydney Swans",48,"HFFR","Steely","Green","CD_I1023056"
13,"MCG","Richmond","Sydney Swans",2,"R","Jacob","Hopper","CD_I993903"
13,"MCG","Richmond","Sydney Swans",19,"FF","Tom","Lynch","CD_I293813"
13,"MCG","Richmond","Sydney Swans",7,"FPL","Rhyan","Mansell","CD_I1008478"
13,"MCG","Richmond","Sydney Swans",28,"INT","Kane","McAuliffe","CD_I1019916"
13,"MCG","Richmond","Sydney Swans",33,"SUB","Kamdyn","McIntosh","CD_I294592"
13,"MCG","Richmond","Sydney Swans",12,"FB","Ben","Miller","CD_I1002403"
13,"MCG","Richmond","Sydney Swans",25,"RK","Toby","Nankervis","CD_I298174"
13,"MCG","Richmond","Sydney Swans",3,"C","Dion","Prestia","CD_I290627"
13,"MCG","Richmond","Sydney Swans",13,"WL","Hugo","Ralphsmith","CD_I1011985"
13,"MCG","Richmond","Sydney Swans",5,"INT","Jack","Ross","CD_I1006133"
13,"MCG","Richmond","Sydney Swans",38,"INT","Thomas","Sims","CD_I1018996"
13,"MCG","Richmond","Sydney Swans",49,"INT","Kaleb","Smith","CD_I1022999"
13,"MCG","Richmond","Sydney Swans",40,"CHF","Tyler","Sonsie","CD_I1017114"
13,"MCG","Richmond","Sydney Swans",14,"RR","Tim","Taranto","CD_I998172"
13,"MCG","Richmond","Sydney Swans",31,"WR","Luke","Trainor","CD_I1028521"
13,"MCG","Richmond","Sydney Swans",1,"BPR","Nick","Vlastuin","CD_I294674"
13,"MCG","Richmond","Sydney Swans",3,"SUB","Taylor","Adams","CD_I291776"
13,"MCG","Richmond","Sydney Swans",26,"HBFL","Riley","Bice","CD_I1008224"
13,"MCG","Richmond","Sydney Swans",22,"CHB","Nick","Blakey","CD_I1006028"
13,"MCG","Richmond","Sydney Swans",16,"HFFL","Braeden","Campbell","CD_I1013133"
13,"MCG","Richmond","Sydney Swans",7,"INT","Harry","Cunningham","CD_I291978"
13,"MCG","Richmond","Sydney Swans",10,"FPL","Aaron","Francis","CD_I990816"
13,"MCG","Richmond","Sydney Swans",4,"RK","Brodie","Grundy","CD_I293957"
13,"MCG","Richmond","Sydney Swans",40,"INT","Tom","Hanily","CD_I1027687"
13,"MCG","Richmond","Sydney Swans",9,"CHF","Will","Hayward","CD_I997100"
13,"MCG","Richmond","Sydney Swans",5,"RR","Isaac","Heeney","CD_I298539"
13,"MCG","Richmond","Sydney Swans",17,"FPR","James","Jordon","CD_I1013409"
13,"MCG","Richmond","Sydney Swans",44,"WL","Jake","Lloyd","CD_I295342"
13,"MCG","Richmond","Sydney Swans",30,"FB","Tom","McCartin","CD_I1008198"
13,"MCG","Richmond","Sydney Swans",27,"HFFR","Justin","McInerney","CD_I1011936"
13,"MCG","Richmond","Sydney Swans",2,"FF","Hayden","McLean","CD_I1003203"
13,"MCG","Richmond","Sydney Swans",43,"BPR","Lewis","Melican","CD_I996743"
13,"MCG","Richmond","Sydney Swans",14,"WR","Callum","Mills","CD_I993905"
13,"MCG","Richmond","Sydney Swans",24,"BPL","Dane","Rampe","CD_I290307"
13,"MCG","Richmond","Sydney Swans",8,"R","James","Rowbottom","CD_I1006126"
13,"MCG","Richmond","Sydney Swans",12,"INT","Angus","Sheldrick","CD_I1020339"
13,"MCG","Richmond","Sydney Swans",1,"C","Chad","Warner","CD_I1012014"
13,"MCG","Richmond","Sydney Swans",37,"INT","Corey","Warner","CD_I1018424"
13,"MCG","Richmond","Sydney Swans",15,"HBFR","Sam","Wicks","CD_I1006232"
13,"GMHBA Stadium","Geelong Cats","Gold Coast SUNS",30,"RR","Tom","Atkins","CD_I994386"
13,"GMHBA Stadium","Geelong Cats","Gold Coast SUNS",46,"WL","Mark","Blicavs","CD_I296733"
13,"GMHBA Stadium","Geelong Cats","Gold Coast SUNS",5,"FF","Jeremy","Cameron","CD_I293845"
13,"GMHBA Stadium","Geelong Cats","Gold Coast SUNS",40,"INT","Ted","Clohesy","CD_I1023542"
13,"GMHBA Stadium","Geelong Cats","Gold Coast SUNS",45,"HFFR","Brad","Close","CD_I999326"
13,"GMHBA Stadium","Geelong Cats","Gold Coast SUNS",35,"FPR","Patrick","Dangerfield","CD_I270917"
13,"GMHBA Stadium","Geelong Cats","Gold Coast SUNS",16,"FB","Sam","De Koning","CD_I1009229"
13,"GMHBA Stadium","Geelong Cats","Gold Coast SUNS",28,"WR","Oliver","Dempsey","CD_I1025034"
13,"GMHBA Stadium","Geelong Cats","Gold Coast SUNS",22,"SUB","Mitch","Duncan","CD_I281065"
13,"GMHBA Stadium","Geelong Cats","Gold Coast SUNS",39,"HBFL","Zach","Guthrie","CD_I1004870"
13,"GMHBA Stadium","Geelong Cats","Gold Coast SUNS",38,"BPR","Jack","Henry","CD_I1000937"
13,"GMHBA Stadium","Geelong Cats","Gold Coast SUNS",9,"C","Max","Holmes","CD_I1015889"
13,"GMHBA Stadium","Geelong Cats","Gold Coast SUNS",17,"INT","Lawson","Humphries","CD_I1013464"
13,"GMHBA Stadium","Geelong Cats","Gold Coast SUNS",7,"CHF","Shaun","Mannagh","CD_I993878"
13,"GMHBA Stadium","Geelong Cats","Gold Coast SUNS",19,"INT","Jack","Martin","CD_I296190"
13,"GMHBA Stadium","Geelong Cats","Gold Coast SUNS",32,"HFFL","Gryan","Miers","CD_I1004938"
13,"GMHBA Stadium","Geelong Cats","Gold Coast SUNS",34,"R","Oisin","Mullin","CD_I1024982"
13,"GMHBA Stadium","Geelong Cats","Gold Coast SUNS",33,"INT","Shannon","Neale","CD_I1016433"
13,"GMHBA Stadium","Geelong Cats","Gold Coast SUNS",42,"CHB","Mark","O'Connor","CD_I1007102"
13,"GMHBA Stadium","Geelong Cats","Gold Coast SUNS",14,"BPL","Connor","O'Sullivan","CD_I1027877"
13,"GMHBA Stadium","Geelong Cats","Gold Coast SUNS",1,"RK","Rhys","Stanley","CD_I280317"
13,"GMHBA Stadium","Geelong Cats","Gold Coast SUNS",18,"FPL","Tyson","Stengle","CD_I997230"
13,"GMHBA Stadium","Geelong Cats","Gold Coast SUNS",44,"HBFR","Tom","Stewart","CD_I291800"
13,"GMHBA Stadium","Geelong Cats","Gold Coast SUNS",9,"SUB","Ben","Ainsworth","CD_I998130"
13,"GMHBA Stadium","Geelong Cats","Gold Coast SUNS",15,"R","Noah","Anderson","CD_I1009199"
13,"GMHBA Stadium","Geelong Cats","Gold Coast SUNS",1,"FB","Mac","Andrew","CD_I1017396"
13,"GMHBA Stadium","Geelong Cats","Gold Coast SUNS",33,"WL","Sam","Clohesy","CD_I1013257"
13,"GMHBA Stadium","Geelong Cats","Gold Coast SUNS",25,"BPR","Sam","Collins","CD_I295446"
13,"GMHBA Stadium","Geelong Cats","Gold Coast SUNS",8,"WR","Brayden","Fiorini","CD_I993799"
13,"GMHBA Stadium","Geelong Cats","Gold Coast SUNS",3,"CHF","Sam","Flanders","CD_I1009260"
13,"GMHBA Stadium","Geelong Cats","Gold Coast SUNS",7,"INT","Nick","Holman","CD_I297456"
13,"GMHBA Stadium","Geelong Cats","Gold Coast SUNS",19,"HFFR","Bailey","Humphrey","CD_I1023500"
13,"GMHBA Stadium","Geelong Cats","Gold Coast SUNS",40,"INT","Joel","Jeffrey","CD_I1005992"
13,"GMHBA Stadium","Geelong Cats","Gold Coast SUNS",34,"FPR","Ben","King","CD_I1006144"
13,"GMHBA Stadium","Geelong Cats","Gold Coast SUNS",23,"INT","Sean","Lemmens","CD_I294013"
13,"GMHBA Stadium","Geelong Cats","Gold Coast SUNS",30,"BPL","Leonardo","Lombard","CD_I1029301"
13,"GMHBA Stadium","Geelong Cats","Gold Coast SUNS",22,"FPL","Ben","Long","CD_I993917"
13,"GMHBA Stadium","Geelong Cats","Gold Coast SUNS",11,"RR","Touk","Miller","CD_I298272"
13,"GMHBA Stadium","Geelong Cats","Gold Coast SUNS",2,"HBFL","John","Noble","CD_I1000072"
13,"GMHBA Stadium","Geelong Cats","Gold Coast SUNS",27,"CHB","Wil","Powell","CD_I1007881"
13,"GMHBA Stadium","Geelong Cats","Gold Coast SUNS",17,"HBFR","Daniel","Rioli","CD_I1000981"
13,"GMHBA Stadium","Geelong Cats","Gold Coast SUNS",18,"C","Matt","Rowell","CD_I1009208"
13,"GMHBA Stadium","Geelong Cats","Gold Coast SUNS",24,"INT","David","Swallow","CD_I290832"
13,"GMHBA Stadium","Geelong Cats","Gold Coast SUNS",32,"HFFL","Bodhi","Uwland","CD_I1017665"
13,"GMHBA Stadium","Geelong Cats","Gold Coast SUNS",4,"FF","Jed","Walter","CD_I1023736"
13,"GMHBA Stadium","Geelong Cats","Gold Coast SUNS",28,"RK","Jarrod","Witts","CD_I291975"
13,"Corroboree Group Oval Manuka","GWS GIANTS","Port Adelaide",21,"BPR","Leek","Aleer","CD_I1008691"
13,"Corroboree Group Oval Manuka","GWS GIANTS","Port Adelaide",7,"HBFR","Lachie","Ash","CD_I1009253"
13,"Corroboree Group Oval Manuka","GWS GIANTS","Port Adelaide",14,"C","Toby","Bedford","CD_I1008139"
13,"Corroboree Group Oval Manuka","GWS GIANTS","Port Adelaide",46,"FPL","Callum","Brown","CD_I1014038"
13,"Corroboree Group Oval Manuka","GWS GIANTS","Port Adelaide",44,"CHB","Jack","Buckley","CD_I1009708"
13,"Corroboree Group Oval Manuka","GWS GIANTS","Port Adelaide",5,"CHF","Aaron","Cadman","CD_I1019038"
13,"Corroboree Group Oval Manuka","GWS GIANTS","Port Adelaide",16,"SUB","Brent","Daniels","CD_I1002251"
13,"Corroboree Group Oval Manuka","GWS GIANTS","Port Adelaide",37,"INT","Joe","Fonti","CD_I1032629"
13,"Corroboree Group Oval Manuka","GWS GIANTS","Port Adelaide",12,"R","Tom","Green","CD_I1009528"
13,"Corroboree Group Oval Manuka","GWS GIANTS","Port Adelaide",4,"FPR","Toby","Greene","CD_I295344"
13,"Corroboree Group Oval Manuka","GWS GIANTS","Port Adelaide",27,"WL","Harry","Himmelberg","CD_I993107"
13,"Corroboree Group Oval Manuka","GWS GIANTS","Port Adelaide",23,"FF","Jesse","Hogan","CD_I296324"
13,"Corroboree Group Oval Manuka","GWS GIANTS","Port Adelaide",39,"BPL","Connor","Idun","CD_I1008083"
13,"Corroboree Group Oval Manuka","GWS GIANTS","Port Adelaide",2,"HFFR","Darcy","Jones","CD_I1020650"
13,"Corroboree Group Oval Manuka","GWS GIANTS","Port Adelaide",22,"WR","Josh","Kelly","CD_I296347"
13,"Corroboree Group Oval Manuka","GWS GIANTS","Port Adelaide",41,"RK","Nicholas","Madden","CD_I1023743"
13,"Corroboree Group Oval Manuka","GWS GIANTS","Port Adelaide",31,"INT","Toby","McMullin","CD_I1027971"
13,"Corroboree Group Oval Manuka","GWS GIANTS","Port Adelaide",33,"INT","Xavier","O'Halloran","CD_I1006135"
13,"Corroboree Group Oval Manuka","GWS GIANTS","Port Adelaide",26,"INT","Jake","Riccardi","CD_I1008123"
13,"Corroboree Group Oval Manuka","GWS GIANTS","Port Adelaide",15,"FB","Sam","Taylor","CD_I1005247"
13,"Corroboree Group Oval Manuka","GWS GIANTS","Port Adelaide",1,"HFFL","Harvey","Thomas","CD_I1027925"
13,"Corroboree Group Oval Manuka","GWS GIANTS","Port Adelaide",10,"HBFL","Jacob","Wehr","CD_I1004530"
13,"Corroboree Group Oval Manuka","GWS GIANTS","Port Adelaide",6,"RR","Lachie","Whitfield","CD_I294305"
13,"Corroboree Group Oval Manuka","GWS GIANTS","Port Adelaide",21,"CHB","Aliir","Aliir","CD_I294469"
13,"Corroboree Group Oval Manuka","GWS GIANTS","Port Adelaide",14,"BPR","Miles","Bergman","CD_I1009191"
13,"Corroboree Group Oval Manuka","GWS GIANTS","Port Adelaide",10,"INT","Travis","Boak","CD_I250365"
13,"Corroboree Group Oval Manuka","GWS GIANTS","Port Adelaide",7,"WL","Jase","Burgoyne","CD_I1013462"
13,"Corroboree Group Oval Manuka","GWS GIANTS","Port Adelaide",3,"INT","Ryan","Burton","CD_I992128"
13,"Corroboree Group Oval Manuka","GWS GIANTS","Port Adelaide",9,"R","Zak","Butters","CD_I1006121"
13,"Corroboree Group Oval Manuka","GWS GIANTS","Port Adelaide",33,"HFFL","Darcy","Byrne-Jones","CD_I991930"
13,"Corroboree Group Oval Manuka","GWS GIANTS","Port Adelaide",28,"C","Willem","Drew","CD_I1000972"
13,"Corroboree Group Oval Manuka","GWS GIANTS","Port Adelaide",6,"HBFL","Kane","Farrell","CD_I1002253"
13,"Corroboree Group Oval Manuka","GWS GIANTS","Port Adelaide",11,"CHF","Jeremy","Finlayson","CD_I298111"
13,"Corroboree Group Oval Manuka","GWS GIANTS","Port Adelaide",19,"FF","Mitch","Georgiades","CD_I1010174"
13,"Corroboree Group Oval Manuka","GWS GIANTS","Port Adelaide",39,"HFFR","Hugh","Jackson","CD_I1015330"
13,"Corroboree Group Oval Manuka","GWS GIANTS","Port Adelaide",44,"WR","Jackson","Mead","CD_I1005326"
13,"Corroboree Group Oval Manuka","GWS GIANTS","Port Adelaide",31,"SUB","Christian","Moraes","CD_I1028563"
13,"Corroboree Group Oval Manuka","GWS GIANTS","Port Adelaide",2,"FPR","Sam","Powell-Pepper","CD_I993979"
13,"Corroboree Group Oval Manuka","GWS GIANTS","Port Adelaide",27,"FB","Esava","Ratugolea","CD_I1002220"
13,"Corroboree Group Oval Manuka","GWS GIANTS","Port Adelaide",35,"INT","Joe","Richards","CD_I1008239"
13,"Corroboree Group Oval Manuka","GWS GIANTS","Port Adelaide",15,"FPL","Willie","Rioli","CD_I296225"
13,"Corroboree Group Oval Manuka","GWS GIANTS","Port Adelaide",1,"RR","Connor","Rozee","CD_I1001299"
13,"Corroboree Group Oval Manuka","GWS GIANTS","Port Adelaide",8,"HBFR","Josh","Sinn","CD_I1017078"
13,"Corroboree Group Oval Manuka","GWS GIANTS","Port Adelaide",38,"RK","Dante","Visentini","CD_I1017128"
13,"Corroboree Group Oval Manuka","GWS GIANTS","Port Adelaide",16,"INT","Ollie","Wines","CD_I294318"
13,"Corroboree Group Oval Manuka","GWS GIANTS","Port Adelaide",25,"BPL","Brandon","Zerk-Thatcher","CD_I1004034"
13,"Hands Oval","North Melbourne","West Coast Eagles",30,"BPL","Charlie","Comben","CD_I1015781"
13,"Hands Oval","North Melbourne","West Coast Eagles",25,"FPL","Paul","Curtis","CD_I1002947"
13,"Hands Oval","North Melbourne","West Coast Eagles",5,"CHB","Caleb","Daniel","CD_I295136"
13,"Hands Oval","North Melbourne","West Coast Eagles",28,"FF","Jack","Darling","CD_I290838"
13,"Hands Oval","North Melbourne","West Coast Eagles",9,"C","Luke","Davies-Uniacke","CD_I1002267"
13,"Hands Oval","North Melbourne","West Coast Eagles",16,"INT","Zac","Fisher","CD_I999827"
13,"Hands Oval","North Melbourne","West Coast Eagles",46,"SUB","Robert","Hansen Jr","CD_I1023144"
13,"Hands Oval","North Melbourne","West Coast Eagles",17,"HBFL","Riley","Hardeman","CD_I1023625"
13,"Hands Oval","North Melbourne","West Coast Eagles",41,"INT","Jacob","Konstanty","CD_I1023530"
13,"Hands Oval","North Melbourne","West Coast Eagles",20,"CHF","Nick","Larkey","CD_I1001017"
13,"Hands Oval","North Melbourne","West Coast Eagles",19,"BPR","Griffin","Logue","CD_I997933"
13,"Hands Oval","North Melbourne","West Coast Eagles",11,"HBFR","Luke","McDonald","CD_I296355"
13,"Hands Oval","North Melbourne","West Coast Eagles",10,"INT","Colby","McKercher","CD_I1024272"
13,"Hands Oval","North Melbourne","West Coast Eagles",2,"HFFR","Finn","O'Sullivan","CD_I1028495"
13,"Hands Oval","North Melbourne","West Coast Eagles",26,"RR","Luke","Parker","CD_I290778"
13,"Hands Oval","North Melbourne","West Coast Eagles",32,"FB","Toby","Pink","CD_I1002138"
13,"Hands Oval","North Melbourne","West Coast Eagles",24,"HFFL","Tom","Powell","CD_I1011659"
13,"Hands Oval","North Melbourne","West Coast Eagles",3,"R","Harry","Sheezel","CD_I1023518"
13,"Hands Oval","North Melbourne","West Coast Eagles",12,"WR","Jy","Simpkin","CD_I993998"
13,"Hands Oval","North Melbourne","West Coast Eagles",15,"WL","Dylan","Stephens","CD_I1004848"
13,"Hands Oval","North Melbourne","West Coast Eagles",6,"INT","George","Wardlaw","CD_I1023477"
13,"Hands Oval","North Melbourne","West Coast Eagles",38,"RK","Tristan","Xerri","CD_I1004965"
13,"Hands Oval","North Melbourne","West Coast Eagles",44,"FPR","Cameron","Zurhaar","CD_I998484"
13,"Hands Oval","North Melbourne","West Coast Eagles",26,"SUB","Bo","Allan","CD_I1028449"
13,"Hands Oval","North Melbourne","West Coast Eagles",12,"FF","Oscar","Allen","CD_I1004385"
13,"Hands Oval","North Melbourne","West Coast Eagles",3,"HBFR","Liam","Baker","CD_I1000223"
13,"Hands Oval","North Melbourne","West Coast Eagles",41,"CHB","Sandy","Brock","CD_I1013315"
13,"Hands Oval","North Melbourne","West Coast Eagles",10,"HFFR","Tyler","Brockman","CD_I1013511"
13,"Hands Oval","North Melbourne","West Coast Eagles",28,"INT","Tom","Cole","CD_I993820"
13,"Hands Oval","North Melbourne","West Coast Eagles",15,"INT","Jamie","Cripps","CD_I290826"
13,"Hands Oval","North Melbourne","West Coast Eagles",43,"FPL","Tyrell","Dewar","CD_I1023142"
13,"Hands Oval","North Melbourne","West Coast Eagles",14,"HBFL","Liam","Duggan","CD_I298268"
13,"Hands Oval","North Melbourne","West Coast Eagles",42,"FB","Harry","Edwards","CD_I1011437"
13,"Hands Oval","North Melbourne","West Coast Eagles",25,"RK","Matt","Flynn","CD_I993902"
13,"Hands Oval","North Melbourne","West Coast Eagles",7,"BPL","Reuben","Ginbey","CD_I1023025"
13,"Hands Oval","North Melbourne","West Coast Eagles",17,"HFFL","Jack","Graham","CD_I990827"
13,"Hands Oval","North Melbourne","West Coast Eagles",8,"INT","Elijah","Hewett","CD_I1020670"
13,"Hands Oval","North Melbourne","West Coast Eagles",19,"RR","Brady","Hough","CD_I1023167"
13,"Hands Oval","North Melbourne","West Coast Eagles",5,"WL","Jayden","Hunt","CD_I994385"
13,"Hands Oval","North Melbourne","West Coast Eagles",44,"WR","Jack","Hutchinson","CD_I1036098"
13,"Hands Oval","North Melbourne","West Coast Eagles",11,"R","Tim","Kelly","CD_I295898"
13,"Hands Oval","North Melbourne","West Coast Eagles",23,"BPR","Ryan","Maric","CD_I1029416"
13,"Hands Oval","North Melbourne","West Coast Eagles",22,"INT","Archer","Reid","CD_I1027693"
13,"Hands Oval","North Melbourne","West Coast Eagles",9,"C","Harley","Reid","CD_I1023492"
13,"Hands Oval","North Melbourne","West Coast Eagles",1,"FPR","Liam","Ryan","CD_I1004364"
13,"Hands Oval","North Melbourne","West Coast Eagles",34,"CHF","Jack","Williams","CD_I1020371"
13,"MCG","Carlton","Essendon",13,"WR","Blake","Acres","CD_I296294"
13,"MCG","Carlton","Essendon",32,"HFFL","Matthew","Carroll","CD_I1027964"
13,"MCG","Carlton","Essendon",5,"RR","Adam","Cerra","CD_I1002239"
13,"MCG","Carlton","Essendon",39,"HBFR","Alex","Cincotta","CD_I1016268"
13,"MCG","Carlton","Essendon",9,"C","Patrick","Cripps","CD_I990704"
13,"MCG","Carlton","Essendon",30,"CHF","Charlie","Curnow","CD_I996731"
13,"MCG","Carlton","Essendon",12,"RK","Tom","De Koning","CD_I1004912"
13,"MCG","Carlton","Essendon",15,"INT","Sam","Docherty","CD_I295518"
13,"MCG","Carlton","Essendon",14,"INT","Orazio","Fantasia","CD_I296334"
13,"MCG","Carlton","Essendon",8,"HFFR","Lachie","Fogarty","CD_I1002228"
13,"MCG","Carlton","Essendon",26,"CHB","Nick","Haynes","CD_I295265"
13,"MCG","Carlton","Essendon",29,"INT","George","Hewett","CD_I294036"
13,"MCG","Carlton","Essendon",4,"BPR","Oliver","Hollands","CD_I1023495"
13,"MCG","Carlton","Essendon",36,"WL","Cooper","Lord","CD_I1032108"
13,"MCG","Carlton","Essendon",11,"FPL","Mitch","McGovern","CD_I297255"
13,"MCG","Carlton","Essendon",3,"INT","Jesse","Motlop","CD_I1017700"
13,"MCG","Carlton","Essendon",40,"FF","Hudson","O'Keeffe","CD_I1023489"
13,"MCG","Carlton","Essendon",42,"HBFL","Adam","Saad","CD_I295461"
13,"MCG","Carlton","Essendon",1,"BPL","Jack","Silvagni","CD_I1001028"
13,"MCG","Carlton","Essendon",18,"R","Sam","Walsh","CD_I1006094"
13,"MCG","Carlton","Essendon",23,"FB","Jacob","Weitering","CD_I993832"
13,"MCG","Carlton","Essendon",38,"SUB","Will","White","CD_I1027713"
13,"MCG","Carlton","Essendon",6,"FPR","Zac","Williams","CD_I294685"
13,"MCG","Carlton","Essendon",30,"CHF","Nate","Caddy","CD_I1027899"
13,"MCG","Carlton","Essendon",6,"RR","Jye","Caldwell","CD_I1006103"
13,"MCG","Carlton","Essendon",36,"WR","Angus","Clarke","CD_I1027284"
13,"MCG","Carlton","Essendon",44,"SUB","Archer","Day-Wicks","CD_I1029265"
13,"MCG","Carlton","Essendon",22,"R","Sam","Durham","CD_I1015810"
13,"MCG","Carlton","Essendon",28,"INT","Xavier","Duursma","CD_I1006096"
13,"MCG","Carlton","Essendon",17,"RK","Todd","Goldstein","CD_I271129"
13,"MCG","Carlton","Essendon",11,"HBFL","Jade","Gresham","CD_I298421"
13,"MCG","Carlton","Essendon",35,"WL","Matt","Guelfi","CD_I996232"
13,"MCG","Carlton","Essendon",8,"FPL","Ben","Hobbs","CD_I1017088"
13,"MCG","Carlton","Essendon",40,"INT","Zak","Johnson","CD_I1028519"
13,"MCG","Carlton","Essendon",10,"INT","Isaac","Kako","CD_I1028554"
13,"MCG","Carlton","Essendon",15,"FB","Jayden","Laverde","CD_I298280"
13,"MCG","Carlton","Essendon",34,"CHB","Luamon","Lual","CD_I1027706"
13,"MCG","Carlton","Essendon",37,"HFFR","Nic","Martin","CD_I1012013"
13,"MCG","Carlton","Essendon",1,"BPL","Andrew","McGrath","CD_I998102"
13,"MCG","Carlton","Essendon",7,"C","Zach","Merrett","CD_I992016"
13,"MCG","Carlton","Essendon",3,"INT","Darcy","Parish","CD_I993817"
13,"MCG","Carlton","Essendon",16,"HFFL","Archie","Perkins","CD_I1015873"
13,"MCG","Carlton","Essendon",25,"HBFR","Jaxon","Prior","CD_I1009386"
13,"MCG","Carlton","Essendon",21,"BPR","Archie","Roberts","CD_I1023515"
13,"MCG","Carlton","Essendon",12,"FPR","Will","Setterfield","CD_I998215"
13,"MCG","Carlton","Essendon",20,"FF","Peter","Wright","CD_I298289"
13,"MCG","Melbourne","Collingwood",17,"BPL","Jake","Bowey","CD_I1012825"
13,"MCG","Melbourne","Collingwood",37,"WL","Kade","Chandler","CD_I1005330"
13,"MCG","Melbourne","Collingwood",31,"HFFR","Bayley","Fritsch","CD_I1001438"
13,"MCG","Melbourne","Collingwood",11,"RK","Max","Gawn","CD_I290528"
13,"MCG","Melbourne","Collingwood",22,"INT","Blake","Howes","CD_I1017122"
13,"MCG","Melbourne","Collingwood",15,"HFFL","Ed","Langdon","CD_I298264"
13,"MCG","Melbourne","Collingwood",19,"CHF","Harvey","Langford","CD_I1028546"
13,"MCG","Melbourne","Collingwood",8,"CHB","Jake","Lever","CD_I298281"
13,"MCG","Melbourne","Collingwood",20,"WR","Xavier","Lindsay","CD_I1028531"
13,"MCG","Melbourne","Collingwood",1,"FB","Steven","May","CD_I281085"
13,"MCG","Melbourne","Collingwood",4,"HBFL","Judd","McVee","CD_I1017703"
13,"MCG","Melbourne","Collingwood",18,"FPL","Jake","Melksham","CD_I280824"
13,"MCG","Melbourne","Collingwood",13,"RR","Clayton","Oliver","CD_I996701"
13,"MCG","Melbourne","Collingwood",5,"C","Christian","Petracca","CD_I298210"
13,"MCG","Melbourne","Collingwood",35,"FF","Harrison","Petty","CD_I1008893"
13,"MCG","Melbourne","Collingwood",36,"FPR","Kysaiah","Pickett","CD_I1008541"
13,"MCG","Melbourne","Collingwood",24,"INT","Trent","Rivers","CD_I1009378"
13,"MCG","Melbourne","Collingwood",3,"BPR","Christian","Salem","CD_I296359"
13,"MCG","Melbourne","Collingwood",32,"R","Tom","Sparrow","CD_I999391"
13,"MCG","Melbourne","Collingwood",12,"INT","Koltyn","Tholstrup","CD_I1023640"
13,"MCG","Melbourne","Collingwood",10,"HBFR","Daniel","Turner","CD_I1020959"
13,"MCG","Melbourne","Collingwood",2,"INT","Jacob","van Rooyen","CD_I1017720"
13,"MCG","Melbourne","Collingwood",6,"SUB","Caleb","Windsor","CD_I1027821"
13,"MCG","Melbourne","Collingwood",16,"INT","Edward","Allan","CD_I1022915"
13,"MCG","Melbourne","Collingwood",14,"RK","Darcy","Cameron","CD_I990291"
13,"MCG","Melbourne","Collingwood",25,"WL","Jack","Crisp","CD_I293871"
13,"MCG","Melbourne","Collingwood",7,"INT","Josh","Daicos","CD_I1005054"
13,"MCG","Melbourne","Collingwood",35,"R","Nick","Daicos","CD_I1023261"
13,"MCG","Melbourne","Collingwood",5,"FPL","Jamie","Elliott","CD_I293801"
13,"MCG","Melbourne","Collingwood",17,"BPL","Billy","Frampton","CD_I991773"
13,"MCG","Melbourne","Collingwood",39,"INT","William","Hayes","CD_I1032922"
13,"MCG","Melbourne","Collingwood",23,"HFFL","Bobby","Hill","CD_I1006148"
13,"MCG","Melbourne","Collingwood",32,"SUB","Will","Hoskin-Elliott","CD_I291720"
13,"MCG","Melbourne","Collingwood",9,"BPR","Dan","Houston","CD_I994295"
13,"MCG","Melbourne","Collingwood",38,"FB","Jeremy","Howe","CD_I291313"
13,"MCG","Melbourne","Collingwood",44,"RR","Ned","Long","CD_I1017124"
13,"MCG","Melbourne","Collingwood",31,"HFFR","Beau","McCreery","CD_I1004757"
13,"MCG","Melbourne","Collingwood",11,"INT","Daniel","McStay","CD_I297504"
13,"MCG","Melbourne","Collingwood",28,"CHF","Tim","Membrey","CD_I294596"
13,"MCG","Melbourne","Collingwood",41,"FF","Brody","Mihocek","CD_I291849"
13,"MCG","Melbourne","Collingwood",30,"CHB","Darcy","Moore","CD_I298288"
13,"MCG","Melbourne","Collingwood",10,"C","Scott","Pendlebury","CD_I260257"
13,"MCG","Melbourne","Collingwood",12,"HBFL","Harry","Perryman","CD_I998205"
13,"MCG","Melbourne","Collingwood",3,"HBFR","Isaac","Quaynor","CD_I1008089"
13,"MCG","Melbourne","Collingwood",22,"WR","Steele","Sidebottom","CD_I280965"
13,"MCG","Melbourne","Collingwood",33,"FPR","Lachlan","Sullivan","CD_I998480"
14,"Marvel Stadium","St Kilda","Western Bulldogs",16,"INT","Dan","Butler","CD_I992374"
14,"Marvel Stadium","St Kilda","Western Bulldogs",13,"CHF","Ryan","Byrnes","CD_I1011994"
14,"Marvel Stadium","St Kilda","Western Bulldogs",47,"FF","Anthony","Caminiti","CD_I1023784"
14,"Marvel Stadium","St Kilda","Western Bulldogs",18,"SUB","Jack","Carroll","CD_I1013233"
14,"Marvel Stadium","St Kilda","Western Bulldogs",11,"RR","Hunter","Clark","CD_I1002264"
14,"Marvel Stadium","St Kilda","Western Bulldogs",40,"INT","Max","Hall","CD_I1020855"
14,"Marvel Stadium","St Kilda","Western Bulldogs",1,"HFFL","Jack","Higgins","CD_I1002227"
14,"Marvel Stadium","St Kilda","Western Bulldogs",8,"HFFR","Bradley","Hill","CD_I295584"
14,"Marvel Stadium","St Kilda","Western Bulldogs",3,"INT","Zak","Jones","CD_I991988"
14,"Marvel Stadium","St Kilda","Western Bulldogs",17,"BPL","Isaac","Keeler","CD_I1015323"
14,"Marvel Stadium","St Kilda","Western Bulldogs",6,"C","Jack","Macrae","CD_I295467"
14,"Marvel Stadium","St Kilda","Western Bulldogs",19,"RK","Rowan","Marshall","CD_I992468"
14,"Marvel Stadium","St Kilda","Western Bulldogs",10,"FPR","Mitch","Owens","CD_I1023272"
14,"Marvel Stadium","St Kilda","Western Bulldogs",43,"FPL","Cooper","Sharman","CD_I1018018"
14,"Marvel Stadium","St Kilda","Western Bulldogs",35,"HBFR","Jack","Sinclair","CD_I994389"
14,"Marvel Stadium","St Kilda","Western Bulldogs",9,"R","Jack","Steele","CD_I296205"
14,"Marvel Stadium","St Kilda","Western Bulldogs",14,"HBFL","Liam","Stocker","CD_I1008312"
14,"Marvel Stadium","St Kilda","Western Bulldogs",5,"INT","Tobie","Travaglia","CD_I1028538"
14,"Marvel Stadium","St Kilda","Western Bulldogs",7,"CHB","Nasiah","Wanganeen-Milera","CD_I1015507"
14,"Marvel Stadium","St Kilda","Western Bulldogs",29,"BPR","Jimmy","Webster","CD_I290757"
14,"Marvel Stadium","St Kilda","Western Bulldogs",44,"FB","Callum","Wilkie","CD_I296422"
14,"Marvel Stadium","St Kilda","Western Bulldogs",2,"WR","Marcus","Windhager","CD_I1023270"
14,"Marvel Stadium","St Kilda","Western Bulldogs",32,"WL","Mason","Wood","CD_I295340"
14,"Marvel Stadium","St Kilda","Western Bulldogs",4,"RR","Marcus","Bontempelli","CD_I297373"
14,"Marvel Stadium","St Kilda","Western Bulldogs",29,"INT","Lachlan","Bramble","CD_I1000864"
14,"Marvel Stadium","St Kilda","Western Bulldogs",36,"BPL","Luke","Cleary","CD_I1015929"
14,"Marvel Stadium","St Kilda","Western Bulldogs",31,"HBFR","Bailey","Dale","CD_I996708"
14,"Marvel Stadium","St Kilda","Western Bulldogs",10,"FF","Sam","Darcy","CD_I1017126"
14,"Marvel Stadium","St Kilda","Western Bulldogs",42,"WL","Sam","Davidson","CD_I1036123"
14,"Marvel Stadium","St Kilda","Western Bulldogs",26,"INT","Josh","Dolan","CD_I1034235"
14,"Marvel Stadium","St Kilda","Western Bulldogs",44,"RK","Tim","English","CD_I1004592"
14,"Marvel Stadium","St Kilda","Western Bulldogs",27,"WR","Joel","Freijah","CD_I1027704"
14,"Marvel Stadium","St Kilda","Western Bulldogs",6,"SUB","Cooper","Hynes","CD_I1029456"
14,"Marvel Stadium","St Kilda","Western Bulldogs",8,"HFFR","Matthew","Kennedy","CD_I1001398"
14,"Marvel Stadium","St Kilda","Western Bulldogs",24,"INT","Buku","Khamis","CD_I998782"
14,"Marvel Stadium","St Kilda","Western Bulldogs",21,"R","Tom","Liberatore","CD_I290799"
14,"Marvel Stadium","St Kilda","Western Bulldogs",7,"CHB","Rory","Lobb","CD_I990740"
14,"Marvel Stadium","St Kilda","Western Bulldogs",30,"INT","Lachlan","McNeil","CD_I1009015"
14,"Marvel Stadium","St Kilda","Western Bulldogs",33,"CHF","Aaron","Naughton","CD_I1002404"
14,"Marvel Stadium","St Kilda","Western Bulldogs",18,"FB","James","O'Donnell","CD_I1032966"
14,"Marvel Stadium","St Kilda","Western Bulldogs",20,"C","Ed","Richards","CD_I1008280"
14,"Marvel Stadium","St Kilda","Western Bulldogs",9,"HFFL","Ryley","Sanders","CD_I1017939"
14,"Marvel Stadium","St Kilda","Western Bulldogs",1,"HBFL","Adam","Treloar","CD_I291790"
14,"Marvel Stadium","St Kilda","Western Bulldogs",23,"FPL","Laitham","Vandermeer","CD_I1005000"
14,"Marvel Stadium","St Kilda","Western Bulldogs",14,"FPR","Rhylee","West","CD_I1006127"
14,"Marvel Stadium","St Kilda","Western Bulldogs",34,"BPR","Bailey","Williams","CD_I992351"
14,"University of Tasmania Stadium","Hawthorn","Adelaide Crows",10,"BPR","Karl","Amon","CD_I297354"
14,"University of Tasmania Stadium","Hawthorn","Adelaide Crows",37,"FB","Tom","Barrass","CD_I990290"
14,"University of Tasmania Stadium","Hawthorn","Adelaide Crows",24,"BPL","Josh","Battle","CD_I998134"
14,"University of Tasmania Stadium","Hawthorn","Adelaide Crows",30,"INT","Sam","Butler","CD_I1010708"
14,"University of Tasmania Stadium","Hawthorn","Adelaide Crows",18,"FF","Mabior","Chol","CD_I994077"
14,"University of Tasmania Stadium","Hawthorn","Adelaide Crows",16,"WL","Massimo","D'Ambrosio","CD_I1005144"
14,"University of Tasmania Stadium","Hawthorn","Adelaide Crows",33,"FPR","Jack","Ginnivan","CD_I1012857"
14,"University of Tasmania Stadium","Hawthorn","Adelaide Crows",19,"HFFL","Jack","Gunston","CD_I291351"
14,"University of Tasmania Stadium","Hawthorn","Adelaide Crows",15,"HBFR","Blake","Hardwick","CD_I993794"
14,"University of Tasmania Stadium","Hawthorn","Adelaide Crows",44,"INT","Henry","Hustwaite","CD_I1023680"
14,"University of Tasmania Stadium","Hawthorn","Adelaide Crows",4,"HBFL","Jarman","Impey","CD_I296254"
14,"University of Tasmania Stadium","Hawthorn","Adelaide Crows",9,"SUB","Changkuoth","Jiath","CD_I998390"
14,"University of Tasmania Stadium","Hawthorn","Adelaide Crows",31,"INT","Connor","Macdonald","CD_I1017094"
14,"University of Tasmania Stadium","Hawthorn","Adelaide Crows",17,"RK","Lloyd","Meek","CD_I1000980"
14,"University of Tasmania Stadium","Hawthorn","Adelaide Crows",40,"INT","Seamus","Mitchell","CD_I1018016"
14,"University of Tasmania Stadium","Hawthorn","Adelaide Crows",13,"CHF","Dylan","Moore","CD_I1006314"
14,"University of Tasmania Stadium","Hawthorn","Adelaide Crows",1,"WR","Harry","Morrison","CD_I1000963"
14,"University of Tasmania Stadium","Hawthorn","Adelaide Crows",11,"C","Conor","Nash","CD_I1007124"
14,"University of Tasmania Stadium","Hawthorn","Adelaide Crows",3,"RR","Jai","Newcombe","CD_I1020895"
14,"University of Tasmania Stadium","Hawthorn","Adelaide Crows",38,"FPL","Max","Ramsden","CD_I1027965"
14,"University of Tasmania Stadium","Hawthorn","Adelaide Crows",25,"R","Josh","Ward","CD_I1017110"
14,"University of Tasmania Stadium","Hawthorn","Adelaide Crows",34,"HFFR","Nick","Watson","CD_I1023473"
14,"University of Tasmania Stadium","Hawthorn","Adelaide Crows",23,"CHB","Josh","Weddle","CD_I1027935"
14,"University of Tasmania Stadium","Hawthorn","Adelaide Crows",3,"R","Sam","Berry","CD_I1012807"
14,"University of Tasmania Stadium","Hawthorn","Adelaide Crows",41,"FB","Jordon","Butts","CD_I1004995"
14,"University of Tasmania Stadium","Hawthorn","Adelaide Crows",44,"WL","Isaac","Cumming","CD_I1001396"
14,"University of Tasmania Stadium","Hawthorn","Adelaide Crows",6,"WR","Daniel","Curtin","CD_I1024023"
14,"University of Tasmania Stadium","Hawthorn","Adelaide Crows",12,"C","Jordan","Dawson","CD_I992242"
14,"University of Tasmania Stadium","Hawthorn","Adelaide Crows",32,"FPR","Darcy","Fogarty","CD_I999331"
14,"University of Tasmania Stadium","Hawthorn","Adelaide Crows",20,"BPR","Mitchell","Hinge","CD_I1004863"
14,"University of Tasmania Stadium","Hawthorn","Adelaide Crows",48,"CHB","Mark","Keane","CD_I1013974"
14,"University of Tasmania Stadium","Hawthorn","Adelaide Crows",2,"HFFL","Ben","Keays","CD_I993946"
14,"University of Tasmania Stadium","Hawthorn","Adelaide Crows",29,"HBFR","Rory","Laird","CD_I293222"
14,"University of Tasmania Stadium","Hawthorn","Adelaide Crows",16,"HBFL","Max","Michalanney","CD_I1015370"
14,"University of Tasmania Stadium","Hawthorn","Adelaide Crows",30,"INT","Wayne","Milera","CD_I990882"
14,"University of Tasmania Stadium","Hawthorn","Adelaide Crows",4,"HFFR","Lachlan","Murphy","CD_I1000998"
14,"University of Tasmania Stadium","Hawthorn","Adelaide Crows",28,"INT","Alex","Neal-Bullen","CD_I296420"
14,"University of Tasmania Stadium","Hawthorn","Adelaide Crows",43,"RK","Reilly","O'Brien","CD_I297523"
14,"University of Tasmania Stadium","Hawthorn","Adelaide Crows",10,"INT","Luke","Pedlar","CD_I1012218"
14,"University of Tasmania Stadium","Hawthorn","Adelaide Crows",8,"FPL","Josh","Rachele","CD_I1017051"
14,"University of Tasmania Stadium","Hawthorn","Adelaide Crows",23,"RR","Izak","Rankine","CD_I1001195"
14,"University of Tasmania Stadium","Hawthorn","Adelaide Crows",33,"SUB","Brodie","Smith","CD_I291748"
14,"University of Tasmania Stadium","Hawthorn","Adelaide Crows",14,"INT","Jake","Soligo","CD_I1017109"
14,"University of Tasmania Stadium","Hawthorn","Adelaide Crows",7,"CHF","Riley","Thilthorpe","CD_I1008384"
14,"University of Tasmania Stadium","Hawthorn","Adelaide Crows",13,"FF","Taylor","Walker","CD_I280506"
14,"University of Tasmania Stadium","Hawthorn","Adelaide Crows",24,"BPL","Josh","Worrell","CD_I1011981"
14,"Gabba","Brisbane Lions","GWS GIANTS",4,"FPR","Callum","Ah Chee","CD_I298437"
14,"Gabba","Brisbane Lions","GWS GIANTS",31,"CHB","Harris","Andrews","CD_I996059"
14,"Gabba","Brisbane Lions","GWS GIANTS",43,"HBFL","Noah","Answerth","CD_I1005053"
14,"Gabba","Brisbane Lions","GWS GIANTS",10,"INT","Levi","Ashcroft","CD_I1028560"
14,"Gabba","Brisbane Lions","GWS GIANTS",8,"INT","Will","Ashcroft","CD_I1023517"
14,"Gabba","Brisbane Lions","GWS GIANTS",33,"HFFR","Zac","Bailey","CD_I1002312"
14,"Gabba","Brisbane Lions","GWS GIANTS",7,"WR","Jarrod","Berry","CD_I998133"
14,"Gabba","Brisbane Lions","GWS GIANTS",23,"HFFL","Charlie","Cameron","CD_I990609"
14,"Gabba","Brisbane Lions","GWS GIANTS",14,"FF","Sam","Day","CD_I291753"
14,"Gabba","Brisbane Lions","GWS GIANTS",5,"RR","Josh","Dunkley","CD_I993834"
14,"Gabba","Brisbane Lions","GWS GIANTS",3,"WL","Jaspa","Fletcher","CD_I1023708"
14,"Gabba","Brisbane Lions","GWS GIANTS",32,"RK","Darcy","Fort","CD_I298211"
14,"Gabba","Brisbane Lions","GWS GIANTS",30,"CHF","Eric","Hipwood","CD_I993953"
14,"Gabba","Brisbane Lions","GWS GIANTS",35,"BPR","Ryan","Lester","CD_I291548"
14,"Gabba","Brisbane Lions","GWS GIANTS",1,"SUB","Kai","Lohmann","CD_I1014026"
14,"Gabba","Brisbane Lions","GWS GIANTS",6,"C","Hugh","McCluggage","CD_I1000978"
14,"Gabba","Brisbane Lions","GWS GIANTS",13,"INT","Logan","Morris","CD_I1028019"
14,"Gabba","Brisbane Lions","GWS GIANTS",9,"R","Lachie","Neale","CD_I293535"
14,"Gabba","Brisbane Lions","GWS GIANTS",40,"FB","Jack","Payne","CD_I1002347"
14,"Gabba","Brisbane Lions","GWS GIANTS",16,"FPL","Cam","Rayner","CD_I1002235"
14,"Gabba","Brisbane Lions","GWS GIANTS",37,"HBFR","Brandon","Starcevich","CD_I1002401"
14,"Gabba","Brisbane Lions","GWS GIANTS",44,"INT","Darcy","Wilmot","CD_I1017067"
14,"Gabba","Brisbane Lions","GWS GIANTS",15,"BPL","Dayne","Zorko","CD_I261224"
14,"Gabba","Brisbane Lions","GWS GIANTS",21,"INT","Leek","Aleer","CD_I1008691"
14,"Gabba","Brisbane Lions","GWS GIANTS",7,"HBFR","Lachie","Ash","CD_I1009253"
14,"Gabba","Brisbane Lions","GWS GIANTS",14,"C","Toby","Bedford","CD_I1008139"
14,"Gabba","Brisbane Lions","GWS GIANTS",46,"INT","Callum","Brown","CD_I1014038"
14,"Gabba","Brisbane Lions","GWS GIANTS",44,"CHB","Jack","Buckley","CD_I1009708"
14,"Gabba","Brisbane Lions","GWS GIANTS",5,"CHF","Aaron","Cadman","CD_I1019038"
14,"Gabba","Brisbane Lions","GWS GIANTS",17,"RR","Finn","Callaghan","CD_I1023266"
14,"Gabba","Brisbane Lions","GWS GIANTS",16,"HFFL","Brent","Daniels","CD_I1002251"
14,"Gabba","Brisbane Lions","GWS GIANTS",38,"SUB","Josaia","Delana","CD_I1029030"
14,"Gabba","Brisbane Lions","GWS GIANTS",37,"BPR","Joe","Fonti","CD_I1032629"
14,"Gabba","Brisbane Lions","GWS GIANTS",12,"R","Tom","Green","CD_I1009528"
14,"Gabba","Brisbane Lions","GWS GIANTS",27,"WL","Harry","Himmelberg","CD_I993107"
14,"Gabba","Brisbane Lions","GWS GIANTS",23,"FF","Jesse","Hogan","CD_I296324"
14,"Gabba","Brisbane Lions","GWS GIANTS",39,"BPL","Connor","Idun","CD_I1008083"
14,"Gabba","Brisbane Lions","GWS GIANTS",2,"HFFR","Darcy","Jones","CD_I1020650"
14,"Gabba","Brisbane Lions","GWS GIANTS",22,"WR","Josh","Kelly","CD_I296347"
14,"Gabba","Brisbane Lions","GWS GIANTS",41,"RK","Nicholas","Madden","CD_I1023743"
14,"Gabba","Brisbane Lions","GWS GIANTS",33,"FPL","Xavier","O'Halloran","CD_I1006135"
14,"Gabba","Brisbane Lions","GWS GIANTS",26,"INT","Jake","Riccardi","CD_I1008123"
14,"Gabba","Brisbane Lions","GWS GIANTS",24,"INT","Harry","Rowston","CD_I1021122"
14,"Gabba","Brisbane Lions","GWS GIANTS",15,"FB","Sam","Taylor","CD_I1005247"
14,"Gabba","Brisbane Lions","GWS GIANTS",1,"FPR","Harvey","Thomas","CD_I1027925"
14,"Gabba","Brisbane Lions","GWS GIANTS",6,"HBFL","Lachie","Whitfield","CD_I294305"
14,"MCG","Essendon","Geelong Cats",46,"HFFL","Lachlan","Blakiston","CD_I1028196"
14,"MCG","Essendon","Geelong Cats",30,"CHF","Nate","Caddy","CD_I1027899"
14,"MCG","Essendon","Geelong Cats",6,"RR","Jye","Caldwell","CD_I1006103"
14,"MCG","Essendon","Geelong Cats",36,"HBFR","Angus","Clarke","CD_I1027284"
14,"MCG","Essendon","Geelong Cats",44,"INT","Archer","Day-Wicks","CD_I1029265"
14,"MCG","Essendon","Geelong Cats",28,"WL","Xavier","Duursma","CD_I1006096"
14,"MCG","Essendon","Geelong Cats",17,"RK","Todd","Goldstein","CD_I271129"
14,"MCG","Essendon","Geelong Cats",11,"HBFL","Jade","Gresham","CD_I298421"
14,"MCG","Essendon","Geelong Cats",35,"R","Matt","Guelfi","CD_I996232"
14,"MCG","Essendon","Geelong Cats",40,"INT","Zak","Johnson","CD_I1028519"
14,"MCG","Essendon","Geelong Cats",10,"INT","Isaac","Kako","CD_I1028554"
14,"MCG","Essendon","Geelong Cats",15,"FB","Jayden","Laverde","CD_I298280"
14,"MCG","Essendon","Geelong Cats",34,"WR","Luamon","Lual","CD_I1027706"
14,"MCG","Essendon","Geelong Cats",37,"HFFR","Nic","Martin","CD_I1012013"
14,"MCG","Essendon","Geelong Cats",26,"FPL","Archer","May","CD_I1029084"
14,"MCG","Essendon","Geelong Cats",1,"BPL","Andrew","McGrath","CD_I998102"
14,"MCG","Essendon","Geelong Cats",7,"C","Zach","Merrett","CD_I992016"
14,"MCG","Essendon","Geelong Cats",3,"INT","Darcy","Parish","CD_I993817"
14,"MCG","Essendon","Geelong Cats",16,"SUB","Archie","Perkins","CD_I1015873"
14,"MCG","Essendon","Geelong Cats",25,"CHB","Jaxon","Prior","CD_I1009386"
14,"MCG","Essendon","Geelong Cats",21,"BPR","Archie","Roberts","CD_I1023515"
14,"MCG","Essendon","Geelong Cats",12,"FPR","Will","Setterfield","CD_I998215"
14,"MCG","Essendon","Geelong Cats",20,"FF","Peter","Wright","CD_I298289"
14,"MCG","Essendon","Geelong Cats",30,"INT","Tom","Atkins","CD_I994386"
14,"MCG","Essendon","Geelong Cats",46,"WL","Mark","Blicavs","CD_I296733"
14,"MCG","Essendon","Geelong Cats",5,"FF","Jeremy","Cameron","CD_I293845"
14,"MCG","Essendon","Geelong Cats",45,"CHF","Brad","Close","CD_I999326"
14,"MCG","Essendon","Geelong Cats",35,"FPR","Patrick","Dangerfield","CD_I270917"
14,"MCG","Essendon","Geelong Cats",16,"FB","Sam","De Koning","CD_I1009229"
14,"MCG","Essendon","Geelong Cats",28,"WR","Oliver","Dempsey","CD_I1025034"
14,"MCG","Essendon","Geelong Cats",22,"SUB","Mitch","Duncan","CD_I281065"
14,"MCG","Essendon","Geelong Cats",39,"INT","Zach","Guthrie","CD_I1004870"
14,"MCG","Essendon","Geelong Cats",38,"BPL","Jack","Henry","CD_I1000937"
14,"MCG","Essendon","Geelong Cats",9,"C","Max","Holmes","CD_I1015889"
14,"MCG","Essendon","Geelong Cats",17,"HBFL","Lawson","Humphries","CD_I1013464"
14,"MCG","Essendon","Geelong Cats",7,"HFFL","Shaun","Mannagh","CD_I993878"
14,"MCG","Essendon","Geelong Cats",19,"INT","Jack","Martin","CD_I296190"
14,"MCG","Essendon","Geelong Cats",32,"INT","Gryan","Miers","CD_I1004938"
14,"MCG","Essendon","Geelong Cats",34,"R","Oisin","Mullin","CD_I1024982"
14,"MCG","Essendon","Geelong Cats",33,"FPL","Shannon","Neale","CD_I1016433"
14,"MCG","Essendon","Geelong Cats",42,"HBFR","Mark","O'Connor","CD_I1007102"
14,"MCG","Essendon","Geelong Cats",14,"BPR","Connor","O'Sullivan","CD_I1027877"
14,"MCG","Essendon","Geelong Cats",3,"RR","Bailey","Smith","CD_I1006130"
14,"MCG","Essendon","Geelong Cats",1,"RK","Rhys","Stanley","CD_I280317"
14,"MCG","Essendon","Geelong Cats",18,"HFFR","Tyson","Stengle","CD_I997230"
14,"MCG","Essendon","Geelong Cats",44,"CHB","Tom","Stewart","CD_I291800"
14,"Optus Stadium","North Melbourne","Fremantle",25,"FPL","Paul","Curtis","CD_I1002947"
14,"Optus Stadium","North Melbourne","Fremantle",5,"CHB","Caleb","Daniel","CD_I295136"
14,"Optus Stadium","North Melbourne","Fremantle",28,"FF","Jack","Darling","CD_I290838"
14,"Optus Stadium","North Melbourne","Fremantle",9,"C","Luke","Davies-Uniacke","CD_I1002267"
14,"Optus Stadium","North Melbourne","Fremantle",42,"BPL","Kallan","Dawson","CD_I1012144"
14,"Optus Stadium","North Melbourne","Fremantle",16,"INT","Zac","Fisher","CD_I999827"
14,"Optus Stadium","North Melbourne","Fremantle",46,"SUB","Robert","Hansen Jr","CD_I1023144"
14,"Optus Stadium","North Melbourne","Fremantle",17,"INT","Riley","Hardeman","CD_I1023625"
14,"Optus Stadium","North Melbourne","Fremantle",41,"INT","Jacob","Konstanty","CD_I1023530"
14,"Optus Stadium","North Melbourne","Fremantle",20,"CHF","Nick","Larkey","CD_I1001017"
14,"Optus Stadium","North Melbourne","Fremantle",19,"BPR","Griffin","Logue","CD_I997933"
14,"Optus Stadium","North Melbourne","Fremantle",11,"HBFR","Luke","McDonald","CD_I296355"
14,"Optus Stadium","North Melbourne","Fremantle",10,"HFFR","Colby","McKercher","CD_I1024272"
14,"Optus Stadium","North Melbourne","Fremantle",2,"HBFL","Finn","O'Sullivan","CD_I1028495"
14,"Optus Stadium","North Melbourne","Fremantle",26,"RR","Luke","Parker","CD_I290778"
14,"Optus Stadium","North Melbourne","Fremantle",32,"FB","Toby","Pink","CD_I1002138"
14,"Optus Stadium","North Melbourne","Fremantle",24,"HFFL","Tom","Powell","CD_I1011659"
14,"Optus Stadium","North Melbourne","Fremantle",3,"R","Harry","Sheezel","CD_I1023518"
14,"Optus Stadium","North Melbourne","Fremantle",12,"WR","Jy","Simpkin","CD_I993998"
14,"Optus Stadium","North Melbourne","Fremantle",15,"WL","Dylan","Stephens","CD_I1004848"
14,"Optus Stadium","North Melbourne","Fremantle",6,"INT","George","Wardlaw","CD_I1023477"
14,"Optus Stadium","North Melbourne","Fremantle",38,"RK","Tristan","Xerri","CD_I1004965"
14,"Optus Stadium","North Melbourne","Fremantle",44,"FPR","Cameron","Zurhaar","CD_I998484"
14,"Optus Stadium","North Melbourne","Fremantle",24,"FPR","Jye","Amiss","CD_I1020594"
14,"Optus Stadium","North Melbourne","Fremantle",41,"INT","Bailey","Banfield","CD_I998180"
14,"Optus Stadium","North Melbourne","Fremantle",15,"C","Shai","Bolton","CD_I993993"
14,"Optus Stadium","North Melbourne","Fremantle",8,"R","Andrew","Brayshaw","CD_I1002232"
14,"Optus Stadium","North Melbourne","Fremantle",5,"HBFL","Heath","Chapman","CD_I1013224"
14,"Optus Stadium","North Melbourne","Fremantle",6,"HBFR","Jordan","Clark","CD_I1006152"
14,"Optus Stadium","North Melbourne","Fremantle",36,"BPR","Brennan","Cox","CD_I997033"
14,"Optus Stadium","North Melbourne","Fremantle",4,"INT","Sean","Darcy","CD_I998145"
14,"Optus Stadium","North Melbourne","Fremantle",37,"FB","Joshua","Draper","CD_I1020668"
14,"Optus Stadium","North Melbourne","Fremantle",28,"INT","Neil","Erasmus","CD_I1020250"
14,"Optus Stadium","North Melbourne","Fremantle",32,"HFFL","Michael","Frederick","CD_I999321"
14,"Optus Stadium","North Melbourne","Fremantle",7,"SUB","Nat","Fyfe","CD_I291570"
14,"Optus Stadium","North Melbourne","Fremantle",9,"RK","Luke","Jackson","CD_I1009399"
14,"Optus Stadium","North Melbourne","Fremantle",44,"WR","Matthew","Johnson","CD_I1016825"
14,"Optus Stadium","North Melbourne","Fremantle",16,"HFFR","Murphy","Reid","CD_I1028513"
14,"Optus Stadium","North Melbourne","Fremantle",13,"BPL","Luke","Ryan","CD_I998659"
14,"Optus Stadium","North Melbourne","Fremantle",3,"RR","Caleb","Serong","CD_I1009420"
14,"Optus Stadium","North Melbourne","Fremantle",14,"WL","Jeremy","Sharp","CD_I1009380"
14,"Optus Stadium","North Melbourne","Fremantle",39,"CHF","Sam","Switkowski","CD_I992059"
14,"Optus Stadium","North Melbourne","Fremantle",35,"FF","Josh","Treacy","CD_I1012819"
14,"Optus Stadium","North Melbourne","Fremantle",20,"FPL","Patrick","Voss","CD_I1017754"
14,"Optus Stadium","North Melbourne","Fremantle",34,"INT","Corey","Wagner","CD_I993940"
14,"Optus Stadium","North Melbourne","Fremantle",23,"CHB","Karl","Worner","CD_I1021015"
14,"Adelaide Oval","Port Adelaide","Melbourne",21,"HBFL","Aliir","Aliir","CD_I294469"
14,"Adelaide Oval","Port Adelaide","Melbourne",14,"RR","Miles","Bergman","CD_I1009191"
14,"Adelaide Oval","Port Adelaide","Melbourne",7,"WL","Jase","Burgoyne","CD_I1013462"
14,"Adelaide Oval","Port Adelaide","Melbourne",3,"BPR","Ryan","Burton","CD_I992128"
14,"Adelaide Oval","Port Adelaide","Melbourne",9,"R","Zak","Butters","CD_I1006121"
14,"Adelaide Oval","Port Adelaide","Melbourne",33,"CHF","Darcy","Byrne-Jones","CD_I991930"
14,"Adelaide Oval","Port Adelaide","Melbourne",28,"INT","Willem","Drew","CD_I1000972"
14,"Adelaide Oval","Port Adelaide","Melbourne",6,"CHB","Kane","Farrell","CD_I1002253"
14,"Adelaide Oval","Port Adelaide","Melbourne",19,"FF","Mitch","Georgiades","CD_I1010174"
14,"Adelaide Oval","Port Adelaide","Melbourne",18,"FPL","Jason","Horne-Francis","CD_I1011640"
14,"Adelaide Oval","Port Adelaide","Melbourne",39,"SUB","Hugh","Jackson","CD_I1015330"
14,"Adelaide Oval","Port Adelaide","Melbourne",50,"INT","Mani","Liddy","CD_I1008649"
14,"Adelaide Oval","Port Adelaide","Melbourne",44,"WR","Jackson","Mead","CD_I1005326"
14,"Adelaide Oval","Port Adelaide","Melbourne",2,"HFFL","Sam","Powell-Pepper","CD_I993979"
14,"Adelaide Oval","Port Adelaide","Melbourne",27,"FB","Esava","Ratugolea","CD_I1002220"
14,"Adelaide Oval","Port Adelaide","Melbourne",35,"INT","Joe","Richards","CD_I1008239"
14,"Adelaide Oval","Port Adelaide","Melbourne",15,"HFFR","Willie","Rioli","CD_I296225"
14,"Adelaide Oval","Port Adelaide","Melbourne",1,"HBFR","Connor","Rozee","CD_I1001299"
14,"Adelaide Oval","Port Adelaide","Melbourne",8,"INT","Josh","Sinn","CD_I1017078"
14,"Adelaide Oval","Port Adelaide","Melbourne",24,"FPR","Jordon","Sweet","CD_I992330"
14,"Adelaide Oval","Port Adelaide","Melbourne",38,"RK","Dante","Visentini","CD_I1017128"
14,"Adelaide Oval","Port Adelaide","Melbourne",16,"C","Ollie","Wines","CD_I294318"
14,"Adelaide Oval","Port Adelaide","Melbourne",25,"BPL","Brandon","Zerk-Thatcher","CD_I1004034"
14,"Adelaide Oval","Port Adelaide","Melbourne",17,"BPL","Jake","Bowey","CD_I1012825"
14,"Adelaide Oval","Port Adelaide","Melbourne",37,"INT","Kade","Chandler","CD_I1005330"
14,"Adelaide Oval","Port Adelaide","Melbourne",31,"CHF","Bayley","Fritsch","CD_I1001438"
14,"Adelaide Oval","Port Adelaide","Melbourne",11,"RK","Max","Gawn","CD_I290528"
14,"Adelaide Oval","Port Adelaide","Melbourne",22,"INT","Blake","Howes","CD_I1017122"
14,"Adelaide Oval","Port Adelaide","Melbourne",15,"WL","Ed","Langdon","CD_I298264"
14,"Adelaide Oval","Port Adelaide","Melbourne",19,"HFFL","Harvey","Langford","CD_I1028546"
14,"Adelaide Oval","Port Adelaide","Melbourne",8,"CHB","Jake","Lever","CD_I298281"
14,"Adelaide Oval","Port Adelaide","Melbourne",20,"SUB","Xavier","Lindsay","CD_I1028531"
14,"Adelaide Oval","Port Adelaide","Melbourne",1,"FB","Steven","May","CD_I281085"
14,"Adelaide Oval","Port Adelaide","Melbourne",4,"HBFL","Judd","McVee","CD_I1017703"
14,"Adelaide Oval","Port Adelaide","Melbourne",18,"FPL","Jake","Melksham","CD_I280824"
14,"Adelaide Oval","Port Adelaide","Melbourne",13,"RR","Clayton","Oliver","CD_I996701"
14,"Adelaide Oval","Port Adelaide","Melbourne",5,"C","Christian","Petracca","CD_I298210"
14,"Adelaide Oval","Port Adelaide","Melbourne",35,"FF","Harrison","Petty","CD_I1008893"
14,"Adelaide Oval","Port Adelaide","Melbourne",36,"FPR","Kysaiah","Pickett","CD_I1008541"
14,"Adelaide Oval","Port Adelaide","Melbourne",24,"INT","Trent","Rivers","CD_I1009378"
14,"Adelaide Oval","Port Adelaide","Melbourne",3,"BPR","Christian","Salem","CD_I296359"
14,"Adelaide Oval","Port Adelaide","Melbourne",32,"HFFR","Tom","Sparrow","CD_I999391"
14,"Adelaide Oval","Port Adelaide","Melbourne",10,"HBFR","Daniel","Turner","CD_I1020959"
14,"Adelaide Oval","Port Adelaide","Melbourne",2,"INT","Jacob","van Rooyen","CD_I1017720"
14,"Adelaide Oval","Port Adelaide","Melbourne",7,"R","Jack","Viney","CD_I291902"
14,"Adelaide Oval","Port Adelaide","Melbourne",6,"WR","Caleb","Windsor","CD_I1027821"
14,"Optus Stadium","West Coast Eagles","Carlton",26,"C","Bo","Allan","CD_I1028449"
14,"Optus Stadium","West Coast Eagles","Carlton",12,"FF","Oscar","Allen","CD_I1004385"
14,"Optus Stadium","West Coast Eagles","Carlton",3,"HBFR","Liam","Baker","CD_I1000223"
14,"Optus Stadium","West Coast Eagles","Carlton",41,"CHB","Sandy","Brock","CD_I1013315"
14,"Optus Stadium","West Coast Eagles","Carlton",10,"FPR","Tyler","Brockman","CD_I1013511"
14,"Optus Stadium","West Coast Eagles","Carlton",15,"FPL","Jamie","Cripps","CD_I290826"
14,"Optus Stadium","West Coast Eagles","Carlton",43,"INT","Tyrell","Dewar","CD_I1023142"
14,"Optus Stadium","West Coast Eagles","Carlton",14,"HBFL","Liam","Duggan","CD_I298268"
14,"Optus Stadium","West Coast Eagles","Carlton",42,"FB","Harry","Edwards","CD_I1011437"
14,"Optus Stadium","West Coast Eagles","Carlton",25,"RK","Matt","Flynn","CD_I993902"
14,"Optus Stadium","West Coast Eagles","Carlton",7,"BPL","Reuben","Ginbey","CD_I1023025"
14,"Optus Stadium","West Coast Eagles","Carlton",17,"HFFL","Jack","Graham","CD_I990827"
14,"Optus Stadium","West Coast Eagles","Carlton",29,"SUB","Clay","Hall","CD_I1024188"
14,"Optus Stadium","West Coast Eagles","Carlton",8,"INT","Elijah","Hewett","CD_I1020670"
14,"Optus Stadium","West Coast Eagles","Carlton",5,"WR","Jayden","Hunt","CD_I994385"
14,"Optus Stadium","West Coast Eagles","Carlton",44,"INT","Jack","Hutchinson","CD_I1036098"
14,"Optus Stadium","West Coast Eagles","Carlton",11,"RR","Tim","Kelly","CD_I295898"
14,"Optus Stadium","West Coast Eagles","Carlton",23,"BPR","Ryan","Maric","CD_I1029416"
14,"Optus Stadium","West Coast Eagles","Carlton",45,"WL","Tom","McCarthy","CD_I1036124"
14,"Optus Stadium","West Coast Eagles","Carlton",9,"R","Harley","Reid","CD_I1023492"
14,"Optus Stadium","West Coast Eagles","Carlton",1,"HFFR","Liam","Ryan","CD_I1004364"
14,"Optus Stadium","West Coast Eagles","Carlton",32,"INT","Bailey J.","Williams","CD_I1006114"
14,"Optus Stadium","West Coast Eagles","Carlton",34,"CHF","Jack","Williams","CD_I1020371"
14,"Optus Stadium","West Coast Eagles","Carlton",13,"WR","Blake","Acres","CD_I296294"
14,"Optus Stadium","West Coast Eagles","Carlton",25,"WL","Jaxon","Binns","CD_I1023533"
14,"Optus Stadium","West Coast Eagles","Carlton",32,"HBFR","Matthew","Carroll","CD_I1027964"
14,"Optus Stadium","West Coast Eagles","Carlton",5,"RR","Adam","Cerra","CD_I1002239"
14,"Optus Stadium","West Coast Eagles","Carlton",39,"R","Alex","Cincotta","CD_I1016268"
14,"Optus Stadium","West Coast Eagles","Carlton",9,"C","Patrick","Cripps","CD_I990704"
14,"Optus Stadium","West Coast Eagles","Carlton",30,"FF","Charlie","Curnow","CD_I996731"
14,"Optus Stadium","West Coast Eagles","Carlton",12,"RK","Tom","De Koning","CD_I1004912"
14,"Optus Stadium","West Coast Eagles","Carlton",15,"INT","Sam","Docherty","CD_I295518"
14,"Optus Stadium","West Coast Eagles","Carlton",19,"SUB","Corey","Durdin","CD_I1008510"
14,"Optus Stadium","West Coast Eagles","Carlton",14,"HFFL","Orazio","Fantasia","CD_I296334"
14,"Optus Stadium","West Coast Eagles","Carlton",8,"INT","Lachie","Fogarty","CD_I1002228"
14,"Optus Stadium","West Coast Eagles","Carlton",26,"HBFL","Nick","Haynes","CD_I295265"
14,"Optus Stadium","West Coast Eagles","Carlton",29,"FPR","George","Hewett","CD_I294036"
14,"Optus Stadium","West Coast Eagles","Carlton",4,"BPR","Oliver","Hollands","CD_I1023495"
14,"Optus Stadium","West Coast Eagles","Carlton",36,"INT","Cooper","Lord","CD_I1032108"
14,"Optus Stadium","West Coast Eagles","Carlton",11,"INT","Mitch","McGovern","CD_I297255"
14,"Optus Stadium","West Coast Eagles","Carlton",3,"FPL","Jesse","Motlop","CD_I1017700"
14,"Optus Stadium","West Coast Eagles","Carlton",40,"CHF","Hudson","O'Keeffe","CD_I1023489"
14,"Optus Stadium","West Coast Eagles","Carlton",42,"CHB","Adam","Saad","CD_I295461"
14,"Optus Stadium","West Coast Eagles","Carlton",1,"BPL","Jack","Silvagni","CD_I1001028"
14,"Optus Stadium","West Coast Eagles","Carlton",23,"FB","Jacob","Weitering","CD_I993832"
14,"Optus Stadium","West Coast Eagles","Carlton",6,"HFFR","Zac","Williams","CD_I294685"
15,"Optus Stadium","Fremantle","Essendon",11,"SUB","James","Aish","CD_I295067"
15,"Optus Stadium","Fremantle","Essendon",24,"FPR","Jye","Amiss","CD_I1020594"
15,"Optus Stadium","Fremantle","Essendon",41,"INT","Bailey","Banfield","CD_I998180"
15,"Optus Stadium","Fremantle","Essendon",15,"C","Shai","Bolton","CD_I993993"
15,"Optus Stadium","Fremantle","Essendon",8,"R","Andrew","Brayshaw","CD_I1002232"
15,"Optus Stadium","Fremantle","Essendon",5,"HBFL","Heath","Chapman","CD_I1013224"
15,"Optus Stadium","Fremantle","Essendon",6,"HBFR","Jordan","Clark","CD_I1006152"
15,"Optus Stadium","Fremantle","Essendon",36,"BPR","Brennan","Cox","CD_I997033"
15,"Optus Stadium","Fremantle","Essendon",37,"FB","Joshua","Draper","CD_I1020668"
15,"Optus Stadium","Fremantle","Essendon",28,"INT","Neil","Erasmus","CD_I1020250"
15,"Optus Stadium","Fremantle","Essendon",32,"HFFR","Michael","Frederick","CD_I999321"
15,"Optus Stadium","Fremantle","Essendon",7,"CHF","Nat","Fyfe","CD_I291570"
15,"Optus Stadium","Fremantle","Essendon",9,"RK","Luke","Jackson","CD_I1009399"
15,"Optus Stadium","Fremantle","Essendon",44,"WL","Matthew","Johnson","CD_I1016825"
15,"Optus Stadium","Fremantle","Essendon",30,"WR","Nathan","O'Driscoll","CD_I1013220"
15,"Optus Stadium","Fremantle","Essendon",16,"HFFL","Murphy","Reid","CD_I1028513"
15,"Optus Stadium","Fremantle","Essendon",13,"BPL","Luke","Ryan","CD_I998659"
15,"Optus Stadium","Fremantle","Essendon",3,"RR","Caleb","Serong","CD_I1009420"
15,"Optus Stadium","Fremantle","Essendon",14,"INT","Jeremy","Sharp","CD_I1009380"
15,"Optus Stadium","Fremantle","Essendon",35,"FF","Josh","Treacy","CD_I1012819"
15,"Optus Stadium","Fremantle","Essendon",20,"FPL","Patrick","Voss","CD_I1017754"
15,"Optus Stadium","Fremantle","Essendon",34,"INT","Corey","Wagner","CD_I993940"
15,"Optus Stadium","Fremantle","Essendon",23,"CHB","Karl","Worner","CD_I1021015"
15,"Optus Stadium","Fremantle","Essendon",46,"HFFL","Lachlan","Blakiston","CD_I1028196"
15,"Optus Stadium","Fremantle","Essendon",30,"CHF","Nate","Caddy","CD_I1027899"
15,"Optus Stadium","Fremantle","Essendon",6,"RR","Jye","Caldwell","CD_I1006103"
15,"Optus Stadium","Fremantle","Essendon",36,"HBFR","Angus","Clarke","CD_I1027284"
15,"Optus Stadium","Fremantle","Essendon",28,"INT","Xavier","Duursma","CD_I1006096"
15,"Optus Stadium","Fremantle","Essendon",11,"HBFL","Jade","Gresham","CD_I298421"
15,"Optus Stadium","Fremantle","Essendon",35,"WR","Matt","Guelfi","CD_I996232"
15,"Optus Stadium","Fremantle","Essendon",8,"INT","Ben","Hobbs","CD_I1017088"
15,"Optus Stadium","Fremantle","Essendon",40,"INT","Zak","Johnson","CD_I1028519"
15,"Optus Stadium","Fremantle","Essendon",10,"FPR","Isaac","Kako","CD_I1028554"
15,"Optus Stadium","Fremantle","Essendon",15,"FB","Jayden","Laverde","CD_I298280"
15,"Optus Stadium","Fremantle","Essendon",34,"INT","Luamon","Lual","CD_I1027706"
15,"Optus Stadium","Fremantle","Essendon",37,"HFFR","Nic","Martin","CD_I1012013"
15,"Optus Stadium","Fremantle","Essendon",26,"FPL","Archer","May","CD_I1029084"
15,"Optus Stadium","Fremantle","Essendon",1,"BPL","Andrew","McGrath","CD_I998102"
15,"Optus Stadium","Fremantle","Essendon",7,"C","Zach","Merrett","CD_I992016"
15,"Optus Stadium","Fremantle","Essendon",3,"R","Darcy","Parish","CD_I993817"
15,"Optus Stadium","Fremantle","Essendon",16,"SUB","Archie","Perkins","CD_I1015873"
15,"Optus Stadium","Fremantle","Essendon",25,"CHB","Jaxon","Prior","CD_I1009386"
15,"Optus Stadium","Fremantle","Essendon",21,"BPR","Archie","Roberts","CD_I1023515"
15,"Optus Stadium","Fremantle","Essendon",12,"WL","Will","Setterfield","CD_I998215"
15,"Optus Stadium","Fremantle","Essendon",39,"RK","Vigo","Visentini","CD_I1027966"
15,"Optus Stadium","Fremantle","Essendon",20,"FF","Peter","Wright","CD_I298289"
15,"GMHBA Stadium","Geelong Cats","Brisbane Lions",30,"R","Tom","Atkins","CD_I994386"
15,"GMHBA Stadium","Geelong Cats","Brisbane Lions",46,"BPR","Mark","Blicavs","CD_I296733"
15,"GMHBA Stadium","Geelong Cats","Brisbane Lions",5,"FF","Jeremy","Cameron","CD_I293845"
15,"GMHBA Stadium","Geelong Cats","Brisbane Lions",45,"HFFL","Brad","Close","CD_I999326"
15,"GMHBA Stadium","Geelong Cats","Brisbane Lions",35,"FPL","Patrick","Dangerfield","CD_I270917"
15,"GMHBA Stadium","Geelong Cats","Brisbane Lions",28,"WR","Oliver","Dempsey","CD_I1025034"
15,"GMHBA Stadium","Geelong Cats","Brisbane Lions",22,"INT","Mitch","Duncan","CD_I281065"
15,"GMHBA Stadium","Geelong Cats","Brisbane Lions",39,"CHB","Zach","Guthrie","CD_I1004870"
15,"GMHBA Stadium","Geelong Cats","Brisbane Lions",38,"FB","Jack","Henry","CD_I1000937"
15,"GMHBA Stadium","Geelong Cats","Brisbane Lions",36,"SUB","Oliver","Henry","CD_I1012860"
15,"GMHBA Stadium","Geelong Cats","Brisbane Lions",9,"C","Max","Holmes","CD_I1015889"
15,"GMHBA Stadium","Geelong Cats","Brisbane Lions",17,"INT","Lawson","Humphries","CD_I1013464"
15,"GMHBA Stadium","Geelong Cats","Brisbane Lions",7,"CHF","Shaun","Mannagh","CD_I993878"
15,"GMHBA Stadium","Geelong Cats","Brisbane Lions",19,"WL","Jack","Martin","CD_I296190"
15,"GMHBA Stadium","Geelong Cats","Brisbane Lions",32,"INT","Gryan","Miers","CD_I1004938"
15,"GMHBA Stadium","Geelong Cats","Brisbane Lions",34,"HBFR","Oisin","Mullin","CD_I1024982"
15,"GMHBA Stadium","Geelong Cats","Brisbane Lions",33,"FPR","Shannon","Neale","CD_I1016433"
15,"GMHBA Stadium","Geelong Cats","Brisbane Lions",42,"INT","Mark","O'Connor","CD_I1007102"
15,"GMHBA Stadium","Geelong Cats","Brisbane Lions",14,"BPL","Connor","O'Sullivan","CD_I1027877"
15,"GMHBA Stadium","Geelong Cats","Brisbane Lions",3,"RR","Bailey","Smith","CD_I1006130"
15,"GMHBA Stadium","Geelong Cats","Brisbane Lions",1,"RK","Rhys","Stanley","CD_I280317"
15,"GMHBA Stadium","Geelong Cats","Brisbane Lions",18,"HFFR","Tyson","Stengle","CD_I997230"
15,"GMHBA Stadium","Geelong Cats","Brisbane Lions",44,"HBFL","Tom","Stewart","CD_I291800"
15,"GMHBA Stadium","Geelong Cats","Brisbane Lions",31,"CHB","Harris","Andrews","CD_I996059"
15,"GMHBA Stadium","Geelong Cats","Brisbane Lions",43,"HBFL","Noah","Answerth","CD_I1005053"
15,"GMHBA Stadium","Geelong Cats","Brisbane Lions",10,"INT","Levi","Ashcroft","CD_I1028560"
15,"GMHBA Stadium","Geelong Cats","Brisbane Lions",8,"INT","Will","Ashcroft","CD_I1023517"
15,"GMHBA Stadium","Geelong Cats","Brisbane Lions",33,"WL","Zac","Bailey","CD_I1002312"
15,"GMHBA Stadium","Geelong Cats","Brisbane Lions",7,"WR","Jarrod","Berry","CD_I998133"
15,"GMHBA Stadium","Geelong Cats","Brisbane Lions",23,"HFFL","Charlie","Cameron","CD_I990609"
15,"GMHBA Stadium","Geelong Cats","Brisbane Lions",14,"HFFR","Sam","Day","CD_I291753"
15,"GMHBA Stadium","Geelong Cats","Brisbane Lions",5,"RR","Josh","Dunkley","CD_I993834"
15,"GMHBA Stadium","Geelong Cats","Brisbane Lions",3,"FB","Jaspa","Fletcher","CD_I1023708"
15,"GMHBA Stadium","Geelong Cats","Brisbane Lions",32,"RK","Darcy","Fort","CD_I298211"
15,"GMHBA Stadium","Geelong Cats","Brisbane Lions",30,"CHF","Eric","Hipwood","CD_I993953"
15,"GMHBA Stadium","Geelong Cats","Brisbane Lions",35,"BPR","Ryan","Lester","CD_I291548"
15,"GMHBA Stadium","Geelong Cats","Brisbane Lions",1,"FPR","Kai","Lohmann","CD_I1014026"
15,"GMHBA Stadium","Geelong Cats","Brisbane Lions",6,"C","Hugh","McCluggage","CD_I1000978"
15,"GMHBA Stadium","Geelong Cats","Brisbane Lions",28,"INT","Will","McLachlan","CD_I1029405"
15,"GMHBA Stadium","Geelong Cats","Brisbane Lions",13,"FF","Logan","Morris","CD_I1028019"
15,"GMHBA Stadium","Geelong Cats","Brisbane Lions",9,"R","Lachie","Neale","CD_I293535"
15,"GMHBA Stadium","Geelong Cats","Brisbane Lions",16,"FPL","Cam","Rayner","CD_I1002235"
15,"GMHBA Stadium","Geelong Cats","Brisbane Lions",38,"SUB","Bruce","Reville","CD_I1009317"
15,"GMHBA Stadium","Geelong Cats","Brisbane Lions",37,"HBFR","Brandon","Starcevich","CD_I1002401"
15,"GMHBA Stadium","Geelong Cats","Brisbane Lions",44,"INT","Darcy","Wilmot","CD_I1017067"
15,"GMHBA Stadium","Geelong Cats","Brisbane Lions",15,"BPL","Dayne","Zorko","CD_I261224"
15,"MCG","Carlton","North Melbourne",13,"WR","Blake","Acres","CD_I296294"
15,"MCG","Carlton","North Melbourne",25,"FPL","Jaxon","Binns","CD_I1023533"
15,"MCG","Carlton","North Melbourne",32,"INT","Matthew","Carroll","CD_I1027964"
15,"MCG","Carlton","North Melbourne",5,"RR","Adam","Cerra","CD_I1002239"
15,"MCG","Carlton","North Melbourne",39,"BPR","Alex","Cincotta","CD_I1016268"
15,"MCG","Carlton","North Melbourne",9,"C","Patrick","Cripps","CD_I990704"
15,"MCG","Carlton","North Melbourne",30,"FF","Charlie","Curnow","CD_I996731"
15,"MCG","Carlton","North Melbourne",12,"RK","Tom","De Koning","CD_I1004912"
15,"MCG","Carlton","North Melbourne",15,"WL","Sam","Docherty","CD_I295518"
15,"MCG","Carlton","North Melbourne",19,"HFFL","Corey","Durdin","CD_I1008510"
15,"MCG","Carlton","North Melbourne",14,"INT","Orazio","Fantasia","CD_I296334"
15,"MCG","Carlton","North Melbourne",8,"FPR","Lachie","Fogarty","CD_I1002228"
15,"MCG","Carlton","North Melbourne",26,"BPL","Nick","Haynes","CD_I295265"
15,"MCG","Carlton","North Melbourne",29,"R","George","Hewett","CD_I294036"
15,"MCG","Carlton","North Melbourne",4,"HBFL","Oliver","Hollands","CD_I1023495"
15,"MCG","Carlton","North Melbourne",36,"INT","Cooper","Lord","CD_I1032108"
15,"MCG","Carlton","North Melbourne",11,"CHF","Mitch","McGovern","CD_I297255"
15,"MCG","Carlton","North Melbourne",3,"SUB","Jesse","Motlop","CD_I1017700"
15,"MCG","Carlton","North Melbourne",27,"HFFR","Marc","Pittonet","CD_I298290"
15,"MCG","Carlton","North Melbourne",42,"HBFR","Adam","Saad","CD_I295461"
15,"MCG","Carlton","North Melbourne",1,"CHB","Jack","Silvagni","CD_I1001028"
15,"MCG","Carlton","North Melbourne",23,"FB","Jacob","Weitering","CD_I993832"
15,"MCG","Carlton","North Melbourne",6,"INT","Zac","Williams","CD_I294685"
15,"MCG","Carlton","North Melbourne",30,"BPL","Charlie","Comben","CD_I1015781"
15,"MCG","Carlton","North Melbourne",25,"FPL","Paul","Curtis","CD_I1002947"
15,"MCG","Carlton","North Melbourne",5,"CHB","Caleb","Daniel","CD_I295136"
15,"MCG","Carlton","North Melbourne",28,"FF","Jack","Darling","CD_I290838"
15,"MCG","Carlton","North Melbourne",9,"C","Luke","Davies-Uniacke","CD_I1002267"
15,"MCG","Carlton","North Melbourne",16,"SUB","Zac","Fisher","CD_I999827"
15,"MCG","Carlton","North Melbourne",46,"INT","Robert","Hansen Jr","CD_I1023144"
15,"MCG","Carlton","North Melbourne",17,"INT","Riley","Hardeman","CD_I1023625"
15,"MCG","Carlton","North Melbourne",41,"INT","Jacob","Konstanty","CD_I1023530"
15,"MCG","Carlton","North Melbourne",20,"CHF","Nick","Larkey","CD_I1001017"
15,"MCG","Carlton","North Melbourne",19,"BPR","Griffin","Logue","CD_I997933"
15,"MCG","Carlton","North Melbourne",11,"HBFR","Luke","McDonald","CD_I296355"
15,"MCG","Carlton","North Melbourne",10,"HFFR","Colby","McKercher","CD_I1024272"
15,"MCG","Carlton","North Melbourne",2,"HBFL","Finn","O'Sullivan","CD_I1028495"
15,"MCG","Carlton","North Melbourne",26,"RR","Luke","Parker","CD_I290778"
15,"MCG","Carlton","North Melbourne",32,"FB","Toby","Pink","CD_I1002138"
15,"MCG","Carlton","North Melbourne",24,"HFFL","Tom","Powell","CD_I1011659"
15,"MCG","Carlton","North Melbourne",3,"R","Harry","Sheezel","CD_I1023518"
15,"MCG","Carlton","North Melbourne",12,"WR","Jy","Simpkin","CD_I993998"
15,"MCG","Carlton","North Melbourne",15,"WL","Dylan","Stephens","CD_I1004848"
15,"MCG","Carlton","North Melbourne",6,"INT","George","Wardlaw","CD_I1023477"
15,"MCG","Carlton","North Melbourne",38,"RK","Tristan","Xerri","CD_I1004965"
15,"MCG","Carlton","North Melbourne",44,"FPR","Cameron","Zurhaar","CD_I998484"
15,"Adelaide Oval","Port Adelaide","Sydney Swans",14,"RR","Miles","Bergman","CD_I1009191"
15,"Adelaide Oval","Port Adelaide","Sydney Swans",7,"WL","Jase","Burgoyne","CD_I1013462"
15,"Adelaide Oval","Port Adelaide","Sydney Swans",3,"INT","Ryan","Burton","CD_I992128"
15,"Adelaide Oval","Port Adelaide","Sydney Swans",9,"R","Zak","Butters","CD_I1006121"
15,"Adelaide Oval","Port Adelaide","Sydney Swans",33,"CHF","Darcy","Byrne-Jones","CD_I991930"
15,"Adelaide Oval","Port Adelaide","Sydney Swans",28,"C","Willem","Drew","CD_I1000972"
15,"Adelaide Oval","Port Adelaide","Sydney Swans",6,"CHB","Kane","Farrell","CD_I1002253"
15,"Adelaide Oval","Port Adelaide","Sydney Swans",11,"SUB","Jeremy","Finlayson","CD_I298111"
15,"Adelaide Oval","Port Adelaide","Sydney Swans",19,"FF","Mitch","Georgiades","CD_I1010174"
15,"Adelaide Oval","Port Adelaide","Sydney Swans",18,"FPL","Jason","Horne-Francis","CD_I1011640"
15,"Adelaide Oval","Port Adelaide","Sydney Swans",34,"BPR","Lachie","Jones","CD_I1011583"
15,"Adelaide Oval","Port Adelaide","Sydney Swans",50,"INT","Mani","Liddy","CD_I1008649"
15,"Adelaide Oval","Port Adelaide","Sydney Swans",44,"WR","Jackson","Mead","CD_I1005326"
15,"Adelaide Oval","Port Adelaide","Sydney Swans",31,"INT","Christian","Moraes","CD_I1028563"
15,"Adelaide Oval","Port Adelaide","Sydney Swans",2,"HFFL","Sam","Powell-Pepper","CD_I993979"
15,"Adelaide Oval","Port Adelaide","Sydney Swans",27,"FB","Esava","Ratugolea","CD_I1002220"
15,"Adelaide Oval","Port Adelaide","Sydney Swans",35,"INT","Joe","Richards","CD_I1008239"
15,"Adelaide Oval","Port Adelaide","Sydney Swans",15,"HFFR","Willie","Rioli","CD_I296225"
15,"Adelaide Oval","Port Adelaide","Sydney Swans",1,"HBFR","Connor","Rozee","CD_I1001299"
15,"Adelaide Oval","Port Adelaide","Sydney Swans",8,"HBFL","Josh","Sinn","CD_I1017078"
15,"Adelaide Oval","Port Adelaide","Sydney Swans",24,"FPR","Jordon","Sweet","CD_I992330"
15,"Adelaide Oval","Port Adelaide","Sydney Swans",38,"RK","Dante","Visentini","CD_I1017128"
15,"Adelaide Oval","Port Adelaide","Sydney Swans",25,"BPL","Brandon","Zerk-Thatcher","CD_I1004034"
15,"Adelaide Oval","Port Adelaide","Sydney Swans",36,"FF","Joel","Amartey","CD_I1008091"
15,"Adelaide Oval","Port Adelaide","Sydney Swans",26,"SUB","Riley","Bice","CD_I1008224"
15,"Adelaide Oval","Port Adelaide","Sydney Swans",22,"CHB","Nick","Blakey","CD_I1006028"
15,"Adelaide Oval","Port Adelaide","Sydney Swans",16,"INT","Braeden","Campbell","CD_I1013133"
15,"Adelaide Oval","Port Adelaide","Sydney Swans",7,"BPL","Harry","Cunningham","CD_I291978"
15,"Adelaide Oval","Port Adelaide","Sydney Swans",10,"INT","Aaron","Francis","CD_I990816"
15,"Adelaide Oval","Port Adelaide","Sydney Swans",4,"RK","Brodie","Grundy","CD_I293957"
15,"Adelaide Oval","Port Adelaide","Sydney Swans",21,"WL","Errol","Gulden","CD_I1013128"
15,"Adelaide Oval","Port Adelaide","Sydney Swans",9,"CHF","Will","Hayward","CD_I997100"
15,"Adelaide Oval","Port Adelaide","Sydney Swans",5,"RR","Isaac","Heeney","CD_I298539"
15,"Adelaide Oval","Port Adelaide","Sydney Swans",17,"FPR","James","Jordon","CD_I1013409"
15,"Adelaide Oval","Port Adelaide","Sydney Swans",30,"FB","Tom","McCartin","CD_I1008198"
15,"Adelaide Oval","Port Adelaide","Sydney Swans",27,"HFFR","Justin","McInerney","CD_I1011936"
15,"Adelaide Oval","Port Adelaide","Sydney Swans",2,"HFFL","Hayden","McLean","CD_I1003203"
15,"Adelaide Oval","Port Adelaide","Sydney Swans",43,"BPR","Lewis","Melican","CD_I996743"
15,"Adelaide Oval","Port Adelaide","Sydney Swans",14,"WR","Callum","Mills","CD_I993905"
15,"Adelaide Oval","Port Adelaide","Sydney Swans",11,"FPL","Tom","Papley","CD_I996765"
15,"Adelaide Oval","Port Adelaide","Sydney Swans",24,"INT","Dane","Rampe","CD_I290307"
15,"Adelaide Oval","Port Adelaide","Sydney Swans",34,"HBFL","Matt","Roberts","CD_I1012210"
15,"Adelaide Oval","Port Adelaide","Sydney Swans",8,"R","James","Rowbottom","CD_I1006126"
15,"Adelaide Oval","Port Adelaide","Sydney Swans",12,"INT","Angus","Sheldrick","CD_I1020339"
15,"Adelaide Oval","Port Adelaide","Sydney Swans",1,"C","Chad","Warner","CD_I1012014"
15,"Adelaide Oval","Port Adelaide","Sydney Swans",15,"HBFR","Sam","Wicks","CD_I1006232"
15,"Marvel Stadium","Collingwood","St Kilda",16,"INT","Edward","Allan","CD_I1022915"
15,"Marvel Stadium","Collingwood","St Kilda",14,"RK","Darcy","Cameron","CD_I990291"
15,"Marvel Stadium","Collingwood","St Kilda",25,"WL","Jack","Crisp","CD_I293871"
15,"Marvel Stadium","Collingwood","St Kilda",7,"HBFL","Josh","Daicos","CD_I1005054"
15,"Marvel Stadium","Collingwood","St Kilda",35,"R","Nick","Daicos","CD_I1023261"
15,"Marvel Stadium","Collingwood","St Kilda",5,"INT","Jamie","Elliott","CD_I293801"
15,"Marvel Stadium","Collingwood","St Kilda",17,"BPL","Billy","Frampton","CD_I991773"
15,"Marvel Stadium","Collingwood","St Kilda",23,"HFFL","Bobby","Hill","CD_I1006148"
15,"Marvel Stadium","Collingwood","St Kilda",32,"INT","Will","Hoskin-Elliott","CD_I291720"
15,"Marvel Stadium","Collingwood","St Kilda",9,"BPR","Dan","Houston","CD_I994295"
15,"Marvel Stadium","Collingwood","St Kilda",38,"FB","Jeremy","Howe","CD_I291313"
15,"Marvel Stadium","Collingwood","St Kilda",1,"FPL","Patrick","Lipinski","CD_I1003130"
15,"Marvel Stadium","Collingwood","St Kilda",44,"RR","Ned","Long","CD_I1017124"
15,"Marvel Stadium","Collingwood","St Kilda",31,"HFFR","Beau","McCreery","CD_I1004757"
15,"Marvel Stadium","Collingwood","St Kilda",11,"FPR","Daniel","McStay","CD_I297504"
15,"Marvel Stadium","Collingwood","St Kilda",28,"CHF","Tim","Membrey","CD_I294596"
15,"Marvel Stadium","Collingwood","St Kilda",41,"FF","Brody","Mihocek","CD_I291849"
15,"Marvel Stadium","Collingwood","St Kilda",30,"CHB","Darcy","Moore","CD_I298288"
15,"Marvel Stadium","Collingwood","St Kilda",10,"C","Scott","Pendlebury","CD_I260257"
15,"Marvel Stadium","Collingwood","St Kilda",12,"INT","Harry","Perryman","CD_I998205"
15,"Marvel Stadium","Collingwood","St Kilda",3,"HBFR","Isaac","Quaynor","CD_I1008089"
15,"Marvel Stadium","Collingwood","St Kilda",22,"WR","Steele","Sidebottom","CD_I280965"
15,"Marvel Stadium","Collingwood","St Kilda",33,"SUB","Lachlan","Sullivan","CD_I998480"
15,"Marvel Stadium","Collingwood","St Kilda",25,"EMERG","Mattaes","Phillipou","CD_I1020137"
15,"Marvel Stadium","Collingwood","St Kilda",16,"WR","Dan","Butler","CD_I992374"
15,"Marvel Stadium","Collingwood","St Kilda",13,"INT","Ryan","Byrnes","CD_I1011994"
15,"Marvel Stadium","Collingwood","St Kilda",47,"INT","Anthony","Caminiti","CD_I1023784"
15,"Marvel Stadium","Collingwood","St Kilda",11,"INT","Hunter","Clark","CD_I1002264"
15,"Marvel Stadium","Collingwood","St Kilda",40,"CHF","Max","Hall","CD_I1020855"
15,"Marvel Stadium","Collingwood","St Kilda",1,"HFFL","Jack","Higgins","CD_I1002227"
15,"Marvel Stadium","Collingwood","St Kilda",8,"FPL","Bradley","Hill","CD_I295584"
15,"Marvel Stadium","Collingwood","St Kilda",17,"INT","Isaac","Keeler","CD_I1015323"
15,"Marvel Stadium","Collingwood","St Kilda",6,"RR","Jack","Macrae","CD_I295467"
15,"Marvel Stadium","Collingwood","St Kilda",19,"RK","Rowan","Marshall","CD_I992468"
15,"Marvel Stadium","Collingwood","St Kilda",10,"FPR","Mitch","Owens","CD_I1023272"
15,"Marvel Stadium","Collingwood","St Kilda",43,"FF","Cooper","Sharman","CD_I1018018"
15,"Marvel Stadium","Collingwood","St Kilda",35,"C","Jack","Sinclair","CD_I994389"
15,"Marvel Stadium","Collingwood","St Kilda",9,"R","Jack","Steele","CD_I296205"
15,"Marvel Stadium","Collingwood","St Kilda",14,"HBFL","Liam","Stocker","CD_I1008312"
15,"Marvel Stadium","Collingwood","St Kilda",26,"HBFR","Alixzander","Tauru","CD_I1030433"
15,"Marvel Stadium","Collingwood","St Kilda",5,"SUB","Tobie","Travaglia","CD_I1028538"
15,"Marvel Stadium","Collingwood","St Kilda",7,"CHB","Nasiah","Wanganeen-Milera","CD_I1015507"
15,"Marvel Stadium","Collingwood","St Kilda",29,"BPR","Jimmy","Webster","CD_I290757"
15,"Marvel Stadium","Collingwood","St Kilda",44,"FB","Callum","Wilkie","CD_I296422"
15,"Marvel Stadium","Collingwood","St Kilda",22,"HFFR","Darcy","Wilson","CD_I1027875"
15,"Marvel Stadium","Collingwood","St Kilda",2,"BPL","Marcus","Windhager","CD_I1023270"
15,"Marvel Stadium","Collingwood","St Kilda",32,"WL","Mason","Wood","CD_I295340"
15,"ENGIE Stadium","GWS GIANTS","Gold Coast SUNS",21,"FB","Leek","Aleer","CD_I1008691"
15,"ENGIE Stadium","GWS GIANTS","Gold Coast SUNS",9,"WL","Ryan","Angwin","CD_I1015777"
15,"ENGIE Stadium","GWS GIANTS","Gold Coast SUNS",7,"HBFR","Lachie","Ash","CD_I1009253"
15,"ENGIE Stadium","GWS GIANTS","Gold Coast SUNS",14,"C","Toby","Bedford","CD_I1008139"
15,"ENGIE Stadium","GWS GIANTS","Gold Coast SUNS",46,"INT","Callum","Brown","CD_I1014038"
15,"ENGIE Stadium","GWS GIANTS","Gold Coast SUNS",44,"CHB","Jack","Buckley","CD_I1009708"
15,"ENGIE Stadium","GWS GIANTS","Gold Coast SUNS",5,"CHF","Aaron","Cadman","CD_I1019038"
15,"ENGIE Stadium","GWS GIANTS","Gold Coast SUNS",17,"RR","Finn","Callaghan","CD_I1023266"
15,"ENGIE Stadium","GWS GIANTS","Gold Coast SUNS",37,"BPR","Joe","Fonti","CD_I1032629"
15,"ENGIE Stadium","GWS GIANTS","Gold Coast SUNS",12,"R","Tom","Green","CD_I1009528"
15,"ENGIE Stadium","GWS GIANTS","Gold Coast SUNS",4,"FPR","Toby","Greene","CD_I295344"
15,"ENGIE Stadium","GWS GIANTS","Gold Coast SUNS",27,"INT","Harry","Himmelberg","CD_I993107"
15,"ENGIE Stadium","GWS GIANTS","Gold Coast SUNS",23,"FF","Jesse","Hogan","CD_I296324"
15,"ENGIE Stadium","GWS GIANTS","Gold Coast SUNS",39,"BPL","Connor","Idun","CD_I1008083"
15,"ENGIE Stadium","GWS GIANTS","Gold Coast SUNS",2,"HFFR","Darcy","Jones","CD_I1020650"
15,"ENGIE Stadium","GWS GIANTS","Gold Coast SUNS",22,"WR","Josh","Kelly","CD_I296347"
15,"ENGIE Stadium","GWS GIANTS","Gold Coast SUNS",41,"RK","Nicholas","Madden","CD_I1023743"
15,"ENGIE Stadium","GWS GIANTS","Gold Coast SUNS",33,"HFFL","Xavier","O'Halloran","CD_I1006135"
15,"ENGIE Stadium","GWS GIANTS","Gold Coast SUNS",26,"INT","Jake","Riccardi","CD_I1008123"
15,"ENGIE Stadium","GWS GIANTS","Gold Coast SUNS",24,"INT","Harry","Rowston","CD_I1021122"
15,"ENGIE Stadium","GWS GIANTS","Gold Coast SUNS",20,"SUB","Jake","Stringer","CD_I293884"
15,"ENGIE Stadium","GWS GIANTS","Gold Coast SUNS",1,"FPL","Harvey","Thomas","CD_I1027925"
15,"ENGIE Stadium","GWS GIANTS","Gold Coast SUNS",6,"HBFL","Lachie","Whitfield","CD_I294305"
15,"ENGIE Stadium","GWS GIANTS","Gold Coast SUNS",9,"HFFL","Ben","Ainsworth","CD_I998130"
15,"ENGIE Stadium","GWS GIANTS","Gold Coast SUNS",15,"R","Noah","Anderson","CD_I1009199"
15,"ENGIE Stadium","GWS GIANTS","Gold Coast SUNS",1,"FB","Mac","Andrew","CD_I1017396"
15,"ENGIE Stadium","GWS GIANTS","Gold Coast SUNS",35,"INT","Connor","Budarick","CD_I1008454"
15,"ENGIE Stadium","GWS GIANTS","Gold Coast SUNS",33,"WL","Sam","Clohesy","CD_I1013257"
15,"ENGIE Stadium","GWS GIANTS","Gold Coast SUNS",25,"BPR","Sam","Collins","CD_I295446"
15,"ENGIE Stadium","GWS GIANTS","Gold Coast SUNS",8,"WR","Brayden","Fiorini","CD_I993799"
15,"ENGIE Stadium","GWS GIANTS","Gold Coast SUNS",3,"CHF","Sam","Flanders","CD_I1009260"
15,"ENGIE Stadium","GWS GIANTS","Gold Coast SUNS",7,"SUB","Nick","Holman","CD_I297456"
15,"ENGIE Stadium","GWS GIANTS","Gold Coast SUNS",19,"HFFR","Bailey","Humphrey","CD_I1023500"
15,"ENGIE Stadium","GWS GIANTS","Gold Coast SUNS",40,"INT","Joel","Jeffrey","CD_I1005992"
15,"ENGIE Stadium","GWS GIANTS","Gold Coast SUNS",34,"FPR","Ben","King","CD_I1006144"
15,"ENGIE Stadium","GWS GIANTS","Gold Coast SUNS",22,"FPL","Ben","Long","CD_I993917"
15,"ENGIE Stadium","GWS GIANTS","Gold Coast SUNS",11,"RR","Touk","Miller","CD_I298272"
15,"ENGIE Stadium","GWS GIANTS","Gold Coast SUNS",2,"HBFL","John","Noble","CD_I1000072"
15,"ENGIE Stadium","GWS GIANTS","Gold Coast SUNS",27,"CHB","Wil","Powell","CD_I1007881"
15,"ENGIE Stadium","GWS GIANTS","Gold Coast SUNS",20,"INT","Ethan","Read","CD_I1027033"
15,"ENGIE Stadium","GWS GIANTS","Gold Coast SUNS",17,"HBFR","Daniel","Rioli","CD_I1000981"
15,"ENGIE Stadium","GWS GIANTS","Gold Coast SUNS",18,"C","Matt","Rowell","CD_I1009208"
15,"ENGIE Stadium","GWS GIANTS","Gold Coast SUNS",32,"BPL","Bodhi","Uwland","CD_I1017665"
15,"ENGIE Stadium","GWS GIANTS","Gold Coast SUNS",4,"FF","Jed","Walter","CD_I1023736"
15,"ENGIE Stadium","GWS GIANTS","Gold Coast SUNS",14,"INT","Lachie","Weller","CD_I298524"
15,"ENGIE Stadium","GWS GIANTS","Gold Coast SUNS",28,"RK","Jarrod","Witts","CD_I291975"
15,"Marvel Stadium","Western Bulldogs","Richmond",4,"RR","Marcus","Bontempelli","CD_I297373"
15,"Marvel Stadium","Western Bulldogs","Richmond",29,"INT","Lachlan","Bramble","CD_I1000864"
15,"Marvel Stadium","Western Bulldogs","Richmond",17,"BPL","Nick","Coffield","CD_I1005717"
15,"Marvel Stadium","Western Bulldogs","Richmond",31,"HBFR","Bailey","Dale","CD_I996708"
15,"Marvel Stadium","Western Bulldogs","Richmond",10,"FF","Sam","Darcy","CD_I1017126"
15,"Marvel Stadium","Western Bulldogs","Richmond",42,"HBFL","Sam","Davidson","CD_I1036123"
15,"Marvel Stadium","Western Bulldogs","Richmond",26,"INT","Josh","Dolan","CD_I1034235"
15,"Marvel Stadium","Western Bulldogs","Richmond",44,"RK","Tim","English","CD_I1004592"
15,"Marvel Stadium","Western Bulldogs","Richmond",27,"WR","Joel","Freijah","CD_I1027704"
15,"Marvel Stadium","Western Bulldogs","Richmond",22,"WL","James","Harmes","CD_I297899"
15,"Marvel Stadium","Western Bulldogs","Richmond",6,"INT","Cooper","Hynes","CD_I1029456"
15,"Marvel Stadium","Western Bulldogs","Richmond",8,"HFFR","Matthew","Kennedy","CD_I1001398"
15,"Marvel Stadium","Western Bulldogs","Richmond",24,"SUB","Buku","Khamis","CD_I998782"
15,"Marvel Stadium","Western Bulldogs","Richmond",21,"R","Tom","Liberatore","CD_I290799"
15,"Marvel Stadium","Western Bulldogs","Richmond",7,"CHB","Rory","Lobb","CD_I990740"
15,"Marvel Stadium","Western Bulldogs","Richmond",30,"INT","Lachlan","McNeil","CD_I1009015"
15,"Marvel Stadium","Western Bulldogs","Richmond",33,"CHF","Aaron","Naughton","CD_I1002404"
15,"Marvel Stadium","Western Bulldogs","Richmond",18,"FB","James","O'Donnell","CD_I1032966"
15,"Marvel Stadium","Western Bulldogs","Richmond",20,"C","Ed","Richards","CD_I1008280"
15,"Marvel Stadium","Western Bulldogs","Richmond",1,"HFFL","Adam","Treloar","CD_I291790"
15,"Marvel Stadium","Western Bulldogs","Richmond",23,"FPL","Laitham","Vandermeer","CD_I1005000"
15,"Marvel Stadium","Western Bulldogs","Richmond",14,"FPR","Rhylee","West","CD_I1006127"
15,"Marvel Stadium","Western Bulldogs","Richmond",34,"BPR","Bailey","Williams","CD_I992351"
15,"Marvel Stadium","Western Bulldogs","Richmond",29,"SUB","Jasper","Alger","CD_I1028537"
15,"Marvel Stadium","Western Bulldogs","Richmond",21,"FB","Noah","Balta","CD_I1002245"
15,"Marvel Stadium","Western Bulldogs","Richmond",41,"CHB","Sam","Banks","CD_I1013197"
15,"Marvel Stadium","Western Bulldogs","Richmond",35,"BPR","Nathan","Broad","CD_I295203"
15,"Marvel Stadium","Western Bulldogs","Richmond",30,"INT","Tom","Brown","CD_I1017086"
15,"Marvel Stadium","Western Bulldogs","Richmond",44,"HFFL","Seth","Campbell","CD_I1023275"
15,"Marvel Stadium","Western Bulldogs","Richmond",26,"FPR","Jonty","Faull","CD_I1028498"
15,"Marvel Stadium","Western Bulldogs","Richmond",48,"HFFR","Steely","Green","CD_I1023056"
15,"Marvel Stadium","Western Bulldogs","Richmond",2,"R","Jacob","Hopper","CD_I993903"
15,"Marvel Stadium","Western Bulldogs","Richmond",19,"FF","Tom","Lynch","CD_I293813"
15,"Marvel Stadium","Western Bulldogs","Richmond",7,"FPL","Rhyan","Mansell","CD_I1008478"
15,"Marvel Stadium","Western Bulldogs","Richmond",33,"INT","Kamdyn","McIntosh","CD_I294592"
15,"Marvel Stadium","Western Bulldogs","Richmond",12,"BPL","Ben","Miller","CD_I1002403"
15,"Marvel Stadium","Western Bulldogs","Richmond",25,"RK","Toby","Nankervis","CD_I298174"
15,"Marvel Stadium","Western Bulldogs","Richmond",3,"C","Dion","Prestia","CD_I290627"
15,"Marvel Stadium","Western Bulldogs","Richmond",13,"WL","Hugo","Ralphsmith","CD_I1011985"
15,"Marvel Stadium","Western Bulldogs","Richmond",5,"CHF","Jack","Ross","CD_I1006133"
15,"Marvel Stadium","Western Bulldogs","Richmond",38,"INT","Thomas","Sims","CD_I1018996"
15,"Marvel Stadium","Western Bulldogs","Richmond",49,"HBFL","Kaleb","Smith","CD_I1022999"
15,"Marvel Stadium","Western Bulldogs","Richmond",40,"INT","Tyler","Sonsie","CD_I1017114"
15,"Marvel Stadium","Western Bulldogs","Richmond",14,"RR","Tim","Taranto","CD_I998172"
15,"Marvel Stadium","Western Bulldogs","Richmond",31,"WR","Luke","Trainor","CD_I1028521"
15,"Marvel Stadium","Western Bulldogs","Richmond",1,"HBFR","Nick","Vlastuin","CD_I294674"
16,"Adelaide Oval","Port Adelaide","Carlton",21,"BPR","Aliir","Aliir","CD_I294469"
16,"Adelaide Oval","Port Adelaide","Carlton",14,"RR","Miles","Bergman","CD_I1009191"
16,"Adelaide Oval","Port Adelaide","Carlton",10,"INT","Travis","Boak","CD_I250365"
16,"Adelaide Oval","Port Adelaide","Carlton",7,"WL","Jase","Burgoyne","CD_I1013462"
16,"Adelaide Oval","Port Adelaide","Carlton",9,"R","Zak","Butters","CD_I1006121"
16,"Adelaide Oval","Port Adelaide","Carlton",33,"CHF","Darcy","Byrne-Jones","CD_I991930"
16,"Adelaide Oval","Port Adelaide","Carlton",28,"C","Willem","Drew","CD_I1000972"
16,"Adelaide Oval","Port Adelaide","Carlton",22,"SUB","Logan","Evans","CD_I1019938"
16,"Adelaide Oval","Port Adelaide","Carlton",6,"CHB","Kane","Farrell","CD_I1002253"
16,"Adelaide Oval","Port Adelaide","Carlton",19,"FF","Mitch","Georgiades","CD_I1010174"
16,"Adelaide Oval","Port Adelaide","Carlton",18,"FPL","Jason","Horne-Francis","CD_I1011640"
16,"Adelaide Oval","Port Adelaide","Carlton",39,"INT","Hugh","Jackson","CD_I1015330"
16,"Adelaide Oval","Port Adelaide","Carlton",34,"INT","Lachie","Jones","CD_I1011583"
16,"Adelaide Oval","Port Adelaide","Carlton",50,"WR","Mani","Liddy","CD_I1008649"
16,"Adelaide Oval","Port Adelaide","Carlton",2,"HFFL","Sam","Powell-Pepper","CD_I993979"
16,"Adelaide Oval","Port Adelaide","Carlton",27,"FB","Esava","Ratugolea","CD_I1002220"
16,"Adelaide Oval","Port Adelaide","Carlton",35,"INT","Joe","Richards","CD_I1008239"
16,"Adelaide Oval","Port Adelaide","Carlton",15,"HFFR","Willie","Rioli","CD_I296225"
16,"Adelaide Oval","Port Adelaide","Carlton",1,"HBFR","Connor","Rozee","CD_I1001299"
16,"Adelaide Oval","Port Adelaide","Carlton",8,"HBFL","Josh","Sinn","CD_I1017078"
16,"Adelaide Oval","Port Adelaide","Carlton",24,"RK","Jordon","Sweet","CD_I992330"
16,"Adelaide Oval","Port Adelaide","Carlton",38,"FPR","Dante","Visentini","CD_I1017128"
16,"Adelaide Oval","Port Adelaide","Carlton",25,"BPL","Brandon","Zerk-Thatcher","CD_I1004034"
16,"Adelaide Oval","Port Adelaide","Carlton",13,"WR","Blake","Acres","CD_I296294"
16,"Adelaide Oval","Port Adelaide","Carlton",37,"BPL","Jordan","Boyd","CD_I1002795"
16,"Adelaide Oval","Port Adelaide","Carlton",5,"INT","Adam","Cerra","CD_I1002239"
16,"Adelaide Oval","Port Adelaide","Carlton",39,"HFFL","Alex","Cincotta","CD_I1016268"
16,"Adelaide Oval","Port Adelaide","Carlton",9,"C","Patrick","Cripps","CD_I990704"
16,"Adelaide Oval","Port Adelaide","Carlton",30,"FF","Charlie","Curnow","CD_I996731"
16,"Adelaide Oval","Port Adelaide","Carlton",12,"RK","Tom","De Koning","CD_I1004912"
16,"Adelaide Oval","Port Adelaide","Carlton",15,"HBFR","Sam","Docherty","CD_I295518"
16,"Adelaide Oval","Port Adelaide","Carlton",14,"BPR","Orazio","Fantasia","CD_I296334"
16,"Adelaide Oval","Port Adelaide","Carlton",8,"INT","Lachie","Fogarty","CD_I1002228"
16,"Adelaide Oval","Port Adelaide","Carlton",26,"INT","Nick","Haynes","CD_I295265"
16,"Adelaide Oval","Port Adelaide","Carlton",29,"RR","George","Hewett","CD_I294036"
16,"Adelaide Oval","Port Adelaide","Carlton",4,"R","Oliver","Hollands","CD_I1023495"
16,"Adelaide Oval","Port Adelaide","Carlton",36,"WL","Cooper","Lord","CD_I1032108"
16,"Adelaide Oval","Port Adelaide","Carlton",11,"CHF","Mitch","McGovern","CD_I297255"
16,"Adelaide Oval","Port Adelaide","Carlton",3,"FPL","Jesse","Motlop","CD_I1017700"
16,"Adelaide Oval","Port Adelaide","Carlton",42,"HBFL","Adam","Saad","CD_I295461"
16,"Adelaide Oval","Port Adelaide","Carlton",1,"CHB","Jack","Silvagni","CD_I1001028"
16,"Adelaide Oval","Port Adelaide","Carlton",23,"FB","Jacob","Weitering","CD_I993832"
16,"Adelaide Oval","Port Adelaide","Carlton",6,"FPR","Zac","Williams","CD_I294685"
16,"Adelaide Oval","Port Adelaide","Carlton",35,"HFFR","Billy","Wilson","CD_I1027678"
16,"Adelaide Oval","Port Adelaide","Carlton",45,"SUB","Flynn","Young","CD_I1020877"
16,"Adelaide Oval","Port Adelaide","Carlton",33,"INT","Lewis","Young","CD_I997316"
16,"SCG","Sydney Swans","Western Bulldogs",22,"CHB","Nick","Blakey","CD_I1006028"
16,"SCG","Sydney Swans","Western Bulldogs",39,"HFFR","Jack","Buller","CD_I1009392"
16,"SCG","Sydney Swans","Western Bulldogs",16,"INT","Braeden","Campbell","CD_I1013133"
16,"SCG","Sydney Swans","Western Bulldogs",7,"BPL","Harry","Cunningham","CD_I291978"
16,"SCG","Sydney Swans","Western Bulldogs",13,"SUB","Oliver","Florent","CD_I998103"
16,"SCG","Sydney Swans","Western Bulldogs",10,"FF","Aaron","Francis","CD_I990816"
16,"SCG","Sydney Swans","Western Bulldogs",4,"RK","Brodie","Grundy","CD_I293957"
16,"SCG","Sydney Swans","Western Bulldogs",21,"WL","Errol","Gulden","CD_I1013128"
16,"SCG","Sydney Swans","Western Bulldogs",9,"CHF","Will","Hayward","CD_I997100"
16,"SCG","Sydney Swans","Western Bulldogs",5,"RR","Isaac","Heeney","CD_I298539"
16,"SCG","Sydney Swans","Western Bulldogs",17,"FPR","James","Jordon","CD_I1013409"
16,"SCG","Sydney Swans","Western Bulldogs",44,"WR","Jake","Lloyd","CD_I295342"
16,"SCG","Sydney Swans","Western Bulldogs",27,"R","Justin","McInerney","CD_I1011936"
16,"SCG","Sydney Swans","Western Bulldogs",2,"HFFL","Hayden","McLean","CD_I1003203"
16,"SCG","Sydney Swans","Western Bulldogs",43,"BPR","Lewis","Melican","CD_I996743"
16,"SCG","Sydney Swans","Western Bulldogs",14,"FB","Callum","Mills","CD_I993905"
16,"SCG","Sydney Swans","Western Bulldogs",11,"FPL","Tom","Papley","CD_I996765"
16,"SCG","Sydney Swans","Western Bulldogs",24,"INT","Dane","Rampe","CD_I290307"
16,"SCG","Sydney Swans","Western Bulldogs",34,"HBFL","Matt","Roberts","CD_I1012210"
16,"SCG","Sydney Swans","Western Bulldogs",8,"INT","James","Rowbottom","CD_I1006126"
16,"SCG","Sydney Swans","Western Bulldogs",12,"INT","Angus","Sheldrick","CD_I1020339"
16,"SCG","Sydney Swans","Western Bulldogs",1,"C","Chad","Warner","CD_I1012014"
16,"SCG","Sydney Swans","Western Bulldogs",15,"HBFR","Sam","Wicks","CD_I1006232"
16,"SCG","Sydney Swans","Western Bulldogs",4,"RR","Marcus","Bontempelli","CD_I297373"
16,"SCG","Sydney Swans","Western Bulldogs",29,"INT","Lachlan","Bramble","CD_I1000864"
16,"SCG","Sydney Swans","Western Bulldogs",17,"BPL","Nick","Coffield","CD_I1005717"
16,"SCG","Sydney Swans","Western Bulldogs",31,"HBFR","Bailey","Dale","CD_I996708"
16,"SCG","Sydney Swans","Western Bulldogs",10,"FF","Sam","Darcy","CD_I1017126"
16,"SCG","Sydney Swans","Western Bulldogs",42,"HFFL","Sam","Davidson","CD_I1036123"
16,"SCG","Sydney Swans","Western Bulldogs",44,"RK","Tim","English","CD_I1004592"
16,"SCG","Sydney Swans","Western Bulldogs",27,"WR","Joel","Freijah","CD_I1027704"
16,"SCG","Sydney Swans","Western Bulldogs",22,"INT","James","Harmes","CD_I297899"
16,"SCG","Sydney Swans","Western Bulldogs",6,"INT","Cooper","Hynes","CD_I1029456"
16,"SCG","Sydney Swans","Western Bulldogs",39,"HBFL","Jason","Johannisen","CD_I294101"
16,"SCG","Sydney Swans","Western Bulldogs",8,"HFFR","Matthew","Kennedy","CD_I1001398"
16,"SCG","Sydney Swans","Western Bulldogs",24,"SUB","Buku","Khamis","CD_I998782"
16,"SCG","Sydney Swans","Western Bulldogs",21,"R","Tom","Liberatore","CD_I290799"
16,"SCG","Sydney Swans","Western Bulldogs",7,"CHB","Rory","Lobb","CD_I990740"
16,"SCG","Sydney Swans","Western Bulldogs",30,"INT","Lachlan","McNeil","CD_I1009015"
16,"SCG","Sydney Swans","Western Bulldogs",33,"CHF","Aaron","Naughton","CD_I1002404"
16,"SCG","Sydney Swans","Western Bulldogs",18,"FB","James","O'Donnell","CD_I1032966"
16,"SCG","Sydney Swans","Western Bulldogs",20,"C","Ed","Richards","CD_I1008280"
16,"SCG","Sydney Swans","Western Bulldogs",9,"WL","Ryley","Sanders","CD_I1017939"
16,"SCG","Sydney Swans","Western Bulldogs",23,"FPL","Laitham","Vandermeer","CD_I1005000"
16,"SCG","Sydney Swans","Western Bulldogs",14,"FPR","Rhylee","West","CD_I1006127"
16,"SCG","Sydney Swans","Western Bulldogs",34,"BPR","Bailey","Williams","CD_I992351"
16,"People First Stadium","Gold Coast SUNS","Melbourne",9,"HFFL","Ben","Ainsworth","CD_I998130"
16,"People First Stadium","Gold Coast SUNS","Melbourne",15,"R","Noah","Anderson","CD_I1009199"
16,"People First Stadium","Gold Coast SUNS","Melbourne",1,"FB","Mac","Andrew","CD_I1017396"
16,"People First Stadium","Gold Coast SUNS","Melbourne",35,"INT","Connor","Budarick","CD_I1008454"
16,"People First Stadium","Gold Coast SUNS","Melbourne",33,"INT","Sam","Clohesy","CD_I1013257"
16,"People First Stadium","Gold Coast SUNS","Melbourne",25,"BPR","Sam","Collins","CD_I295446"
16,"People First Stadium","Gold Coast SUNS","Melbourne",8,"WR","Brayden","Fiorini","CD_I993799"
16,"People First Stadium","Gold Coast SUNS","Melbourne",3,"CHF","Sam","Flanders","CD_I1009260"
16,"People First Stadium","Gold Coast SUNS","Melbourne",19,"HFFR","Bailey","Humphrey","CD_I1023500"
16,"People First Stadium","Gold Coast SUNS","Melbourne",40,"INT","Joel","Jeffrey","CD_I1005992"
16,"People First Stadium","Gold Coast SUNS","Melbourne",34,"FPR","Ben","King","CD_I1006144"
16,"People First Stadium","Gold Coast SUNS","Melbourne",22,"FPL","Ben","Long","CD_I993917"
16,"People First Stadium","Gold Coast SUNS","Melbourne",11,"RR","Touk","Miller","CD_I298272"
16,"People First Stadium","Gold Coast SUNS","Melbourne",2,"HBFL","John","Noble","CD_I1000072"
16,"People First Stadium","Gold Coast SUNS","Melbourne",27,"CHB","Wil","Powell","CD_I1007881"
16,"People First Stadium","Gold Coast SUNS","Melbourne",20,"INT","Ethan","Read","CD_I1027033"
16,"People First Stadium","Gold Coast SUNS","Melbourne",17,"HBFR","Daniel","Rioli","CD_I1000981"
16,"People First Stadium","Gold Coast SUNS","Melbourne",18,"C","Matt","Rowell","CD_I1009208"
16,"People First Stadium","Gold Coast SUNS","Melbourne",6,"SUB","Alex","Sexton","CD_I294643"
16,"People First Stadium","Gold Coast SUNS","Melbourne",32,"BPL","Bodhi","Uwland","CD_I1017665"
16,"People First Stadium","Gold Coast SUNS","Melbourne",4,"FF","Jed","Walter","CD_I1023736"
16,"People First Stadium","Gold Coast SUNS","Melbourne",14,"WL","Lachie","Weller","CD_I298524"
16,"People First Stadium","Gold Coast SUNS","Melbourne",28,"RK","Jarrod","Witts","CD_I291975"
16,"People First Stadium","Gold Coast SUNS","Melbourne",17,"BPL","Jake","Bowey","CD_I1012825"
16,"People First Stadium","Gold Coast SUNS","Melbourne",37,"HFFR","Kade","Chandler","CD_I1005330"
16,"People First Stadium","Gold Coast SUNS","Melbourne",31,"CHF","Bayley","Fritsch","CD_I1001438"
16,"People First Stadium","Gold Coast SUNS","Melbourne",11,"RK","Max","Gawn","CD_I290528"
16,"People First Stadium","Gold Coast SUNS","Melbourne",22,"BPR","Blake","Howes","CD_I1017122"
16,"People First Stadium","Gold Coast SUNS","Melbourne",21,"FF","Matthew","Jefferson","CD_I1023486"
16,"People First Stadium","Gold Coast SUNS","Melbourne",15,"WR","Ed","Langdon","CD_I298264"
16,"People First Stadium","Gold Coast SUNS","Melbourne",19,"INT","Harvey","Langford","CD_I1028546"
16,"People First Stadium","Gold Coast SUNS","Melbourne",20,"HBFR","Xavier","Lindsay","CD_I1028531"
16,"People First Stadium","Gold Coast SUNS","Melbourne",1,"FB","Steven","May","CD_I281085"
16,"People First Stadium","Gold Coast SUNS","Melbourne",4,"HBFL","Judd","McVee","CD_I1017703"
16,"People First Stadium","Gold Coast SUNS","Melbourne",18,"FPL","Jake","Melksham","CD_I280824"
16,"People First Stadium","Gold Coast SUNS","Melbourne",13,"RR","Clayton","Oliver","CD_I996701"
16,"People First Stadium","Gold Coast SUNS","Melbourne",5,"C","Christian","Petracca","CD_I298210"
16,"People First Stadium","Gold Coast SUNS","Melbourne",35,"INT","Harrison","Petty","CD_I1008893"
16,"People First Stadium","Gold Coast SUNS","Melbourne",36,"FPR","Kysaiah","Pickett","CD_I1008541"
16,"People First Stadium","Gold Coast SUNS","Melbourne",24,"R","Trent","Rivers","CD_I1009378"
16,"People First Stadium","Gold Coast SUNS","Melbourne",3,"INT","Christian","Salem","CD_I296359"
16,"People First Stadium","Gold Coast SUNS","Melbourne",30,"SUB","Harry","Sharp","CD_I1007099"
16,"People First Stadium","Gold Coast SUNS","Melbourne",32,"WL","Tom","Sparrow","CD_I999391"
16,"People First Stadium","Gold Coast SUNS","Melbourne",12,"INT","Koltyn","Tholstrup","CD_I1023640"
16,"People First Stadium","Gold Coast SUNS","Melbourne",10,"CHB","Daniel","Turner","CD_I1020959"
16,"People First Stadium","Gold Coast SUNS","Melbourne",7,"HFFL","Jack","Viney","CD_I291902"
16,"University of Tasmania Stadium","Hawthorn","North Melbourne",10,"BPR","Karl","Amon","CD_I297354"
16,"University of Tasmania Stadium","Hawthorn","North Melbourne",37,"FB","Tom","Barrass","CD_I990290"
16,"University of Tasmania Stadium","Hawthorn","North Melbourne",24,"BPL","Josh","Battle","CD_I998134"
16,"University of Tasmania Stadium","Hawthorn","North Melbourne",30,"INT","Sam","Butler","CD_I1010708"
16,"University of Tasmania Stadium","Hawthorn","North Melbourne",18,"FF","Mabior","Chol","CD_I994077"
16,"University of Tasmania Stadium","Hawthorn","North Melbourne",16,"WL","Massimo","D'Ambrosio","CD_I1005144"
16,"University of Tasmania Stadium","Hawthorn","North Melbourne",33,"FPR","Jack","Ginnivan","CD_I1012857"
16,"University of Tasmania Stadium","Hawthorn","North Melbourne",19,"CHF","Jack","Gunston","CD_I291351"
16,"University of Tasmania Stadium","Hawthorn","North Melbourne",15,"HFFL","Blake","Hardwick","CD_I993794"
16,"University of Tasmania Stadium","Hawthorn","North Melbourne",4,"HBFL","Jarman","Impey","CD_I296254"
16,"University of Tasmania Stadium","Hawthorn","North Melbourne",9,"INT","Changkuoth","Jiath","CD_I998390"
16,"University of Tasmania Stadium","Hawthorn","North Melbourne",31,"INT","Connor","Macdonald","CD_I1017094"
16,"University of Tasmania Stadium","Hawthorn","North Melbourne",28,"INT","Cam","Mackenzie","CD_I1023482"
16,"University of Tasmania Stadium","Hawthorn","North Melbourne",17,"RK","Lloyd","Meek","CD_I1000980"
16,"University of Tasmania Stadium","Hawthorn","North Melbourne",40,"SUB","Seamus","Mitchell","CD_I1018016"
16,"University of Tasmania Stadium","Hawthorn","North Melbourne",13,"WR","Dylan","Moore","CD_I1006314"
16,"University of Tasmania Stadium","Hawthorn","North Melbourne",1,"HBFR","Harry","Morrison","CD_I1000963"
16,"University of Tasmania Stadium","Hawthorn","North Melbourne",11,"C","Conor","Nash","CD_I1007124"
16,"University of Tasmania Stadium","Hawthorn","North Melbourne",3,"RR","Jai","Newcombe","CD_I1020895"
16,"University of Tasmania Stadium","Hawthorn","North Melbourne",38,"FPL","Max","Ramsden","CD_I1027965"
16,"University of Tasmania Stadium","Hawthorn","North Melbourne",25,"R","Josh","Ward","CD_I1017110"
16,"University of Tasmania Stadium","Hawthorn","North Melbourne",34,"HFFR","Nick","Watson","CD_I1023473"
16,"University of Tasmania Stadium","Hawthorn","North Melbourne",23,"CHB","Josh","Weddle","CD_I1027935"
16,"University of Tasmania Stadium","Hawthorn","North Melbourne",25,"FPL","Paul","Curtis","CD_I1002947"
16,"University of Tasmania Stadium","Hawthorn","North Melbourne",5,"CHB","Caleb","Daniel","CD_I295136"
16,"University of Tasmania Stadium","Hawthorn","North Melbourne",28,"FF","Jack","Darling","CD_I290838"
16,"University of Tasmania Stadium","Hawthorn","North Melbourne",9,"C","Luke","Davies-Uniacke","CD_I1002267"
16,"University of Tasmania Stadium","Hawthorn","North Melbourne",18,"RR","Wil","Dawson","CD_I1028551"
16,"University of Tasmania Stadium","Hawthorn","North Melbourne",16,"INT","Zac","Fisher","CD_I999827"
16,"University of Tasmania Stadium","Hawthorn","North Melbourne",46,"SUB","Robert","Hansen Jr","CD_I1023144"
16,"University of Tasmania Stadium","Hawthorn","North Melbourne",17,"INT","Riley","Hardeman","CD_I1023625"
16,"University of Tasmania Stadium","Hawthorn","North Melbourne",41,"INT","Jacob","Konstanty","CD_I1023530"
16,"University of Tasmania Stadium","Hawthorn","North Melbourne",20,"CHF","Nick","Larkey","CD_I1001017"
16,"University of Tasmania Stadium","Hawthorn","North Melbourne",19,"BPR","Griffin","Logue","CD_I997933"
16,"University of Tasmania Stadium","Hawthorn","North Melbourne",11,"BPL","Luke","McDonald","CD_I296355"
16,"University of Tasmania Stadium","Hawthorn","North Melbourne",10,"HFFR","Colby","McKercher","CD_I1024272"
16,"University of Tasmania Stadium","Hawthorn","North Melbourne",2,"HBFL","Finn","O'Sullivan","CD_I1028495"
16,"University of Tasmania Stadium","Hawthorn","North Melbourne",26,"HFFL","Luke","Parker","CD_I290778"
16,"University of Tasmania Stadium","Hawthorn","North Melbourne",32,"FB","Toby","Pink","CD_I1002138"
16,"University of Tasmania Stadium","Hawthorn","North Melbourne",24,"R","Tom","Powell","CD_I1011659"
16,"University of Tasmania Stadium","Hawthorn","North Melbourne",3,"HBFR","Harry","Sheezel","CD_I1023518"
16,"University of Tasmania Stadium","Hawthorn","North Melbourne",12,"WR","Jy","Simpkin","CD_I993998"
16,"University of Tasmania Stadium","Hawthorn","North Melbourne",15,"WL","Dylan","Stephens","CD_I1004848"
16,"University of Tasmania Stadium","Hawthorn","North Melbourne",6,"INT","George","Wardlaw","CD_I1023477"
16,"University of Tasmania Stadium","Hawthorn","North Melbourne",38,"RK","Tristan","Xerri","CD_I1004965"
16,"University of Tasmania Stadium","Hawthorn","North Melbourne",44,"FPR","Cameron","Zurhaar","CD_I998484"
16,"Marvel Stadium","Collingwood","West Coast Eagles",16,"WR","Edward","Allan","CD_I1022915"
16,"Marvel Stadium","Collingwood","West Coast Eagles",14,"RK","Darcy","Cameron","CD_I990291"
16,"Marvel Stadium","Collingwood","West Coast Eagles",25,"WL","Jack","Crisp","CD_I293871"
16,"Marvel Stadium","Collingwood","West Coast Eagles",7,"HBFL","Josh","Daicos","CD_I1005054"
16,"Marvel Stadium","Collingwood","West Coast Eagles",35,"R","Nick","Daicos","CD_I1023261"
16,"Marvel Stadium","Collingwood","West Coast Eagles",43,"BPL","Charlie","Dean","CD_I1009197"
16,"Marvel Stadium","Collingwood","West Coast Eagles",5,"HFFR","Jamie","Elliott","CD_I293801"
16,"Marvel Stadium","Collingwood","West Coast Eagles",32,"FPL","Will","Hoskin-Elliott","CD_I291720"
16,"Marvel Stadium","Collingwood","West Coast Eagles",9,"BPR","Dan","Houston","CD_I994295"
16,"Marvel Stadium","Collingwood","West Coast Eagles",38,"FB","Jeremy","Howe","CD_I291313"
16,"Marvel Stadium","Collingwood","West Coast Eagles",1,"HFFL","Patrick","Lipinski","CD_I1003130"
16,"Marvel Stadium","Collingwood","West Coast Eagles",44,"RR","Ned","Long","CD_I1017124"
16,"Marvel Stadium","Collingwood","West Coast Eagles",37,"SUB","Oleg","Markov","CD_I298358"
16,"Marvel Stadium","Collingwood","West Coast Eagles",11,"INT","Daniel","McStay","CD_I297504"
16,"Marvel Stadium","Collingwood","West Coast Eagles",28,"CHF","Tim","Membrey","CD_I294596"
16,"Marvel Stadium","Collingwood","West Coast Eagles",41,"FPR","Brody","Mihocek","CD_I291849"
16,"Marvel Stadium","Collingwood","West Coast Eagles",30,"CHB","Darcy","Moore","CD_I298288"
16,"Marvel Stadium","Collingwood","West Coast Eagles",10,"C","Scott","Pendlebury","CD_I260257"
16,"Marvel Stadium","Collingwood","West Coast Eagles",12,"HBFR","Harry","Perryman","CD_I998205"
16,"Marvel Stadium","Collingwood","West Coast Eagles",3,"INT","Isaac","Quaynor","CD_I1008089"
16,"Marvel Stadium","Collingwood","West Coast Eagles",22,"INT","Steele","Sidebottom","CD_I280965"
16,"Marvel Stadium","Collingwood","West Coast Eagles",33,"INT","Lachlan","Sullivan","CD_I998480"
16,"Marvel Stadium","Collingwood","West Coast Eagles",29,"FF","Charlie","West","CD_I1027382"
16,"Marvel Stadium","Collingwood","West Coast Eagles",26,"INT","Bo","Allan","CD_I1028449"
16,"Marvel Stadium","Collingwood","West Coast Eagles",3,"HBFR","Liam","Baker","CD_I1000223"
16,"Marvel Stadium","Collingwood","West Coast Eagles",41,"BPR","Sandy","Brock","CD_I1013315"
16,"Marvel Stadium","Collingwood","West Coast Eagles",10,"HFFL","Tyler","Brockman","CD_I1013511"
16,"Marvel Stadium","Collingwood","West Coast Eagles",15,"INT","Jamie","Cripps","CD_I290826"
16,"Marvel Stadium","Collingwood","West Coast Eagles",14,"HBFL","Liam","Duggan","CD_I298268"
16,"Marvel Stadium","Collingwood","West Coast Eagles",42,"FB","Harry","Edwards","CD_I1011437"
16,"Marvel Stadium","Collingwood","West Coast Eagles",25,"RK","Matt","Flynn","CD_I993902"
16,"Marvel Stadium","Collingwood","West Coast Eagles",7,"CHB","Reuben","Ginbey","CD_I1023025"
16,"Marvel Stadium","Collingwood","West Coast Eagles",17,"HFFR","Jack","Graham","CD_I990827"
16,"Marvel Stadium","Collingwood","West Coast Eagles",29,"WR","Clay","Hall","CD_I1024188"
16,"Marvel Stadium","Collingwood","West Coast Eagles",8,"FPL","Elijah","Hewett","CD_I1020670"
16,"Marvel Stadium","Collingwood","West Coast Eagles",19,"C","Brady","Hough","CD_I1023167"
16,"Marvel Stadium","Collingwood","West Coast Eagles",5,"SUB","Jayden","Hunt","CD_I994385"
16,"Marvel Stadium","Collingwood","West Coast Eagles",44,"WL","Jack","Hutchinson","CD_I1036098"
16,"Marvel Stadium","Collingwood","West Coast Eagles",11,"INT","Tim","Kelly","CD_I295898"
16,"Marvel Stadium","Collingwood","West Coast Eagles",23,"BPL","Ryan","Maric","CD_I1029416"
16,"Marvel Stadium","Collingwood","West Coast Eagles",45,"RR","Tom","McCarthy","CD_I1036124"
16,"Marvel Stadium","Collingwood","West Coast Eagles",9,"R","Harley","Reid","CD_I1023492"
16,"Marvel Stadium","Collingwood","West Coast Eagles",1,"FPR","Liam","Ryan","CD_I1004364"
16,"Marvel Stadium","Collingwood","West Coast Eagles",35,"CHF","Jobe","Shanahan","CD_I1031913"
16,"Marvel Stadium","Collingwood","West Coast Eagles",32,"INT","Bailey J.","Williams","CD_I1006114"
16,"Marvel Stadium","Collingwood","West Coast Eagles",34,"FF","Jack","Williams","CD_I1020371"
16,"MCG","Richmond","Adelaide Crows",29,"INT","Jasper","Alger","CD_I1028537"
16,"MCG","Richmond","Adelaide Crows",21,"BPR","Noah","Balta","CD_I1002245"
16,"MCG","Richmond","Adelaide Crows",41,"CHB","Sam","Banks","CD_I1013197"
16,"MCG","Richmond","Adelaide Crows",46,"FB","Jacob","Blight","CD_I1013229"
16,"MCG","Richmond","Adelaide Crows",35,"HBFL","Nathan","Broad","CD_I295203"
16,"MCG","Richmond","Adelaide Crows",30,"INT","Tom","Brown","CD_I1017086"
16,"MCG","Richmond","Adelaide Crows",44,"HFFR","Seth","Campbell","CD_I1023275"
16,"MCG","Richmond","Adelaide Crows",26,"FPL","Jonty","Faull","CD_I1028498"
16,"MCG","Richmond","Adelaide Crows",48,"HFFL","Steely","Green","CD_I1023056"
16,"MCG","Richmond","Adelaide Crows",2,"R","Jacob","Hopper","CD_I993903"
16,"MCG","Richmond","Adelaide Crows",42,"INT","Mykelti","Lefau","CD_I1008747"
16,"MCG","Richmond","Adelaide Crows",19,"FF","Tom","Lynch","CD_I293813"
16,"MCG","Richmond","Adelaide Crows",7,"FPR","Rhyan","Mansell","CD_I1008478"
16,"MCG","Richmond","Adelaide Crows",33,"SUB","Kamdyn","McIntosh","CD_I294592"
16,"MCG","Richmond","Adelaide Crows",12,"BPL","Ben","Miller","CD_I1002403"
16,"MCG","Richmond","Adelaide Crows",25,"RK","Toby","Nankervis","CD_I298174"
16,"MCG","Richmond","Adelaide Crows",3,"C","Dion","Prestia","CD_I290627"
16,"MCG","Richmond","Adelaide Crows",13,"WL","Hugo","Ralphsmith","CD_I1011985"
16,"MCG","Richmond","Adelaide Crows",5,"INT","Jack","Ross","CD_I1006133"
16,"MCG","Richmond","Adelaide Crows",40,"CHF","Tyler","Sonsie","CD_I1017114"
16,"MCG","Richmond","Adelaide Crows",14,"RR","Tim","Taranto","CD_I998172"
16,"MCG","Richmond","Adelaide Crows",31,"WR","Luke","Trainor","CD_I1028521"
16,"MCG","Richmond","Adelaide Crows",1,"HBFR","Nick","Vlastuin","CD_I294674"
16,"MCG","Richmond","Adelaide Crows",3,"INT","Sam","Berry","CD_I1012807"
16,"MCG","Richmond","Adelaide Crows",41,"FB","Jordon","Butts","CD_I1004995"
16,"MCG","Richmond","Adelaide Crows",44,"WL","Isaac","Cumming","CD_I1001396"
16,"MCG","Richmond","Adelaide Crows",6,"WR","Daniel","Curtin","CD_I1024023"
16,"MCG","Richmond","Adelaide Crows",12,"C","Jordan","Dawson","CD_I992242"
16,"MCG","Richmond","Adelaide Crows",32,"FPR","Darcy","Fogarty","CD_I999331"
16,"MCG","Richmond","Adelaide Crows",20,"FPL","Mitchell","Hinge","CD_I1004863"
16,"MCG","Richmond","Adelaide Crows",48,"CHB","Mark","Keane","CD_I1013974"
16,"MCG","Richmond","Adelaide Crows",2,"HFFL","Ben","Keays","CD_I993946"
16,"MCG","Richmond","Adelaide Crows",29,"BPR","Rory","Laird","CD_I293222"
16,"MCG","Richmond","Adelaide Crows",16,"HBFL","Max","Michalanney","CD_I1015370"
16,"MCG","Richmond","Adelaide Crows",30,"HBFR","Wayne","Milera","CD_I990882"
16,"MCG","Richmond","Adelaide Crows",4,"SUB","Lachlan","Murphy","CD_I1000998"
16,"MCG","Richmond","Adelaide Crows",28,"INT","Alex","Neal-Bullen","CD_I296420"
16,"MCG","Richmond","Adelaide Crows",43,"RK","Reilly","O'Brien","CD_I297523"
16,"MCG","Richmond","Adelaide Crows",25,"R","James","Peatling","CD_I1006013"
16,"MCG","Richmond","Adelaide Crows",8,"INT","Josh","Rachele","CD_I1017051"
16,"MCG","Richmond","Adelaide Crows",23,"RR","Izak","Rankine","CD_I1001195"
16,"MCG","Richmond","Adelaide Crows",33,"INT","Brodie","Smith","CD_I291748"
16,"MCG","Richmond","Adelaide Crows",14,"HFFR","Jake","Soligo","CD_I1017109"
16,"MCG","Richmond","Adelaide Crows",7,"CHF","Riley","Thilthorpe","CD_I1008384"
16,"MCG","Richmond","Adelaide Crows",13,"FF","Taylor","Walker","CD_I280506"
16,"MCG","Richmond","Adelaide Crows",24,"BPL","Josh","Worrell","CD_I1011981"
16,"Optus Stadium","Fremantle","St Kilda",24,"FPR","Jye","Amiss","CD_I1020594"
16,"Optus Stadium","Fremantle","St Kilda",41,"INT","Bailey","Banfield","CD_I998180"
16,"Optus Stadium","Fremantle","St Kilda",15,"C","Shai","Bolton","CD_I993993"
16,"Optus Stadium","Fremantle","St Kilda",8,"R","Andrew","Brayshaw","CD_I1002232"
16,"Optus Stadium","Fremantle","St Kilda",5,"HBFL","Heath","Chapman","CD_I1013224"
16,"Optus Stadium","Fremantle","St Kilda",6,"HBFR","Jordan","Clark","CD_I1006152"
16,"Optus Stadium","Fremantle","St Kilda",36,"FB","Brennan","Cox","CD_I997033"
16,"Optus Stadium","Fremantle","St Kilda",4,"INT","Sean","Darcy","CD_I998145"
16,"Optus Stadium","Fremantle","St Kilda",43,"HFFR","Isaiah","Dudley","CD_I1011558"
16,"Optus Stadium","Fremantle","St Kilda",28,"INT","Neil","Erasmus","CD_I1020250"
16,"Optus Stadium","Fremantle","St Kilda",32,"CHF","Michael","Frederick","CD_I999321"
16,"Optus Stadium","Fremantle","St Kilda",7,"SUB","Nat","Fyfe","CD_I291570"
16,"Optus Stadium","Fremantle","St Kilda",9,"RK","Luke","Jackson","CD_I1009399"
16,"Optus Stadium","Fremantle","St Kilda",44,"WL","Matthew","Johnson","CD_I1016825"
16,"Optus Stadium","Fremantle","St Kilda",21,"BPR","Oscar","McDonald","CD_I992472"
16,"Optus Stadium","Fremantle","St Kilda",30,"WR","Nathan","O'Driscoll","CD_I1013220"
16,"Optus Stadium","Fremantle","St Kilda",16,"HFFL","Murphy","Reid","CD_I1028513"
16,"Optus Stadium","Fremantle","St Kilda",13,"BPL","Luke","Ryan","CD_I998659"
16,"Optus Stadium","Fremantle","St Kilda",3,"RR","Caleb","Serong","CD_I1009420"
16,"Optus Stadium","Fremantle","St Kilda",35,"FF","Josh","Treacy","CD_I1012819"
16,"Optus Stadium","Fremantle","St Kilda",20,"FPL","Patrick","Voss","CD_I1017754"
16,"Optus Stadium","Fremantle","St Kilda",34,"INT","Corey","Wagner","CD_I993940"
16,"Optus Stadium","Fremantle","St Kilda",23,"CHB","Karl","Worner","CD_I1021015"
16,"Optus Stadium","Fremantle","St Kilda",16,"WR","Dan","Butler","CD_I992374"
16,"Optus Stadium","Fremantle","St Kilda",47,"FPL","Anthony","Caminiti","CD_I1023784"
16,"Optus Stadium","Fremantle","St Kilda",18,"SUB","Jack","Carroll","CD_I1013233"
16,"Optus Stadium","Fremantle","St Kilda",11,"INT","Hunter","Clark","CD_I1002264"
16,"Optus Stadium","Fremantle","St Kilda",34,"C","Hugo","Garcia","CD_I1027790"
16,"Optus Stadium","Fremantle","St Kilda",40,"CHF","Max","Hall","CD_I1020855"
16,"Optus Stadium","Fremantle","St Kilda",23,"INT","Liam","Henry","CD_I1005988"
16,"Optus Stadium","Fremantle","St Kilda",1,"HFFL","Jack","Higgins","CD_I1002227"
16,"Optus Stadium","Fremantle","St Kilda",17,"INT","Isaac","Keeler","CD_I1015323"
16,"Optus Stadium","Fremantle","St Kilda",6,"RR","Jack","Macrae","CD_I295467"
16,"Optus Stadium","Fremantle","St Kilda",19,"RK","Rowan","Marshall","CD_I992468"
16,"Optus Stadium","Fremantle","St Kilda",10,"FPR","Mitch","Owens","CD_I1023272"
16,"Optus Stadium","Fremantle","St Kilda",43,"FF","Cooper","Sharman","CD_I1018018"
16,"Optus Stadium","Fremantle","St Kilda",35,"HBFR","Jack","Sinclair","CD_I994389"
16,"Optus Stadium","Fremantle","St Kilda",9,"R","Jack","Steele","CD_I296205"
16,"Optus Stadium","Fremantle","St Kilda",14,"HBFL","Liam","Stocker","CD_I1008312"
16,"Optus Stadium","Fremantle","St Kilda",26,"BPR","Alixzander","Tauru","CD_I1030433"
16,"Optus Stadium","Fremantle","St Kilda",5,"INT","Tobie","Travaglia","CD_I1028538"
16,"Optus Stadium","Fremantle","St Kilda",7,"CHB","Nasiah","Wanganeen-Milera","CD_I1015507"
16,"Optus Stadium","Fremantle","St Kilda",44,"FB","Callum","Wilkie","CD_I296422"
16,"Optus Stadium","Fremantle","St Kilda",22,"HFFR","Darcy","Wilson","CD_I1027875"
16,"Optus Stadium","Fremantle","St Kilda",2,"BPL","Marcus","Windhager","CD_I1023270"
16,"Optus Stadium","Fremantle","St Kilda",32,"WL","Mason","Wood","CD_I295340"
17,"Marvel Stadium","North Melbourne","Western Bulldogs",25,"FPL","Paul","Curtis","CD_I1002947"
17,"Marvel Stadium","North Melbourne","Western Bulldogs",5,"CHB","Caleb","Daniel","CD_I295136"
17,"Marvel Stadium","North Melbourne","Western Bulldogs",9,"C","Luke","Davies-Uniacke","CD_I1002267"
17,"Marvel Stadium","North Melbourne","Western Bulldogs",18,"BPL","Wil","Dawson","CD_I1028551"
17,"Marvel Stadium","North Melbourne","Western Bulldogs",7,"INT","Zane","Duursma","CD_I1023494"
17,"Marvel Stadium","North Melbourne","Western Bulldogs",46,"SUB","Robert","Hansen Jr","CD_I1023144"
17,"Marvel Stadium","North Melbourne","Western Bulldogs",17,"INT","Riley","Hardeman","CD_I1023625"
17,"Marvel Stadium","North Melbourne","Western Bulldogs",37,"INT","Cooper","Harvey","CD_I1020979"
17,"Marvel Stadium","North Melbourne","Western Bulldogs",41,"HFFL","Jacob","Konstanty","CD_I1023530"
17,"Marvel Stadium","North Melbourne","Western Bulldogs",20,"CHF","Nick","Larkey","CD_I1001017"
17,"Marvel Stadium","North Melbourne","Western Bulldogs",19,"BPR","Griffin","Logue","CD_I997933"
17,"Marvel Stadium","North Melbourne","Western Bulldogs",39,"FF","Finnbar","Maley","CD_I1031792"
17,"Marvel Stadium","North Melbourne","Western Bulldogs",10,"HFFR","Colby","McKercher","CD_I1024272"
17,"Marvel Stadium","North Melbourne","Western Bulldogs",2,"HBFL","Finn","O'Sullivan","CD_I1028495"
17,"Marvel Stadium","North Melbourne","Western Bulldogs",29,"INT","Will","Phillips","CD_I1012829"
17,"Marvel Stadium","North Melbourne","Western Bulldogs",32,"FB","Toby","Pink","CD_I1002138"
17,"Marvel Stadium","North Melbourne","Western Bulldogs",24,"R","Tom","Powell","CD_I1011659"
17,"Marvel Stadium","North Melbourne","Western Bulldogs",8,"HBFR","Bailey","Scott","CD_I1006058"
17,"Marvel Stadium","North Melbourne","Western Bulldogs",3,"RR","Harry","Sheezel","CD_I1023518"
17,"Marvel Stadium","North Melbourne","Western Bulldogs",12,"WR","Jy","Simpkin","CD_I993998"
17,"Marvel Stadium","North Melbourne","Western Bulldogs",15,"WL","Dylan","Stephens","CD_I1004848"
17,"Marvel Stadium","North Melbourne","Western Bulldogs",38,"RK","Tristan","Xerri","CD_I1004965"
17,"Marvel Stadium","North Melbourne","Western Bulldogs",44,"FPR","Cameron","Zurhaar","CD_I998484"
17,"Marvel Stadium","North Melbourne","Western Bulldogs",4,"RR","Marcus","Bontempelli","CD_I297373"
17,"Marvel Stadium","North Melbourne","Western Bulldogs",29,"BPL","Lachlan","Bramble","CD_I1000864"
17,"Marvel Stadium","North Melbourne","Western Bulldogs",17,"BPR","Nick","Coffield","CD_I1005717"
17,"Marvel Stadium","North Melbourne","Western Bulldogs",31,"HBFR","Bailey","Dale","CD_I996708"
17,"Marvel Stadium","North Melbourne","Western Bulldogs",10,"FF","Sam","Darcy","CD_I1017126"
17,"Marvel Stadium","North Melbourne","Western Bulldogs",15,"INT","Taylor","Duryea","CD_I290085"
17,"Marvel Stadium","North Melbourne","Western Bulldogs",44,"RK","Tim","English","CD_I1004592"
17,"Marvel Stadium","North Melbourne","Western Bulldogs",27,"WR","Joel","Freijah","CD_I1027704"
17,"Marvel Stadium","North Melbourne","Western Bulldogs",38,"FPR","Riley","Garcia","CD_I1006533"
17,"Marvel Stadium","North Melbourne","Western Bulldogs",6,"INT","Cooper","Hynes","CD_I1029456"
17,"Marvel Stadium","North Melbourne","Western Bulldogs",39,"HBFL","Jason","Johannisen","CD_I294101"
17,"Marvel Stadium","North Melbourne","Western Bulldogs",8,"HFFR","Matthew","Kennedy","CD_I1001398"
17,"Marvel Stadium","North Melbourne","Western Bulldogs",21,"R","Tom","Liberatore","CD_I290799"
17,"Marvel Stadium","North Melbourne","Western Bulldogs",7,"CHB","Rory","Lobb","CD_I990740"
17,"Marvel Stadium","North Melbourne","Western Bulldogs",30,"SUB","Lachlan","McNeil","CD_I1009015"
17,"Marvel Stadium","North Melbourne","Western Bulldogs",33,"CHF","Aaron","Naughton","CD_I1002404"
17,"Marvel Stadium","North Melbourne","Western Bulldogs",18,"FB","James","O'Donnell","CD_I1032966"
17,"Marvel Stadium","North Melbourne","Western Bulldogs",25,"HFFL","Caleb","Poulter","CD_I1011589"
17,"Marvel Stadium","North Melbourne","Western Bulldogs",20,"C","Ed","Richards","CD_I1008280"
17,"Marvel Stadium","North Melbourne","Western Bulldogs",9,"WL","Ryley","Sanders","CD_I1017939"
17,"Marvel Stadium","North Melbourne","Western Bulldogs",23,"FPL","Laitham","Vandermeer","CD_I1005000"
17,"Marvel Stadium","North Melbourne","Western Bulldogs",14,"INT","Rhylee","West","CD_I1006127"
17,"Marvel Stadium","North Melbourne","Western Bulldogs",34,"INT","Bailey","Williams","CD_I992351"
17,"MCG","Carlton","Collingwood",13,"WR","Blake","Acres","CD_I296294"
17,"MCG","Carlton","Collingwood",32,"INT","Matthew","Carroll","CD_I1027964"
17,"MCG","Carlton","Collingwood",5,"INT","Adam","Cerra","CD_I1002239"
17,"MCG","Carlton","Collingwood",2,"HBFL","Lachlan","Cowan","CD_I1021353"
17,"MCG","Carlton","Collingwood",9,"C","Patrick","Cripps","CD_I990704"
17,"MCG","Carlton","Collingwood",30,"FF","Charlie","Curnow","CD_I996731"
17,"MCG","Carlton","Collingwood",12,"CHF","Tom","De Koning","CD_I1004912"
17,"MCG","Carlton","Collingwood",15,"HBFR","Sam","Docherty","CD_I295518"
17,"MCG","Carlton","Collingwood",44,"INT","Francis","Evans","CD_I1017255"
17,"MCG","Carlton","Collingwood",14,"FPL","Orazio","Fantasia","CD_I296334"
17,"MCG","Carlton","Collingwood",8,"HFFL","Lachie","Fogarty","CD_I1002228"
17,"MCG","Carlton","Collingwood",26,"CHB","Nick","Haynes","CD_I295265"
17,"MCG","Carlton","Collingwood",29,"R","George","Hewett","CD_I294036"
17,"MCG","Carlton","Collingwood",4,"RR","Oliver","Hollands","CD_I1023495"
17,"MCG","Carlton","Collingwood",36,"WL","Cooper","Lord","CD_I1032108"
17,"MCG","Carlton","Collingwood",11,"BPR","Mitch","McGovern","CD_I297255"
17,"MCG","Carlton","Collingwood",43,"FPR","Ashton","Moir","CD_I1020097"
17,"MCG","Carlton","Collingwood",3,"INT","Jesse","Motlop","CD_I1017700"
17,"MCG","Carlton","Collingwood",22,"BPL","Harry","O'Farrell","CD_I1028526"
17,"MCG","Carlton","Collingwood",27,"RK","Marc","Pittonet","CD_I298290"
17,"MCG","Carlton","Collingwood",23,"FB","Jacob","Weitering","CD_I993832"
17,"MCG","Carlton","Collingwood",6,"HFFR","Zac","Williams","CD_I294685"
17,"MCG","Carlton","Collingwood",45,"SUB","Flynn","Young","CD_I1020877"
17,"MCG","Carlton","Collingwood",14,"RK","Darcy","Cameron","CD_I990291"
17,"MCG","Carlton","Collingwood",25,"WR","Jack","Crisp","CD_I293871"
17,"MCG","Carlton","Collingwood",7,"HBFL","Josh","Daicos","CD_I1005054"
17,"MCG","Carlton","Collingwood",35,"R","Nick","Daicos","CD_I1023261"
17,"MCG","Carlton","Collingwood",5,"FF","Jamie","Elliott","CD_I293801"
17,"MCG","Carlton","Collingwood",32,"HFFL","Will","Hoskin-Elliott","CD_I291720"
17,"MCG","Carlton","Collingwood",9,"CHB","Dan","Houston","CD_I994295"
17,"MCG","Carlton","Collingwood",38,"FB","Jeremy","Howe","CD_I291313"
17,"MCG","Carlton","Collingwood",1,"CHF","Patrick","Lipinski","CD_I1003130"
17,"MCG","Carlton","Collingwood",44,"RR","Ned","Long","CD_I1017124"
17,"MCG","Carlton","Collingwood",37,"INT","Oleg","Markov","CD_I298358"
17,"MCG","Carlton","Collingwood",4,"BPL","Brayden","Maynard","CD_I992010"
17,"MCG","Carlton","Collingwood",11,"INT","Daniel","McStay","CD_I297504"
17,"MCG","Carlton","Collingwood",28,"FPL","Tim","Membrey","CD_I294596"
17,"MCG","Carlton","Collingwood",41,"FPR","Brody","Mihocek","CD_I291849"
17,"MCG","Carlton","Collingwood",6,"INT","Tom","Mitchell","CD_I291856"
17,"MCG","Carlton","Collingwood",30,"BPR","Darcy","Moore","CD_I298288"
17,"MCG","Carlton","Collingwood",15,"SUB","Wil","Parker","CD_I1012873"
17,"MCG","Carlton","Collingwood",10,"C","Scott","Pendlebury","CD_I260257"
17,"MCG","Carlton","Collingwood",12,"INT","Harry","Perryman","CD_I998205"
17,"MCG","Carlton","Collingwood",3,"HBFR","Isaac","Quaynor","CD_I1008089"
17,"MCG","Carlton","Collingwood",45,"WL","Roan","Steele","CD_I1027501"
17,"MCG","Carlton","Collingwood",33,"HFFR","Lachlan","Sullivan","CD_I998480"
17,"Optus Stadium","West Coast Eagles","GWS GIANTS",26,"INT","Bo","Allan","CD_I1028449"
17,"Optus Stadium","West Coast Eagles","GWS GIANTS",3,"HBFL","Liam","Baker","CD_I1000223"
17,"Optus Stadium","West Coast Eagles","GWS GIANTS",41,"CHB","Sandy","Brock","CD_I1013315"
17,"Optus Stadium","West Coast Eagles","GWS GIANTS",10,"INT","Tyler","Brockman","CD_I1013511"
17,"Optus Stadium","West Coast Eagles","GWS GIANTS",37,"SUB","Malakai","Champion","CD_I1029136"
17,"Optus Stadium","West Coast Eagles","GWS GIANTS",15,"WL","Jamie","Cripps","CD_I290826"
17,"Optus Stadium","West Coast Eagles","GWS GIANTS",14,"HBFR","Liam","Duggan","CD_I298268"
17,"Optus Stadium","West Coast Eagles","GWS GIANTS",42,"FB","Harry","Edwards","CD_I1011437"
17,"Optus Stadium","West Coast Eagles","GWS GIANTS",25,"RK","Matt","Flynn","CD_I993902"
17,"Optus Stadium","West Coast Eagles","GWS GIANTS",7,"BPL","Reuben","Ginbey","CD_I1023025"
17,"Optus Stadium","West Coast Eagles","GWS GIANTS",17,"INT","Jack","Graham","CD_I990827"
17,"Optus Stadium","West Coast Eagles","GWS GIANTS",29,"HFFL","Clay","Hall","CD_I1024188"
17,"Optus Stadium","West Coast Eagles","GWS GIANTS",8,"HFFR","Elijah","Hewett","CD_I1020670"
17,"Optus Stadium","West Coast Eagles","GWS GIANTS",19,"RR","Brady","Hough","CD_I1023167"
17,"Optus Stadium","West Coast Eagles","GWS GIANTS",44,"WR","Jack","Hutchinson","CD_I1036098"
17,"Optus Stadium","West Coast Eagles","GWS GIANTS",11,"R","Tim","Kelly","CD_I295898"
17,"Optus Stadium","West Coast Eagles","GWS GIANTS",23,"FPR","Ryan","Maric","CD_I1029416"
17,"Optus Stadium","West Coast Eagles","GWS GIANTS",45,"BPR","Tom","McCarthy","CD_I1036124"
17,"Optus Stadium","West Coast Eagles","GWS GIANTS",9,"C","Harley","Reid","CD_I1023492"
17,"Optus Stadium","West Coast Eagles","GWS GIANTS",1,"FPL","Liam","Ryan","CD_I1004364"
17,"Optus Stadium","West Coast Eagles","GWS GIANTS",35,"CHF","Jobe","Shanahan","CD_I1031913"
17,"Optus Stadium","West Coast Eagles","GWS GIANTS",32,"INT","Bailey J.","Williams","CD_I1006114"
17,"Optus Stadium","West Coast Eagles","GWS GIANTS",34,"FF","Jack","Williams","CD_I1020371"
17,"Optus Stadium","West Coast Eagles","GWS GIANTS",21,"FB","Leek","Aleer","CD_I1008691"
17,"Optus Stadium","West Coast Eagles","GWS GIANTS",9,"WL","Ryan","Angwin","CD_I1015777"
17,"Optus Stadium","West Coast Eagles","GWS GIANTS",7,"HBFR","Lachie","Ash","CD_I1009253"
17,"Optus Stadium","West Coast Eagles","GWS GIANTS",14,"C","Toby","Bedford","CD_I1008139"
17,"Optus Stadium","West Coast Eagles","GWS GIANTS",32,"RK","Kieren","Briggs","CD_I1008436"
17,"Optus Stadium","West Coast Eagles","GWS GIANTS",46,"FF","Callum","Brown","CD_I1014038"
17,"Optus Stadium","West Coast Eagles","GWS GIANTS",44,"CHB","Jack","Buckley","CD_I1009708"
17,"Optus Stadium","West Coast Eagles","GWS GIANTS",5,"CHF","Aaron","Cadman","CD_I1019038"
17,"Optus Stadium","West Coast Eagles","GWS GIANTS",17,"RR","Finn","Callaghan","CD_I1023266"
17,"Optus Stadium","West Coast Eagles","GWS GIANTS",37,"BPR","Joe","Fonti","CD_I1032629"
17,"Optus Stadium","West Coast Eagles","GWS GIANTS",12,"R","Tom","Green","CD_I1009528"
17,"Optus Stadium","West Coast Eagles","GWS GIANTS",4,"FPR","Toby","Greene","CD_I295344"
17,"Optus Stadium","West Coast Eagles","GWS GIANTS",35,"INT","Max","Gruzewski","CD_I1027921"
17,"Optus Stadium","West Coast Eagles","GWS GIANTS",27,"HBFL","Harry","Himmelberg","CD_I993107"
17,"Optus Stadium","West Coast Eagles","GWS GIANTS",39,"BPL","Connor","Idun","CD_I1008083"
17,"Optus Stadium","West Coast Eagles","GWS GIANTS",2,"HFFR","Darcy","Jones","CD_I1020650"
17,"Optus Stadium","West Coast Eagles","GWS GIANTS",22,"WR","Josh","Kelly","CD_I296347"
17,"Optus Stadium","West Coast Eagles","GWS GIANTS",30,"INT","James","Leake","CD_I1032119"
17,"Optus Stadium","West Coast Eagles","GWS GIANTS",33,"HFFL","Xavier","O'Halloran","CD_I1006135"
17,"Optus Stadium","West Coast Eagles","GWS GIANTS",26,"FPL","Jake","Riccardi","CD_I1008123"
17,"Optus Stadium","West Coast Eagles","GWS GIANTS",24,"INT","Harry","Rowston","CD_I1021122"
17,"Optus Stadium","West Coast Eagles","GWS GIANTS",20,"INT","Jake","Stringer","CD_I293884"
17,"Optus Stadium","West Coast Eagles","GWS GIANTS",1,"SUB","Harvey","Thomas","CD_I1027925"
17,"Marvel Stadium","Essendon","Gold Coast SUNS",46,"WR","Lachlan","Blakiston","CD_I1028196"
17,"Marvel Stadium","Essendon","Gold Coast SUNS",30,"CHF","Nate","Caddy","CD_I1027899"
17,"Marvel Stadium","Essendon","Gold Coast SUNS",6,"RR","Jye","Caldwell","CD_I1006103"
17,"Marvel Stadium","Essendon","Gold Coast SUNS",36,"HBFR","Angus","Clarke","CD_I1027284"
17,"Marvel Stadium","Essendon","Gold Coast SUNS",22,"R","Sam","Durham","CD_I1015810"
17,"Marvel Stadium","Essendon","Gold Coast SUNS",28,"WL","Xavier","Duursma","CD_I1006096"
17,"Marvel Stadium","Essendon","Gold Coast SUNS",17,"RK","Todd","Goldstein","CD_I271129"
17,"Marvel Stadium","Essendon","Gold Coast SUNS",11,"SUB","Jade","Gresham","CD_I298421"
17,"Marvel Stadium","Essendon","Gold Coast SUNS",8,"HBFL","Ben","Hobbs","CD_I1017088"
17,"Marvel Stadium","Essendon","Gold Coast SUNS",40,"FPL","Zak","Johnson","CD_I1028519"
17,"Marvel Stadium","Essendon","Gold Coast SUNS",10,"FPR","Isaac","Kako","CD_I1028554"
17,"Marvel Stadium","Essendon","Gold Coast SUNS",15,"FB","Jayden","Laverde","CD_I298280"
17,"Marvel Stadium","Essendon","Gold Coast SUNS",34,"INT","Luamon","Lual","CD_I1027706"
17,"Marvel Stadium","Essendon","Gold Coast SUNS",37,"HFFR","Nic","Martin","CD_I1012013"
17,"Marvel Stadium","Essendon","Gold Coast SUNS",26,"INT","Archer","May","CD_I1029084"
17,"Marvel Stadium","Essendon","Gold Coast SUNS",1,"BPL","Andrew","McGrath","CD_I998102"
17,"Marvel Stadium","Essendon","Gold Coast SUNS",7,"C","Zach","Merrett","CD_I992016"
17,"Marvel Stadium","Essendon","Gold Coast SUNS",16,"HFFL","Archie","Perkins","CD_I1015873"
17,"Marvel Stadium","Essendon","Gold Coast SUNS",25,"INT","Jaxon","Prior","CD_I1009386"
17,"Marvel Stadium","Essendon","Gold Coast SUNS",14,"CHB","Jordan","Ridley","CD_I1001026"
17,"Marvel Stadium","Essendon","Gold Coast SUNS",21,"BPR","Archie","Roberts","CD_I1023515"
17,"Marvel Stadium","Essendon","Gold Coast SUNS",12,"INT","Will","Setterfield","CD_I998215"
17,"Marvel Stadium","Essendon","Gold Coast SUNS",20,"FF","Peter","Wright","CD_I298289"
17,"Marvel Stadium","Essendon","Gold Coast SUNS",48,"BPR","Oscar","Adams","CD_I1015515"
17,"Marvel Stadium","Essendon","Gold Coast SUNS",9,"HFFL","Ben","Ainsworth","CD_I998130"
17,"Marvel Stadium","Essendon","Gold Coast SUNS",15,"R","Noah","Anderson","CD_I1009199"
17,"Marvel Stadium","Essendon","Gold Coast SUNS",1,"FB","Mac","Andrew","CD_I1017396"
17,"Marvel Stadium","Essendon","Gold Coast SUNS",35,"INT","Connor","Budarick","CD_I1008454"
17,"Marvel Stadium","Essendon","Gold Coast SUNS",33,"INT","Sam","Clohesy","CD_I1013257"
17,"Marvel Stadium","Essendon","Gold Coast SUNS",8,"WR","Brayden","Fiorini","CD_I993799"
17,"Marvel Stadium","Essendon","Gold Coast SUNS",3,"CHF","Sam","Flanders","CD_I1009260"
17,"Marvel Stadium","Essendon","Gold Coast SUNS",19,"HFFR","Bailey","Humphrey","CD_I1023500"
17,"Marvel Stadium","Essendon","Gold Coast SUNS",40,"INT","Joel","Jeffrey","CD_I1005992"
17,"Marvel Stadium","Essendon","Gold Coast SUNS",34,"FPR","Ben","King","CD_I1006144"
17,"Marvel Stadium","Essendon","Gold Coast SUNS",22,"FPL","Ben","Long","CD_I993917"
17,"Marvel Stadium","Essendon","Gold Coast SUNS",11,"RR","Touk","Miller","CD_I298272"
17,"Marvel Stadium","Essendon","Gold Coast SUNS",21,"RK","Ned","Moyle","CD_I1021013"
17,"Marvel Stadium","Essendon","Gold Coast SUNS",2,"HBFL","John","Noble","CD_I1000072"
17,"Marvel Stadium","Essendon","Gold Coast SUNS",27,"CHB","Wil","Powell","CD_I1007881"
17,"Marvel Stadium","Essendon","Gold Coast SUNS",20,"INT","Ethan","Read","CD_I1027033"
17,"Marvel Stadium","Essendon","Gold Coast SUNS",17,"HBFR","Daniel","Rioli","CD_I1000981"
17,"Marvel Stadium","Essendon","Gold Coast SUNS",18,"C","Matt","Rowell","CD_I1009208"
17,"Marvel Stadium","Essendon","Gold Coast SUNS",6,"SUB","Alex","Sexton","CD_I294643"
17,"Marvel Stadium","Essendon","Gold Coast SUNS",32,"BPL","Bodhi","Uwland","CD_I1017665"
17,"Marvel Stadium","Essendon","Gold Coast SUNS",4,"FF","Jed","Walter","CD_I1023736"
17,"Marvel Stadium","Essendon","Gold Coast SUNS",14,"WL","Lachie","Weller","CD_I298524"
17,"GMHBA Stadium","Geelong Cats","Richmond",30,"R","Tom","Atkins","CD_I994386"
17,"GMHBA Stadium","Geelong Cats","Richmond",46,"BPR","Mark","Blicavs","CD_I296733"
17,"GMHBA Stadium","Geelong Cats","Richmond",12,"RR","Jack","Bowes","CD_I998260"
17,"GMHBA Stadium","Geelong Cats","Richmond",5,"FF","Jeremy","Cameron","CD_I293845"
17,"GMHBA Stadium","Geelong Cats","Richmond",45,"HFFL","Brad","Close","CD_I999326"
17,"GMHBA Stadium","Geelong Cats","Richmond",35,"FPL","Patrick","Dangerfield","CD_I270917"
17,"GMHBA Stadium","Geelong Cats","Richmond",28,"INT","Oliver","Dempsey","CD_I1025034"
17,"GMHBA Stadium","Geelong Cats","Richmond",22,"SUB","Mitch","Duncan","CD_I281065"
17,"GMHBA Stadium","Geelong Cats","Richmond",39,"CHB","Zach","Guthrie","CD_I1004870"
17,"GMHBA Stadium","Geelong Cats","Richmond",38,"FB","Jack","Henry","CD_I1000937"
17,"GMHBA Stadium","Geelong Cats","Richmond",36,"WR","Oliver","Henry","CD_I1012860"
17,"GMHBA Stadium","Geelong Cats","Richmond",9,"C","Max","Holmes","CD_I1015889"
17,"GMHBA Stadium","Geelong Cats","Richmond",17,"HBFR","Lawson","Humphries","CD_I1013464"
17,"GMHBA Stadium","Geelong Cats","Richmond",7,"CHF","Shaun","Mannagh","CD_I993878"
17,"GMHBA Stadium","Geelong Cats","Richmond",19,"INT","Jack","Martin","CD_I296190"
17,"GMHBA Stadium","Geelong Cats","Richmond",32,"HFFR","Gryan","Miers","CD_I1004938"
17,"GMHBA Stadium","Geelong Cats","Richmond",34,"INT","Oisin","Mullin","CD_I1024982"
17,"GMHBA Stadium","Geelong Cats","Richmond",33,"FPR","Shannon","Neale","CD_I1016433"
17,"GMHBA Stadium","Geelong Cats","Richmond",42,"WL","Mark","O'Connor","CD_I1007102"
17,"GMHBA Stadium","Geelong Cats","Richmond",14,"BPL","Connor","O'Sullivan","CD_I1027877"
17,"GMHBA Stadium","Geelong Cats","Richmond",1,"RK","Rhys","Stanley","CD_I280317"
17,"GMHBA Stadium","Geelong Cats","Richmond",15,"INT","George","Stevens","CD_I1023681"
17,"GMHBA Stadium","Geelong Cats","Richmond",44,"HBFL","Tom","Stewart","CD_I291800"
17,"GMHBA Stadium","Geelong Cats","Richmond",29,"FPL","Jasper","Alger","CD_I1028537"
17,"GMHBA Stadium","Geelong Cats","Richmond",21,"FF","Noah","Balta","CD_I1002245"
17,"GMHBA Stadium","Geelong Cats","Richmond",41,"CHB","Sam","Banks","CD_I1013197"
17,"GMHBA Stadium","Geelong Cats","Richmond",46,"FB","Jacob","Blight","CD_I1013229"
17,"GMHBA Stadium","Geelong Cats","Richmond",35,"BPR","Nathan","Broad","CD_I295203"
17,"GMHBA Stadium","Geelong Cats","Richmond",30,"HBFR","Tom","Brown","CD_I1017086"
17,"GMHBA Stadium","Geelong Cats","Richmond",44,"HFFR","Seth","Campbell","CD_I1023275"
17,"GMHBA Stadium","Geelong Cats","Richmond",26,"FPR","Jonty","Faull","CD_I1028498"
17,"GMHBA Stadium","Geelong Cats","Richmond",2,"R","Jacob","Hopper","CD_I993903"
17,"GMHBA Stadium","Geelong Cats","Richmond",22,"CHF","Sam","Lalor","CD_I1028491"
17,"GMHBA Stadium","Geelong Cats","Richmond",7,"HFFL","Rhyan","Mansell","CD_I1008478"
17,"GMHBA Stadium","Geelong Cats","Richmond",33,"WL","Kamdyn","McIntosh","CD_I294592"
17,"GMHBA Stadium","Geelong Cats","Richmond",12,"BPL","Ben","Miller","CD_I1002403"
17,"GMHBA Stadium","Geelong Cats","Richmond",25,"RK","Toby","Nankervis","CD_I298174"
17,"GMHBA Stadium","Geelong Cats","Richmond",3,"C","Dion","Prestia","CD_I290627"
17,"GMHBA Stadium","Geelong Cats","Richmond",13,"WR","Hugo","Ralphsmith","CD_I1011985"
17,"GMHBA Stadium","Geelong Cats","Richmond",17,"SUB","Maurice","Rioli","CD_I1009551"
17,"GMHBA Stadium","Geelong Cats","Richmond",5,"INT","Jack","Ross","CD_I1006133"
17,"GMHBA Stadium","Geelong Cats","Richmond",38,"INT","Thomas","Sims","CD_I1018996"
17,"GMHBA Stadium","Geelong Cats","Richmond",40,"INT","Tyler","Sonsie","CD_I1017114"
17,"GMHBA Stadium","Geelong Cats","Richmond",14,"RR","Tim","Taranto","CD_I998172"
17,"GMHBA Stadium","Geelong Cats","Richmond",31,"INT","Luke","Trainor","CD_I1028521"
17,"GMHBA Stadium","Geelong Cats","Richmond",1,"HBFL","Nick","Vlastuin","CD_I294674"
17,"Gabba","Brisbane Lions","Port Adelaide",4,"INT","Callum","Ah Chee","CD_I298437"
17,"Gabba","Brisbane Lions","Port Adelaide",31,"CHB","Harris","Andrews","CD_I996059"
17,"Gabba","Brisbane Lions","Port Adelaide",43,"HBFL","Noah","Answerth","CD_I1005053"
17,"Gabba","Brisbane Lions","Port Adelaide",10,"INT","Levi","Ashcroft","CD_I1028560"
17,"Gabba","Brisbane Lions","Port Adelaide",8,"INT","Will","Ashcroft","CD_I1023517"
17,"Gabba","Brisbane Lions","Port Adelaide",33,"WL","Zac","Bailey","CD_I1002312"
17,"Gabba","Brisbane Lions","Port Adelaide",7,"WR","Jarrod","Berry","CD_I998133"
17,"Gabba","Brisbane Lions","Port Adelaide",23,"HFFL","Charlie","Cameron","CD_I990609"
17,"Gabba","Brisbane Lions","Port Adelaide",14,"FPR","Sam","Day","CD_I291753"
17,"Gabba","Brisbane Lions","Port Adelaide",5,"RR","Josh","Dunkley","CD_I993834"
17,"Gabba","Brisbane Lions","Port Adelaide",3,"INT","Jaspa","Fletcher","CD_I1023708"
17,"Gabba","Brisbane Lions","Port Adelaide",32,"RK","Darcy","Fort","CD_I298211"
17,"Gabba","Brisbane Lions","Port Adelaide",27,"SUB","Darcy","Gardiner","CD_I296269"
17,"Gabba","Brisbane Lions","Port Adelaide",30,"CHF","Eric","Hipwood","CD_I993953"
17,"Gabba","Brisbane Lions","Port Adelaide",35,"FB","Ryan","Lester","CD_I291548"
17,"Gabba","Brisbane Lions","Port Adelaide",1,"FPL","Kai","Lohmann","CD_I1014026"
17,"Gabba","Brisbane Lions","Port Adelaide",6,"C","Hugh","McCluggage","CD_I1000978"
17,"Gabba","Brisbane Lions","Port Adelaide",13,"FF","Logan","Morris","CD_I1028019"
17,"Gabba","Brisbane Lions","Port Adelaide",9,"R","Lachie","Neale","CD_I293535"
17,"Gabba","Brisbane Lions","Port Adelaide",16,"HFFR","Cam","Rayner","CD_I1002235"
17,"Gabba","Brisbane Lions","Port Adelaide",37,"HBFR","Brandon","Starcevich","CD_I1002401"
17,"Gabba","Brisbane Lions","Port Adelaide",44,"BPR","Darcy","Wilmot","CD_I1017067"
17,"Gabba","Brisbane Lions","Port Adelaide",15,"BPL","Dayne","Zorko","CD_I261224"
17,"Gabba","Brisbane Lions","Port Adelaide",21,"BPR","Aliir","Aliir","CD_I294469"
17,"Gabba","Brisbane Lions","Port Adelaide",14,"RR","Miles","Bergman","CD_I1009191"
17,"Gabba","Brisbane Lions","Port Adelaide",10,"INT","Travis","Boak","CD_I250365"
17,"Gabba","Brisbane Lions","Port Adelaide",7,"WL","Jase","Burgoyne","CD_I1013462"
17,"Gabba","Brisbane Lions","Port Adelaide",9,"R","Zak","Butters","CD_I1006121"
17,"Gabba","Brisbane Lions","Port Adelaide",33,"CHF","Darcy","Byrne-Jones","CD_I991930"
17,"Gabba","Brisbane Lions","Port Adelaide",28,"WR","Willem","Drew","CD_I1000972"
17,"Gabba","Brisbane Lions","Port Adelaide",6,"INT","Kane","Farrell","CD_I1002253"
17,"Gabba","Brisbane Lions","Port Adelaide",19,"FF","Mitch","Georgiades","CD_I1010174"
17,"Gabba","Brisbane Lions","Port Adelaide",18,"C","Jason","Horne-Francis","CD_I1011640"
17,"Gabba","Brisbane Lions","Port Adelaide",39,"SUB","Hugh","Jackson","CD_I1015330"
17,"Gabba","Brisbane Lions","Port Adelaide",34,"CHB","Lachie","Jones","CD_I1011583"
17,"Gabba","Brisbane Lions","Port Adelaide",12,"FPR","Jack","Lukosius","CD_I1004095"
17,"Gabba","Brisbane Lions","Port Adelaide",2,"HFFL","Sam","Powell-Pepper","CD_I993979"
17,"Gabba","Brisbane Lions","Port Adelaide",27,"FB","Esava","Ratugolea","CD_I1002220"
17,"Gabba","Brisbane Lions","Port Adelaide",35,"INT","Joe","Richards","CD_I1008239"
17,"Gabba","Brisbane Lions","Port Adelaide",15,"HFFR","Willie","Rioli","CD_I296225"
17,"Gabba","Brisbane Lions","Port Adelaide",1,"HBFR","Connor","Rozee","CD_I1001299"
17,"Gabba","Brisbane Lions","Port Adelaide",8,"HBFL","Josh","Sinn","CD_I1017078"
17,"Gabba","Brisbane Lions","Port Adelaide",24,"RK","Jordon","Sweet","CD_I992330"
17,"Gabba","Brisbane Lions","Port Adelaide",38,"FPL","Dante","Visentini","CD_I1017128"
17,"Gabba","Brisbane Lions","Port Adelaide",16,"INT","Ollie","Wines","CD_I294318"
17,"Gabba","Brisbane Lions","Port Adelaide",25,"BPL","Brandon","Zerk-Thatcher","CD_I1004034"
17,"Marvel Stadium","St Kilda","Hawthorn",16,"WR","Dan","Butler","CD_I992374"
17,"Marvel Stadium","St Kilda","Hawthorn",47,"FPL","Anthony","Caminiti","CD_I1023784"
17,"Marvel Stadium","St Kilda","Hawthorn",11,"INT","Hunter","Clark","CD_I1002264"
17,"Marvel Stadium","St Kilda","Hawthorn",34,"C","Hugo","Garcia","CD_I1027790"
17,"Marvel Stadium","St Kilda","Hawthorn",40,"CHF","Max","Hall","CD_I1020855"
17,"Marvel Stadium","St Kilda","Hawthorn",24,"INT","Angus","Hastie","CD_I1027872"
17,"Marvel Stadium","St Kilda","Hawthorn",23,"INT","Liam","Henry","CD_I1005988"
17,"Marvel Stadium","St Kilda","Hawthorn",1,"HFFL","Jack","Higgins","CD_I1002227"
17,"Marvel Stadium","St Kilda","Hawthorn",8,"SUB","Bradley","Hill","CD_I295584"
17,"Marvel Stadium","St Kilda","Hawthorn",17,"INT","Isaac","Keeler","CD_I1015323"
17,"Marvel Stadium","St Kilda","Hawthorn",6,"RR","Jack","Macrae","CD_I295467"
17,"Marvel Stadium","St Kilda","Hawthorn",19,"RK","Rowan","Marshall","CD_I992468"
17,"Marvel Stadium","St Kilda","Hawthorn",10,"FPR","Mitch","Owens","CD_I1023272"
17,"Marvel Stadium","St Kilda","Hawthorn",43,"FF","Cooper","Sharman","CD_I1018018"
17,"Marvel Stadium","St Kilda","Hawthorn",35,"HBFR","Jack","Sinclair","CD_I994389"
17,"Marvel Stadium","St Kilda","Hawthorn",9,"R","Jack","Steele","CD_I296205"
17,"Marvel Stadium","St Kilda","Hawthorn",26,"BPR","Alixzander","Tauru","CD_I1030433"
17,"Marvel Stadium","St Kilda","Hawthorn",7,"CHB","Nasiah","Wanganeen-Milera","CD_I1015507"
17,"Marvel Stadium","St Kilda","Hawthorn",29,"HBFL","Jimmy","Webster","CD_I290757"
17,"Marvel Stadium","St Kilda","Hawthorn",44,"FB","Callum","Wilkie","CD_I296422"
17,"Marvel Stadium","St Kilda","Hawthorn",22,"HFFR","Darcy","Wilson","CD_I1027875"
17,"Marvel Stadium","St Kilda","Hawthorn",2,"BPL","Marcus","Windhager","CD_I1023270"
17,"Marvel Stadium","St Kilda","Hawthorn",32,"WL","Mason","Wood","CD_I295340"
17,"Marvel Stadium","St Kilda","Hawthorn",10,"BPR","Karl","Amon","CD_I297354"
17,"Marvel Stadium","St Kilda","Hawthorn",37,"FB","Tom","Barrass","CD_I990290"
17,"Marvel Stadium","St Kilda","Hawthorn",24,"BPL","Josh","Battle","CD_I998134"
17,"Marvel Stadium","St Kilda","Hawthorn",18,"FF","Mabior","Chol","CD_I994077"
17,"Marvel Stadium","St Kilda","Hawthorn",16,"WL","Massimo","D'Ambrosio","CD_I1005144"
17,"Marvel Stadium","St Kilda","Hawthorn",33,"FPR","Jack","Ginnivan","CD_I1012857"
17,"Marvel Stadium","St Kilda","Hawthorn",19,"CHF","Jack","Gunston","CD_I291351"
17,"Marvel Stadium","St Kilda","Hawthorn",15,"HBFR","Blake","Hardwick","CD_I993794"
17,"Marvel Stadium","St Kilda","Hawthorn",4,"HBFL","Jarman","Impey","CD_I296254"
17,"Marvel Stadium","St Kilda","Hawthorn",9,"INT","Changkuoth","Jiath","CD_I998390"
17,"Marvel Stadium","St Kilda","Hawthorn",31,"INT","Connor","Macdonald","CD_I1017094"
17,"Marvel Stadium","St Kilda","Hawthorn",28,"INT","Cam","Mackenzie","CD_I1023482"
17,"Marvel Stadium","St Kilda","Hawthorn",17,"RK","Lloyd","Meek","CD_I1000980"
17,"Marvel Stadium","St Kilda","Hawthorn",40,"SUB","Seamus","Mitchell","CD_I1018016"
17,"Marvel Stadium","St Kilda","Hawthorn",13,"WR","Dylan","Moore","CD_I1006314"
17,"Marvel Stadium","St Kilda","Hawthorn",1,"HFFL","Harry","Morrison","CD_I1000963"
17,"Marvel Stadium","St Kilda","Hawthorn",11,"C","Conor","Nash","CD_I1007124"
17,"Marvel Stadium","St Kilda","Hawthorn",3,"RR","Jai","Newcombe","CD_I1020895"
17,"Marvel Stadium","St Kilda","Hawthorn",38,"FPL","Max","Ramsden","CD_I1027965"
17,"Marvel Stadium","St Kilda","Hawthorn",6,"CHB","James","Sicily","CD_I297566"
17,"Marvel Stadium","St Kilda","Hawthorn",25,"R","Josh","Ward","CD_I1017110"
17,"Marvel Stadium","St Kilda","Hawthorn",34,"HFFR","Nick","Watson","CD_I1023473"
17,"Marvel Stadium","St Kilda","Hawthorn",5,"INT","James","Worpel","CD_I1002222"
17,"SCG","Sydney Swans","Fremantle",36,"FF","Joel","Amartey","CD_I1008091"
17,"SCG","Sydney Swans","Fremantle",22,"BPR","Nick","Blakey","CD_I1006028"
17,"SCG","Sydney Swans","Fremantle",39,"INT","Jack","Buller","CD_I1009392"
17,"SCG","Sydney Swans","Fremantle",16,"FPL","Braeden","Campbell","CD_I1013133"
17,"SCG","Sydney Swans","Fremantle",7,"INT","Harry","Cunningham","CD_I291978"
17,"SCG","Sydney Swans","Fremantle",4,"RK","Brodie","Grundy","CD_I293957"
17,"SCG","Sydney Swans","Fremantle",21,"WR","Errol","Gulden","CD_I1013128"
17,"SCG","Sydney Swans","Fremantle",29,"CHB","Joel","Hamling","CD_I295222"
17,"SCG","Sydney Swans","Fremantle",9,"CHF","Will","Hayward","CD_I997100"
17,"SCG","Sydney Swans","Fremantle",5,"RR","Isaac","Heeney","CD_I298539"
17,"SCG","Sydney Swans","Fremantle",17,"R","James","Jordon","CD_I1013409"
17,"SCG","Sydney Swans","Fremantle",44,"WL","Jake","Lloyd","CD_I295342"
17,"SCG","Sydney Swans","Fremantle",30,"FB","Tom","McCartin","CD_I1008198"
17,"SCG","Sydney Swans","Fremantle",27,"HFFL","Justin","McInerney","CD_I1011936"
17,"SCG","Sydney Swans","Fremantle",2,"FPR","Hayden","McLean","CD_I1003203"
17,"SCG","Sydney Swans","Fremantle",43,"BPL","Lewis","Melican","CD_I996743"
17,"SCG","Sydney Swans","Fremantle",14,"HBFL","Callum","Mills","CD_I993905"
17,"SCG","Sydney Swans","Fremantle",11,"HFFR","Tom","Papley","CD_I996765"
17,"SCG","Sydney Swans","Fremantle",34,"SUB","Matt","Roberts","CD_I1012210"
17,"SCG","Sydney Swans","Fremantle",8,"INT","James","Rowbottom","CD_I1006126"
17,"SCG","Sydney Swans","Fremantle",12,"INT","Angus","Sheldrick","CD_I1020339"
17,"SCG","Sydney Swans","Fremantle",1,"C","Chad","Warner","CD_I1012014"
17,"SCG","Sydney Swans","Fremantle",15,"HBFR","Sam","Wicks","CD_I1006232"
17,"SCG","Sydney Swans","Fremantle",24,"FPR","Jye","Amiss","CD_I1020594"
17,"SCG","Sydney Swans","Fremantle",41,"INT","Bailey","Banfield","CD_I998180"
17,"SCG","Sydney Swans","Fremantle",15,"HFFR","Shai","Bolton","CD_I993993"
17,"SCG","Sydney Swans","Fremantle",8,"R","Andrew","Brayshaw","CD_I1002232"
17,"SCG","Sydney Swans","Fremantle",5,"HBFL","Heath","Chapman","CD_I1013224"
17,"SCG","Sydney Swans","Fremantle",6,"HBFR","Jordan","Clark","CD_I1006152"
17,"SCG","Sydney Swans","Fremantle",36,"FB","Brennan","Cox","CD_I997033"
17,"SCG","Sydney Swans","Fremantle",4,"INT","Sean","Darcy","CD_I998145"
17,"SCG","Sydney Swans","Fremantle",43,"INT","Isaiah","Dudley","CD_I1011558"
17,"SCG","Sydney Swans","Fremantle",28,"INT","Neil","Erasmus","CD_I1020250"
17,"SCG","Sydney Swans","Fremantle",32,"CHF","Michael","Frederick","CD_I999321"
17,"SCG","Sydney Swans","Fremantle",9,"RK","Luke","Jackson","CD_I1009399"
17,"SCG","Sydney Swans","Fremantle",44,"WL","Matthew","Johnson","CD_I1016825"
17,"SCG","Sydney Swans","Fremantle",30,"WR","Nathan","O'Driscoll","CD_I1013220"
17,"SCG","Sydney Swans","Fremantle",2,"SUB","Jaeger","O'Meara","CD_I294613"
17,"SCG","Sydney Swans","Fremantle",25,"BPR","Alex","Pearce","CD_I298409"
17,"SCG","Sydney Swans","Fremantle",16,"HFFL","Murphy","Reid","CD_I1028513"
17,"SCG","Sydney Swans","Fremantle",13,"BPL","Luke","Ryan","CD_I998659"
17,"SCG","Sydney Swans","Fremantle",3,"RR","Caleb","Serong","CD_I1009420"
17,"SCG","Sydney Swans","Fremantle",35,"FF","Josh","Treacy","CD_I1012819"
17,"SCG","Sydney Swans","Fremantle",20,"FPL","Patrick","Voss","CD_I1017754"
17,"SCG","Sydney Swans","Fremantle",34,"C","Corey","Wagner","CD_I993940"
17,"SCG","Sydney Swans","Fremantle",23,"CHB","Karl","Worner","CD_I1021015"
17,"Adelaide Oval","Adelaide Crows","Melbourne",3,"INT","Sam","Berry","CD_I1012807"
17,"Adelaide Oval","Adelaide Crows","Melbourne",41,"FB","Jordon","Butts","CD_I1004995"
17,"Adelaide Oval","Adelaide Crows","Melbourne",44,"WL","Isaac","Cumming","CD_I1001396"
17,"Adelaide Oval","Adelaide Crows","Melbourne",6,"WR","Daniel","Curtin","CD_I1024023"
17,"Adelaide Oval","Adelaide Crows","Melbourne",12,"C","Jordan","Dawson","CD_I992242"
17,"Adelaide Oval","Adelaide Crows","Melbourne",32,"FPR","Darcy","Fogarty","CD_I999331"
17,"Adelaide Oval","Adelaide Crows","Melbourne",20,"HBFL","Mitchell","Hinge","CD_I1004863"
17,"Adelaide Oval","Adelaide Crows","Melbourne",48,"CHB","Mark","Keane","CD_I1013974"
17,"Adelaide Oval","Adelaide Crows","Melbourne",2,"HFFL","Ben","Keays","CD_I993946"
17,"Adelaide Oval","Adelaide Crows","Melbourne",29,"BPR","Rory","Laird","CD_I293222"
17,"Adelaide Oval","Adelaide Crows","Melbourne",16,"HFFR","Max","Michalanney","CD_I1015370"
17,"Adelaide Oval","Adelaide Crows","Melbourne",4,"SUB","Lachlan","Murphy","CD_I1000998"
17,"Adelaide Oval","Adelaide Crows","Melbourne",28,"INT","Alex","Neal-Bullen","CD_I296420"
17,"Adelaide Oval","Adelaide Crows","Melbourne",43,"RK","Reilly","O'Brien","CD_I297523"
17,"Adelaide Oval","Adelaide Crows","Melbourne",25,"R","James","Peatling","CD_I1006013"
17,"Adelaide Oval","Adelaide Crows","Melbourne",8,"INT","Josh","Rachele","CD_I1017051"
17,"Adelaide Oval","Adelaide Crows","Melbourne",23,"RR","Izak","Rankine","CD_I1001195"
17,"Adelaide Oval","Adelaide Crows","Melbourne",33,"HBFR","Brodie","Smith","CD_I291748"
17,"Adelaide Oval","Adelaide Crows","Melbourne",14,"FPL","Jake","Soligo","CD_I1017109"
17,"Adelaide Oval","Adelaide Crows","Melbourne",19,"INT","Zac","Taylor","CD_I1017065"
17,"Adelaide Oval","Adelaide Crows","Melbourne",7,"CHF","Riley","Thilthorpe","CD_I1008384"
17,"Adelaide Oval","Adelaide Crows","Melbourne",13,"FF","Taylor","Walker","CD_I280506"
17,"Adelaide Oval","Adelaide Crows","Melbourne",24,"BPL","Josh","Worrell","CD_I1011981"
17,"Adelaide Oval","Adelaide Crows","Melbourne",17,"BPL","Jake","Bowey","CD_I1012825"
17,"Adelaide Oval","Adelaide Crows","Melbourne",37,"HFFR","Kade","Chandler","CD_I1005330"
17,"Adelaide Oval","Adelaide Crows","Melbourne",31,"CHF","Bayley","Fritsch","CD_I1001438"
17,"Adelaide Oval","Adelaide Crows","Melbourne",11,"RK","Max","Gawn","CD_I290528"
17,"Adelaide Oval","Adelaide Crows","Melbourne",21,"INT","Matthew","Jefferson","CD_I1023486"
17,"Adelaide Oval","Adelaide Crows","Melbourne",15,"HFFL","Ed","Langdon","CD_I298264"
17,"Adelaide Oval","Adelaide Crows","Melbourne",19,"WL","Harvey","Langford","CD_I1028546"
17,"Adelaide Oval","Adelaide Crows","Melbourne",8,"BPR","Jake","Lever","CD_I298281"
17,"Adelaide Oval","Adelaide Crows","Melbourne",20,"INT","Xavier","Lindsay","CD_I1028531"
17,"Adelaide Oval","Adelaide Crows","Melbourne",1,"FB","Steven","May","CD_I281085"
17,"Adelaide Oval","Adelaide Crows","Melbourne",4,"HBFL","Judd","McVee","CD_I1017703"
17,"Adelaide Oval","Adelaide Crows","Melbourne",18,"FPL","Jake","Melksham","CD_I280824"
17,"Adelaide Oval","Adelaide Crows","Melbourne",13,"RR","Clayton","Oliver","CD_I996701"
17,"Adelaide Oval","Adelaide Crows","Melbourne",5,"C","Christian","Petracca","CD_I298210"
17,"Adelaide Oval","Adelaide Crows","Melbourne",36,"FPR","Kysaiah","Pickett","CD_I1008541"
17,"Adelaide Oval","Adelaide Crows","Melbourne",24,"HBFR","Trent","Rivers","CD_I1009378"
17,"Adelaide Oval","Adelaide Crows","Melbourne",3,"INT","Christian","Salem","CD_I296359"
17,"Adelaide Oval","Adelaide Crows","Melbourne",30,"SUB","Harry","Sharp","CD_I1007099"
17,"Adelaide Oval","Adelaide Crows","Melbourne",32,"WR","Tom","Sparrow","CD_I999391"
17,"Adelaide Oval","Adelaide Crows","Melbourne",12,"INT","Koltyn","Tholstrup","CD_I1023640"
17,"Adelaide Oval","Adelaide Crows","Melbourne",10,"CHB","Daniel","Turner","CD_I1020959"
17,"Adelaide Oval","Adelaide Crows","Melbourne",2,"FF","Jacob","van Rooyen","CD_I1017720"
17,"Adelaide Oval","Adelaide Crows","Melbourne",7,"R","Jack","Viney","CD_I291902"
18,"Marvel Stadium","Carlton","Brisbane Lions",32,"WL","Matthew","Carroll","CD_I1027964"
18,"Marvel Stadium","Carlton","Brisbane Lions",5,"RR","Adam","Cerra","CD_I1002239"
18,"Marvel Stadium","Carlton","Brisbane Lions",39,"BPL","Alex","Cincotta","CD_I1016268"
18,"Marvel Stadium","Carlton","Brisbane Lions",2,"HBFL","Lachlan","Cowan","CD_I1021353"
18,"Marvel Stadium","Carlton","Brisbane Lions",9,"C","Patrick","Cripps","CD_I990704"
18,"Marvel Stadium","Carlton","Brisbane Lions",30,"CHF","Charlie","Curnow","CD_I996731"
18,"Marvel Stadium","Carlton","Brisbane Lions",12,"RK","Tom","De Koning","CD_I1004912"
18,"Marvel Stadium","Carlton","Brisbane Lions",15,"HBFR","Sam","Docherty","CD_I295518"
18,"Marvel Stadium","Carlton","Brisbane Lions",19,"INT","Corey","Durdin","CD_I1008510"
18,"Marvel Stadium","Carlton","Brisbane Lions",14,"WR","Orazio","Fantasia","CD_I296334"
18,"Marvel Stadium","Carlton","Brisbane Lions",8,"HFFR","Lachie","Fogarty","CD_I1002228"
18,"Marvel Stadium","Carlton","Brisbane Lions",26,"CHB","Nick","Haynes","CD_I295265"
18,"Marvel Stadium","Carlton","Brisbane Lions",29,"INT","George","Hewett","CD_I294036"
18,"Marvel Stadium","Carlton","Brisbane Lions",4,"INT","Oliver","Hollands","CD_I1023495"
18,"Marvel Stadium","Carlton","Brisbane Lions",36,"SUB","Cooper","Lord","CD_I1032108"
18,"Marvel Stadium","Carlton","Brisbane Lions",11,"HFFL","Mitch","McGovern","CD_I297255"
18,"Marvel Stadium","Carlton","Brisbane Lions",43,"FF","Ashton","Moir","CD_I1020097"
18,"Marvel Stadium","Carlton","Brisbane Lions",3,"INT","Jesse","Motlop","CD_I1017700"
18,"Marvel Stadium","Carlton","Brisbane Lions",22,"BPR","Harry","O'Farrell","CD_I1028526"
18,"Marvel Stadium","Carlton","Brisbane Lions",27,"FPL","Marc","Pittonet","CD_I298290"
18,"Marvel Stadium","Carlton","Brisbane Lions",23,"FB","Jacob","Weitering","CD_I993832"
18,"Marvel Stadium","Carlton","Brisbane Lions",6,"R","Zac","Williams","CD_I294685"
18,"Marvel Stadium","Carlton","Brisbane Lions",45,"FPR","Flynn","Young","CD_I1020877"
18,"Marvel Stadium","Carlton","Brisbane Lions",4,"FPR","Callum","Ah Chee","CD_I298437"
18,"Marvel Stadium","Carlton","Brisbane Lions",31,"CHB","Harris","Andrews","CD_I996059"
18,"Marvel Stadium","Carlton","Brisbane Lions",43,"HBFL","Noah","Answerth","CD_I1005053"
18,"Marvel Stadium","Carlton","Brisbane Lions",10,"INT","Levi","Ashcroft","CD_I1028560"
18,"Marvel Stadium","Carlton","Brisbane Lions",8,"INT","Will","Ashcroft","CD_I1023517"
18,"Marvel Stadium","Carlton","Brisbane Lions",33,"WL","Zac","Bailey","CD_I1002312"
18,"Marvel Stadium","Carlton","Brisbane Lions",7,"WR","Jarrod","Berry","CD_I998133"
18,"Marvel Stadium","Carlton","Brisbane Lions",23,"HFFL","Charlie","Cameron","CD_I990609"
18,"Marvel Stadium","Carlton","Brisbane Lions",5,"RR","Josh","Dunkley","CD_I993834"
18,"Marvel Stadium","Carlton","Brisbane Lions",3,"BPR","Jaspa","Fletcher","CD_I1023708"
18,"Marvel Stadium","Carlton","Brisbane Lions",32,"INT","Darcy","Fort","CD_I298211"
18,"Marvel Stadium","Carlton","Brisbane Lions",27,"SUB","Darcy","Gardiner","CD_I296269"
18,"Marvel Stadium","Carlton","Brisbane Lions",30,"CHF","Eric","Hipwood","CD_I993953"
18,"Marvel Stadium","Carlton","Brisbane Lions",35,"FB","Ryan","Lester","CD_I291548"
18,"Marvel Stadium","Carlton","Brisbane Lions",1,"HFFR","Kai","Lohmann","CD_I1014026"
18,"Marvel Stadium","Carlton","Brisbane Lions",6,"C","Hugh","McCluggage","CD_I1000978"
18,"Marvel Stadium","Carlton","Brisbane Lions",46,"RK","Oscar","McInerney","CD_I1005521"
18,"Marvel Stadium","Carlton","Brisbane Lions",13,"FF","Logan","Morris","CD_I1028019"
18,"Marvel Stadium","Carlton","Brisbane Lions",9,"R","Lachie","Neale","CD_I293535"
18,"Marvel Stadium","Carlton","Brisbane Lions",16,"FPL","Cam","Rayner","CD_I1002235"
18,"Marvel Stadium","Carlton","Brisbane Lions",37,"HBFR","Brandon","Starcevich","CD_I1002401"
18,"Marvel Stadium","Carlton","Brisbane Lions",44,"INT","Darcy","Wilmot","CD_I1017067"
18,"Marvel Stadium","Carlton","Brisbane Lions",15,"BPL","Dayne","Zorko","CD_I261224"
18,"People First Stadium","Gold Coast SUNS","Collingwood",48,"BPR","Oscar","Adams","CD_I1015515"
18,"People First Stadium","Gold Coast SUNS","Collingwood",9,"HFFL","Ben","Ainsworth","CD_I998130"
18,"People First Stadium","Gold Coast SUNS","Collingwood",15,"R","Noah","Anderson","CD_I1009199"
18,"People First Stadium","Gold Coast SUNS","Collingwood",1,"FB","Mac","Andrew","CD_I1017396"
18,"People First Stadium","Gold Coast SUNS","Collingwood",35,"INT","Connor","Budarick","CD_I1008454"
18,"People First Stadium","Gold Coast SUNS","Collingwood",33,"INT","Sam","Clohesy","CD_I1013257"
18,"People First Stadium","Gold Coast SUNS","Collingwood",8,"WR","Brayden","Fiorini","CD_I993799"
18,"People First Stadium","Gold Coast SUNS","Collingwood",3,"CHF","Sam","Flanders","CD_I1009260"
18,"People First Stadium","Gold Coast SUNS","Collingwood",19,"C","Bailey","Humphrey","CD_I1023500"
18,"People First Stadium","Gold Coast SUNS","Collingwood",40,"INT","Joel","Jeffrey","CD_I1005992"
18,"People First Stadium","Gold Coast SUNS","Collingwood",34,"FPR","Ben","King","CD_I1006144"
18,"People First Stadium","Gold Coast SUNS","Collingwood",22,"FPL","Ben","Long","CD_I993917"
18,"People First Stadium","Gold Coast SUNS","Collingwood",11,"HFFR","Touk","Miller","CD_I298272"
18,"People First Stadium","Gold Coast SUNS","Collingwood",2,"HBFL","John","Noble","CD_I1000072"
18,"People First Stadium","Gold Coast SUNS","Collingwood",27,"CHB","Wil","Powell","CD_I1007881"
18,"People First Stadium","Gold Coast SUNS","Collingwood",20,"INT","Ethan","Read","CD_I1027033"
18,"People First Stadium","Gold Coast SUNS","Collingwood",17,"HBFR","Daniel","Rioli","CD_I1000981"
18,"People First Stadium","Gold Coast SUNS","Collingwood",18,"RR","Matt","Rowell","CD_I1009208"
18,"People First Stadium","Gold Coast SUNS","Collingwood",24,"SUB","David","Swallow","CD_I290832"
18,"People First Stadium","Gold Coast SUNS","Collingwood",32,"BPL","Bodhi","Uwland","CD_I1017665"
18,"People First Stadium","Gold Coast SUNS","Collingwood",4,"FF","Jed","Walter","CD_I1023736"
18,"People First Stadium","Gold Coast SUNS","Collingwood",14,"WL","Lachie","Weller","CD_I298524"
18,"People First Stadium","Gold Coast SUNS","Collingwood",28,"RK","Jarrod","Witts","CD_I291975"
18,"People First Stadium","Gold Coast SUNS","Collingwood",14,"RK","Darcy","Cameron","CD_I990291"
18,"People First Stadium","Gold Coast SUNS","Collingwood",46,"INT","Mason","Cox","CD_I998647"
18,"People First Stadium","Gold Coast SUNS","Collingwood",25,"RR","Jack","Crisp","CD_I293871"
18,"People First Stadium","Gold Coast SUNS","Collingwood",7,"INT","Josh","Daicos","CD_I1005054"
18,"People First Stadium","Gold Coast SUNS","Collingwood",35,"R","Nick","Daicos","CD_I1023261"
18,"People First Stadium","Gold Coast SUNS","Collingwood",5,"FF","Jamie","Elliott","CD_I293801"
18,"People First Stadium","Gold Coast SUNS","Collingwood",32,"HFFL","Will","Hoskin-Elliott","CD_I291720"
18,"People First Stadium","Gold Coast SUNS","Collingwood",9,"HBFR","Dan","Houston","CD_I994295"
18,"People First Stadium","Gold Coast SUNS","Collingwood",38,"FB","Jeremy","Howe","CD_I291313"
18,"People First Stadium","Gold Coast SUNS","Collingwood",44,"C","Ned","Long","CD_I1017124"
18,"People First Stadium","Gold Coast SUNS","Collingwood",37,"WR","Oleg","Markov","CD_I298358"
18,"People First Stadium","Gold Coast SUNS","Collingwood",4,"BPL","Brayden","Maynard","CD_I992010"
18,"People First Stadium","Gold Coast SUNS","Collingwood",11,"CHF","Daniel","McStay","CD_I297504"
18,"People First Stadium","Gold Coast SUNS","Collingwood",28,"FPL","Tim","Membrey","CD_I294596"
18,"People First Stadium","Gold Coast SUNS","Collingwood",6,"INT","Tom","Mitchell","CD_I291856"
18,"People First Stadium","Gold Coast SUNS","Collingwood",30,"BPR","Darcy","Moore","CD_I298288"
18,"People First Stadium","Gold Coast SUNS","Collingwood",10,"SUB","Scott","Pendlebury","CD_I260257"
18,"People First Stadium","Gold Coast SUNS","Collingwood",12,"CHB","Harry","Perryman","CD_I998205"
18,"People First Stadium","Gold Coast SUNS","Collingwood",3,"HBFL","Isaac","Quaynor","CD_I1008089"
18,"People First Stadium","Gold Coast SUNS","Collingwood",8,"FPR","Lachie","Schultz","CD_I1000860"
18,"People First Stadium","Gold Coast SUNS","Collingwood",22,"WL","Steele","Sidebottom","CD_I280965"
18,"People First Stadium","Gold Coast SUNS","Collingwood",45,"INT","Roan","Steele","CD_I1027501"
18,"People First Stadium","Gold Coast SUNS","Collingwood",33,"HFFR","Lachlan","Sullivan","CD_I998480"
18,"Marvel Stadium","Western Bulldogs","Adelaide Crows",4,"RR","Marcus","Bontempelli","CD_I297373"
18,"Marvel Stadium","Western Bulldogs","Adelaide Crows",29,"INT","Lachlan","Bramble","CD_I1000864"
18,"Marvel Stadium","Western Bulldogs","Adelaide Crows",17,"BPL","Nick","Coffield","CD_I1005717"
18,"Marvel Stadium","Western Bulldogs","Adelaide Crows",31,"HBFR","Bailey","Dale","CD_I996708"
18,"Marvel Stadium","Western Bulldogs","Adelaide Crows",10,"FF","Sam","Darcy","CD_I1017126"
18,"Marvel Stadium","Western Bulldogs","Adelaide Crows",42,"HFFL","Sam","Davidson","CD_I1036123"
18,"Marvel Stadium","Western Bulldogs","Adelaide Crows",26,"INT","Josh","Dolan","CD_I1034235"
18,"Marvel Stadium","Western Bulldogs","Adelaide Crows",44,"RK","Tim","English","CD_I1004592"
18,"Marvel Stadium","Western Bulldogs","Adelaide Crows",27,"WR","Joel","Freijah","CD_I1027704"
18,"Marvel Stadium","Western Bulldogs","Adelaide Crows",38,"FPR","Riley","Garcia","CD_I1006533"
18,"Marvel Stadium","Western Bulldogs","Adelaide Crows",6,"INT","Cooper","Hynes","CD_I1029456"
18,"Marvel Stadium","Western Bulldogs","Adelaide Crows",39,"HBFL","Jason","Johannisen","CD_I294101"
18,"Marvel Stadium","Western Bulldogs","Adelaide Crows",8,"HFFR","Matthew","Kennedy","CD_I1001398"
18,"Marvel Stadium","Western Bulldogs","Adelaide Crows",21,"R","Tom","Liberatore","CD_I290799"
18,"Marvel Stadium","Western Bulldogs","Adelaide Crows",7,"CHB","Rory","Lobb","CD_I990740"
18,"Marvel Stadium","Western Bulldogs","Adelaide Crows",33,"CHF","Aaron","Naughton","CD_I1002404"
18,"Marvel Stadium","Western Bulldogs","Adelaide Crows",18,"FB","James","O'Donnell","CD_I1032966"
18,"Marvel Stadium","Western Bulldogs","Adelaide Crows",25,"SUB","Caleb","Poulter","CD_I1011589"
18,"Marvel Stadium","Western Bulldogs","Adelaide Crows",20,"C","Ed","Richards","CD_I1008280"
18,"Marvel Stadium","Western Bulldogs","Adelaide Crows",9,"WL","Ryley","Sanders","CD_I1017939"
18,"Marvel Stadium","Western Bulldogs","Adelaide Crows",23,"FPL","Laitham","Vandermeer","CD_I1005000"
18,"Marvel Stadium","Western Bulldogs","Adelaide Crows",14,"INT","Rhylee","West","CD_I1006127"
18,"Marvel Stadium","Western Bulldogs","Adelaide Crows",34,"BPR","Bailey","Williams","CD_I992351"
18,"Marvel Stadium","Western Bulldogs","Adelaide Crows",3,"R","Sam","Berry","CD_I1012807"
18,"Marvel Stadium","Western Bulldogs","Adelaide Crows",41,"FB","Jordon","Butts","CD_I1004995"
18,"Marvel Stadium","Western Bulldogs","Adelaide Crows",15,"INT","Brayden","Cook","CD_I1018335"
18,"Marvel Stadium","Western Bulldogs","Adelaide Crows",44,"WL","Isaac","Cumming","CD_I1001396"
18,"Marvel Stadium","Western Bulldogs","Adelaide Crows",6,"WR","Daniel","Curtin","CD_I1024023"
18,"Marvel Stadium","Western Bulldogs","Adelaide Crows",12,"C","Jordan","Dawson","CD_I992242"
18,"Marvel Stadium","Western Bulldogs","Adelaide Crows",32,"FF","Darcy","Fogarty","CD_I999331"
18,"Marvel Stadium","Western Bulldogs","Adelaide Crows",20,"INT","Mitchell","Hinge","CD_I1004863"
18,"Marvel Stadium","Western Bulldogs","Adelaide Crows",1,"SUB","Chayce","Jones","CD_I1006203"
18,"Marvel Stadium","Western Bulldogs","Adelaide Crows",48,"CHB","Mark","Keane","CD_I1013974"
18,"Marvel Stadium","Western Bulldogs","Adelaide Crows",2,"HFFL","Ben","Keays","CD_I993946"
18,"Marvel Stadium","Western Bulldogs","Adelaide Crows",29,"BPR","Rory","Laird","CD_I293222"
18,"Marvel Stadium","Western Bulldogs","Adelaide Crows",16,"HBFR","Max","Michalanney","CD_I1015370"
18,"Marvel Stadium","Western Bulldogs","Adelaide Crows",30,"HBFL","Wayne","Milera","CD_I990882"
18,"Marvel Stadium","Western Bulldogs","Adelaide Crows",28,"INT","Alex","Neal-Bullen","CD_I296420"
18,"Marvel Stadium","Western Bulldogs","Adelaide Crows",43,"RK","Reilly","O'Brien","CD_I297523"
18,"Marvel Stadium","Western Bulldogs","Adelaide Crows",25,"INT","James","Peatling","CD_I1006013"
18,"Marvel Stadium","Western Bulldogs","Adelaide Crows",23,"FPL","Izak","Rankine","CD_I1001195"
18,"Marvel Stadium","Western Bulldogs","Adelaide Crows",14,"RR","Jake","Soligo","CD_I1017109"
18,"Marvel Stadium","Western Bulldogs","Adelaide Crows",19,"HFFR","Zac","Taylor","CD_I1017065"
18,"Marvel Stadium","Western Bulldogs","Adelaide Crows",7,"CHF","Riley","Thilthorpe","CD_I1008384"
18,"Marvel Stadium","Western Bulldogs","Adelaide Crows",13,"FPR","Taylor","Walker","CD_I280506"
18,"Marvel Stadium","Western Bulldogs","Adelaide Crows",24,"BPL","Josh","Worrell","CD_I1011981"
18,"ENGIE Stadium","GWS GIANTS","Geelong Cats",21,"FB","Leek","Aleer","CD_I1008691"
18,"ENGIE Stadium","GWS GIANTS","Geelong Cats",9,"WL","Ryan","Angwin","CD_I1015777"
18,"ENGIE Stadium","GWS GIANTS","Geelong Cats",7,"HBFR","Lachie","Ash","CD_I1009253"
18,"ENGIE Stadium","GWS GIANTS","Geelong Cats",14,"C","Toby","Bedford","CD_I1008139"
18,"ENGIE Stadium","GWS GIANTS","Geelong Cats",32,"RK","Kieren","Briggs","CD_I1008436"
18,"ENGIE Stadium","GWS GIANTS","Geelong Cats",46,"INT","Callum","Brown","CD_I1014038"
18,"ENGIE Stadium","GWS GIANTS","Geelong Cats",44,"CHB","Jack","Buckley","CD_I1009708"
18,"ENGIE Stadium","GWS GIANTS","Geelong Cats",5,"CHF","Aaron","Cadman","CD_I1019038"
18,"ENGIE Stadium","GWS GIANTS","Geelong Cats",17,"RR","Finn","Callaghan","CD_I1023266"
18,"ENGIE Stadium","GWS GIANTS","Geelong Cats",37,"BPR","Joe","Fonti","CD_I1032629"
18,"ENGIE Stadium","GWS GIANTS","Geelong Cats",12,"R","Tom","Green","CD_I1009528"
18,"ENGIE Stadium","GWS GIANTS","Geelong Cats",4,"FPR","Toby","Greene","CD_I295344"
18,"ENGIE Stadium","GWS GIANTS","Geelong Cats",27,"INT","Harry","Himmelberg","CD_I993107"
18,"ENGIE Stadium","GWS GIANTS","Geelong Cats",23,"FF","Jesse","Hogan","CD_I296324"
18,"ENGIE Stadium","GWS GIANTS","Geelong Cats",39,"BPL","Connor","Idun","CD_I1008083"
18,"ENGIE Stadium","GWS GIANTS","Geelong Cats",2,"HFFR","Darcy","Jones","CD_I1020650"
18,"ENGIE Stadium","GWS GIANTS","Geelong Cats",22,"WR","Josh","Kelly","CD_I296347"
18,"ENGIE Stadium","GWS GIANTS","Geelong Cats",33,"HFFL","Xavier","O'Halloran","CD_I1006135"
18,"ENGIE Stadium","GWS GIANTS","Geelong Cats",26,"INT","Jake","Riccardi","CD_I1008123"
18,"ENGIE Stadium","GWS GIANTS","Geelong Cats",24,"INT","Harry","Rowston","CD_I1021122"
18,"ENGIE Stadium","GWS GIANTS","Geelong Cats",20,"FPL","Jake","Stringer","CD_I293884"
18,"ENGIE Stadium","GWS GIANTS","Geelong Cats",1,"SUB","Harvey","Thomas","CD_I1027925"
18,"ENGIE Stadium","GWS GIANTS","Geelong Cats",6,"HBFL","Lachie","Whitfield","CD_I294305"
18,"ENGIE Stadium","GWS GIANTS","Geelong Cats",30,"R","Tom","Atkins","CD_I994386"
18,"ENGIE Stadium","GWS GIANTS","Geelong Cats",46,"FPL","Mark","Blicavs","CD_I296733"
18,"ENGIE Stadium","GWS GIANTS","Geelong Cats",12,"WL","Jack","Bowes","CD_I998260"
18,"ENGIE Stadium","GWS GIANTS","Geelong Cats",5,"FF","Jeremy","Cameron","CD_I293845"
18,"ENGIE Stadium","GWS GIANTS","Geelong Cats",45,"HFFL","Brad","Close","CD_I999326"
18,"ENGIE Stadium","GWS GIANTS","Geelong Cats",35,"RR","Patrick","Dangerfield","CD_I270917"
18,"ENGIE Stadium","GWS GIANTS","Geelong Cats",28,"WR","Oliver","Dempsey","CD_I1025034"
18,"ENGIE Stadium","GWS GIANTS","Geelong Cats",39,"HBFR","Zach","Guthrie","CD_I1004870"
18,"ENGIE Stadium","GWS GIANTS","Geelong Cats",38,"FB","Jack","Henry","CD_I1000937"
18,"ENGIE Stadium","GWS GIANTS","Geelong Cats",36,"SUB","Oliver","Henry","CD_I1012860"
18,"ENGIE Stadium","GWS GIANTS","Geelong Cats",9,"CHB","Max","Holmes","CD_I1015889"
18,"ENGIE Stadium","GWS GIANTS","Geelong Cats",17,"INT","Lawson","Humphries","CD_I1013464"
18,"ENGIE Stadium","GWS GIANTS","Geelong Cats",7,"CHF","Shaun","Mannagh","CD_I993878"
18,"ENGIE Stadium","GWS GIANTS","Geelong Cats",19,"INT","Jack","Martin","CD_I296190"
18,"ENGIE Stadium","GWS GIANTS","Geelong Cats",32,"HFFR","Gryan","Miers","CD_I1004938"
18,"ENGIE Stadium","GWS GIANTS","Geelong Cats",34,"INT","Oisin","Mullin","CD_I1024982"
18,"ENGIE Stadium","GWS GIANTS","Geelong Cats",33,"FPR","Shannon","Neale","CD_I1016433"
18,"ENGIE Stadium","GWS GIANTS","Geelong Cats",42,"HBFL","Mark","O'Connor","CD_I1007102"
18,"ENGIE Stadium","GWS GIANTS","Geelong Cats",14,"BPR","Connor","O'Sullivan","CD_I1027877"
18,"ENGIE Stadium","GWS GIANTS","Geelong Cats",3,"C","Bailey","Smith","CD_I1006130"
18,"ENGIE Stadium","GWS GIANTS","Geelong Cats",1,"RK","Rhys","Stanley","CD_I280317"
18,"ENGIE Stadium","GWS GIANTS","Geelong Cats",15,"INT","George","Stevens","CD_I1023681"
18,"ENGIE Stadium","GWS GIANTS","Geelong Cats",44,"BPL","Tom","Stewart","CD_I291800"
18,"MCG","Richmond","Essendon",41,"CHB","Sam","Banks","CD_I1013197"
18,"MCG","Richmond","Essendon",35,"BPR","Nathan","Broad","CD_I295203"
18,"MCG","Richmond","Essendon",30,"INT","Tom","Brown","CD_I1017086"
18,"MCG","Richmond","Essendon",44,"CHF","Seth","Campbell","CD_I1023275"
18,"MCG","Richmond","Essendon",26,"FF","Jonty","Faull","CD_I1028498"
18,"MCG","Richmond","Essendon",2,"R","Jacob","Hopper","CD_I993903"
18,"MCG","Richmond","Essendon",24,"INT","Taj","Hotton","CD_I1032106"
18,"MCG","Richmond","Essendon",20,"FPL","Jacob","Koschitzke","CD_I1006030"
18,"MCG","Richmond","Essendon",7,"FPR","Rhyan","Mansell","CD_I1008478"
18,"MCG","Richmond","Essendon",33,"WL","Kamdyn","McIntosh","CD_I294592"
18,"MCG","Richmond","Essendon",12,"FB","Ben","Miller","CD_I1002403"
18,"MCG","Richmond","Essendon",25,"RK","Toby","Nankervis","CD_I298174"
18,"MCG","Richmond","Essendon",3,"C","Dion","Prestia","CD_I290627"
18,"MCG","Richmond","Essendon",17,"HFFR","Maurice","Rioli","CD_I1009551"
18,"MCG","Richmond","Essendon",5,"INT","Jack","Ross","CD_I1006133"
18,"MCG","Richmond","Essendon",15,"HBFL","Jayden","Short","CD_I992049"
18,"MCG","Richmond","Essendon",38,"INT","Thomas","Sims","CD_I1018996"
18,"MCG","Richmond","Essendon",40,"HFFL","Tyler","Sonsie","CD_I1017114"
18,"MCG","Richmond","Essendon",14,"RR","Tim","Taranto","CD_I998172"
18,"MCG","Richmond","Essendon",31,"WR","Luke","Trainor","CD_I1028521"
18,"MCG","Richmond","Essendon",36,"SUB","James","Trezise","CD_I1031829"
18,"MCG","Richmond","Essendon",1,"HBFR","Nick","Vlastuin","CD_I294674"
18,"MCG","Richmond","Essendon",45,"BPL","Tylar","Young","CD_I1018433"
18,"MCG","Richmond","Essendon",46,"WR","Lachlan","Blakiston","CD_I1028196"
18,"MCG","Richmond","Essendon",30,"CHF","Nate","Caddy","CD_I1027899"
18,"MCG","Richmond","Essendon",36,"HBFR","Angus","Clarke","CD_I1027284"
18,"MCG","Richmond","Essendon",22,"R","Sam","Durham","CD_I1015810"
18,"MCG","Richmond","Essendon",28,"WL","Xavier","Duursma","CD_I1006096"
18,"MCG","Richmond","Essendon",17,"RK","Todd","Goldstein","CD_I271129"
18,"MCG","Richmond","Essendon",8,"INT","Ben","Hobbs","CD_I1017088"
18,"MCG","Richmond","Essendon",40,"SUB","Zak","Johnson","CD_I1028519"
18,"MCG","Richmond","Essendon",10,"FPR","Isaac","Kako","CD_I1028554"
18,"MCG","Richmond","Essendon",15,"FB","Jayden","Laverde","CD_I298280"
18,"MCG","Richmond","Essendon",34,"INT","Luamon","Lual","CD_I1027706"
18,"MCG","Richmond","Essendon",37,"HFFR","Nic","Martin","CD_I1012013"
18,"MCG","Richmond","Essendon",26,"FPL","Archer","May","CD_I1029084"
18,"MCG","Richmond","Essendon",1,"BPL","Andrew","McGrath","CD_I998102"
18,"MCG","Richmond","Essendon",7,"C","Zach","Merrett","CD_I992016"
18,"MCG","Richmond","Essendon",25,"INT","Jaxon","Prior","CD_I1009386"
18,"MCG","Richmond","Essendon",27,"HBFL","Mason","Redman","CD_I997078"
18,"MCG","Richmond","Essendon",14,"CHB","Jordan","Ridley","CD_I1001026"
18,"MCG","Richmond","Essendon",21,"BPR","Archie","Roberts","CD_I1023515"
18,"MCG","Richmond","Essendon",12,"HFFL","Will","Setterfield","CD_I998215"
18,"MCG","Richmond","Essendon",47,"RR","Oskar","Smartt","CD_I1027644"
18,"MCG","Richmond","Essendon",5,"INT","Elijah","Tsatas","CD_I1023785"
18,"MCG","Richmond","Essendon",20,"FF","Peter","Wright","CD_I298289"
18,"Optus Stadium","Fremantle","Hawthorn",24,"FPR","Jye","Amiss","CD_I1020594"
18,"Optus Stadium","Fremantle","Hawthorn",41,"INT","Bailey","Banfield","CD_I998180"
18,"Optus Stadium","Fremantle","Hawthorn",15,"HFFR","Shai","Bolton","CD_I993993"
18,"Optus Stadium","Fremantle","Hawthorn",8,"R","Andrew","Brayshaw","CD_I1002232"
18,"Optus Stadium","Fremantle","Hawthorn",5,"HBFL","Heath","Chapman","CD_I1013224"
18,"Optus Stadium","Fremantle","Hawthorn",6,"HBFR","Jordan","Clark","CD_I1006152"
18,"Optus Stadium","Fremantle","Hawthorn",36,"FB","Brennan","Cox","CD_I997033"
18,"Optus Stadium","Fremantle","Hawthorn",4,"WR","Sean","Darcy","CD_I998145"
18,"Optus Stadium","Fremantle","Hawthorn",43,"SUB","Isaiah","Dudley","CD_I1011558"
18,"Optus Stadium","Fremantle","Hawthorn",32,"FPL","Michael","Frederick","CD_I999321"
18,"Optus Stadium","Fremantle","Hawthorn",9,"RK","Luke","Jackson","CD_I1009399"
18,"Optus Stadium","Fremantle","Hawthorn",44,"WL","Matthew","Johnson","CD_I1016825"
18,"Optus Stadium","Fremantle","Hawthorn",21,"BPR","Oscar","McDonald","CD_I992472"
18,"Optus Stadium","Fremantle","Hawthorn",30,"INT","Nathan","O'Driscoll","CD_I1013220"
18,"Optus Stadium","Fremantle","Hawthorn",2,"INT","Jaeger","O'Meara","CD_I294613"
18,"Optus Stadium","Fremantle","Hawthorn",16,"INT","Murphy","Reid","CD_I1028513"
18,"Optus Stadium","Fremantle","Hawthorn",13,"BPL","Luke","Ryan","CD_I998659"
18,"Optus Stadium","Fremantle","Hawthorn",3,"RR","Caleb","Serong","CD_I1009420"
18,"Optus Stadium","Fremantle","Hawthorn",39,"HFFL","Sam","Switkowski","CD_I992059"
18,"Optus Stadium","Fremantle","Hawthorn",35,"FF","Josh","Treacy","CD_I1012819"
18,"Optus Stadium","Fremantle","Hawthorn",20,"CHF","Patrick","Voss","CD_I1017754"
18,"Optus Stadium","Fremantle","Hawthorn",34,"C","Corey","Wagner","CD_I993940"
18,"Optus Stadium","Fremantle","Hawthorn",23,"CHB","Karl","Worner","CD_I1021015"
18,"Optus Stadium","Fremantle","Hawthorn",10,"BPR","Karl","Amon","CD_I297354"
18,"Optus Stadium","Fremantle","Hawthorn",37,"FB","Tom","Barrass","CD_I990290"
18,"Optus Stadium","Fremantle","Hawthorn",24,"BPL","Josh","Battle","CD_I998134"
18,"Optus Stadium","Fremantle","Hawthorn",18,"FF","Mabior","Chol","CD_I994077"
18,"Optus Stadium","Fremantle","Hawthorn",16,"WL","Massimo","D'Ambrosio","CD_I1005144"
18,"Optus Stadium","Fremantle","Hawthorn",35,"FPL","Calsher","Dear","CD_I1032100"
18,"Optus Stadium","Fremantle","Hawthorn",33,"WR","Jack","Ginnivan","CD_I1012857"
18,"Optus Stadium","Fremantle","Hawthorn",19,"CHF","Jack","Gunston","CD_I291351"
18,"Optus Stadium","Fremantle","Hawthorn",15,"HBFR","Blake","Hardwick","CD_I993794"
18,"Optus Stadium","Fremantle","Hawthorn",4,"HBFL","Jarman","Impey","CD_I296254"
18,"Optus Stadium","Fremantle","Hawthorn",9,"INT","Changkuoth","Jiath","CD_I998390"
18,"Optus Stadium","Fremantle","Hawthorn",31,"INT","Connor","Macdonald","CD_I1017094"
18,"Optus Stadium","Fremantle","Hawthorn",28,"INT","Cam","Mackenzie","CD_I1023482"
18,"Optus Stadium","Fremantle","Hawthorn",20,"SUB","Finn","Maginness","CD_I1009421"
18,"Optus Stadium","Fremantle","Hawthorn",17,"RK","Lloyd","Meek","CD_I1000980"
18,"Optus Stadium","Fremantle","Hawthorn",13,"FPR","Dylan","Moore","CD_I1006314"
18,"Optus Stadium","Fremantle","Hawthorn",1,"HFFL","Harry","Morrison","CD_I1000963"
18,"Optus Stadium","Fremantle","Hawthorn",11,"C","Conor","Nash","CD_I1007124"
18,"Optus Stadium","Fremantle","Hawthorn",3,"RR","Jai","Newcombe","CD_I1020895"
18,"Optus Stadium","Fremantle","Hawthorn",6,"CHB","James","Sicily","CD_I297566"
18,"Optus Stadium","Fremantle","Hawthorn",25,"R","Josh","Ward","CD_I1017110"
18,"Optus Stadium","Fremantle","Hawthorn",34,"HFFR","Nick","Watson","CD_I1023473"
18,"Optus Stadium","Fremantle","Hawthorn",5,"INT","James","Worpel","CD_I1002222"
18,"MCG","Melbourne","North Melbourne",17,"BPL","Jake","Bowey","CD_I1012825"
18,"MCG","Melbourne","North Melbourne",37,"WL","Kade","Chandler","CD_I1005330"
18,"MCG","Melbourne","North Melbourne",31,"CHF","Bayley","Fritsch","CD_I1001438"
18,"MCG","Melbourne","North Melbourne",11,"RK","Max","Gawn","CD_I290528"
18,"MCG","Melbourne","North Melbourne",21,"INT","Matthew","Jefferson","CD_I1023486"
18,"MCG","Melbourne","North Melbourne",15,"HFFR","Ed","Langdon","CD_I298264"
18,"MCG","Melbourne","North Melbourne",19,"WR","Harvey","Langford","CD_I1028546"
18,"MCG","Melbourne","North Melbourne",8,"CHB","Jake","Lever","CD_I298281"
18,"MCG","Melbourne","North Melbourne",20,"HBFL","Xavier","Lindsay","CD_I1028531"
18,"MCG","Melbourne","North Melbourne",25,"FB","Tom","McDonald","CD_I291533"
18,"MCG","Melbourne","North Melbourne",4,"INT","Judd","McVee","CD_I1017703"
18,"MCG","Melbourne","North Melbourne",18,"FPL","Jake","Melksham","CD_I280824"
18,"MCG","Melbourne","North Melbourne",13,"INT","Clayton","Oliver","CD_I996701"
18,"MCG","Melbourne","North Melbourne",5,"C","Christian","Petracca","CD_I298210"
18,"MCG","Melbourne","North Melbourne",36,"FPR","Kysaiah","Pickett","CD_I1008541"
18,"MCG","Melbourne","North Melbourne",24,"R","Trent","Rivers","CD_I1009378"
18,"MCG","Melbourne","North Melbourne",3,"BPR","Christian","Salem","CD_I296359"
18,"MCG","Melbourne","North Melbourne",32,"RR","Tom","Sparrow","CD_I999391"
18,"MCG","Melbourne","North Melbourne",12,"INT","Koltyn","Tholstrup","CD_I1023640"
18,"MCG","Melbourne","North Melbourne",10,"HBFR","Daniel","Turner","CD_I1020959"
18,"MCG","Melbourne","North Melbourne",2,"FF","Jacob","van Rooyen","CD_I1017720"
18,"MCG","Melbourne","North Melbourne",7,"HFFL","Jack","Viney","CD_I291902"
18,"MCG","Melbourne","North Melbourne",6,"SUB","Caleb","Windsor","CD_I1027821"
18,"MCG","Melbourne","North Melbourne",30,"HBFL","Charlie","Comben","CD_I1015781"
18,"MCG","Melbourne","North Melbourne",25,"HFFL","Paul","Curtis","CD_I1002947"
18,"MCG","Melbourne","North Melbourne",5,"CHB","Caleb","Daniel","CD_I295136"
18,"MCG","Melbourne","North Melbourne",28,"FF","Jack","Darling","CD_I290838"
18,"MCG","Melbourne","North Melbourne",18,"BPL","Wil","Dawson","CD_I1028551"
18,"MCG","Melbourne","North Melbourne",46,"INT","Robert","Hansen Jr","CD_I1023144"
18,"MCG","Melbourne","North Melbourne",17,"INT","Riley","Hardeman","CD_I1023625"
18,"MCG","Melbourne","North Melbourne",37,"INT","Cooper","Harvey","CD_I1020979"
18,"MCG","Melbourne","North Melbourne",41,"FPL","Jacob","Konstanty","CD_I1023530"
18,"MCG","Melbourne","North Melbourne",19,"BPR","Griffin","Logue","CD_I997933"
18,"MCG","Melbourne","North Melbourne",39,"FPR","Finnbar","Maley","CD_I1031792"
18,"MCG","Melbourne","North Melbourne",10,"HFFR","Colby","McKercher","CD_I1024272"
18,"MCG","Melbourne","North Melbourne",2,"HBFR","Finn","O'Sullivan","CD_I1028495"
18,"MCG","Melbourne","North Melbourne",26,"INT","Luke","Parker","CD_I290778"
18,"MCG","Melbourne","North Melbourne",29,"C","Will","Phillips","CD_I1012829"
18,"MCG","Melbourne","North Melbourne",32,"FB","Toby","Pink","CD_I1002138"
18,"MCG","Melbourne","North Melbourne",24,"RR","Tom","Powell","CD_I1011659"
18,"MCG","Melbourne","North Melbourne",8,"SUB","Bailey","Scott","CD_I1006058"
18,"MCG","Melbourne","North Melbourne",3,"R","Harry","Sheezel","CD_I1023518"
18,"MCG","Melbourne","North Melbourne",12,"WR","Jy","Simpkin","CD_I993998"
18,"MCG","Melbourne","North Melbourne",15,"WL","Dylan","Stephens","CD_I1004848"
18,"MCG","Melbourne","North Melbourne",38,"RK","Tristan","Xerri","CD_I1004965"
18,"MCG","Melbourne","North Melbourne",44,"CHF","Cameron","Zurhaar","CD_I998484"
18,"Marvel Stadium","St Kilda","Sydney Swans",38,"INT","Hugh","Boxshall","CD_I1029148"
18,"Marvel Stadium","St Kilda","Sydney Swans",16,"INT","Dan","Butler","CD_I992374"
18,"Marvel Stadium","St Kilda","Sydney Swans",47,"FPL","Anthony","Caminiti","CD_I1023784"
18,"Marvel Stadium","St Kilda","Sydney Swans",11,"SUB","Hunter","Clark","CD_I1002264"
18,"Marvel Stadium","St Kilda","Sydney Swans",34,"C","Hugo","Garcia","CD_I1027790"
18,"Marvel Stadium","St Kilda","Sydney Swans",40,"CHF","Max","Hall","CD_I1020855"
18,"Marvel Stadium","St Kilda","Sydney Swans",24,"HBFL","Angus","Hastie","CD_I1027872"
18,"Marvel Stadium","St Kilda","Sydney Swans",42,"FF","Max","Heath","CD_I1015886"
18,"Marvel Stadium","St Kilda","Sydney Swans",23,"INT","Liam","Henry","CD_I1005988"
18,"Marvel Stadium","St Kilda","Sydney Swans",1,"HFFL","Jack","Higgins","CD_I1002227"
18,"Marvel Stadium","St Kilda","Sydney Swans",8,"WR","Bradley","Hill","CD_I295584"
18,"Marvel Stadium","St Kilda","Sydney Swans",6,"RR","Jack","Macrae","CD_I295467"
18,"Marvel Stadium","St Kilda","Sydney Swans",19,"RK","Rowan","Marshall","CD_I992468"
18,"Marvel Stadium","St Kilda","Sydney Swans",10,"FPR","Mitch","Owens","CD_I1023272"
18,"Marvel Stadium","St Kilda","Sydney Swans",43,"HFFR","Cooper","Sharman","CD_I1018018"
18,"Marvel Stadium","St Kilda","Sydney Swans",35,"HBFR","Jack","Sinclair","CD_I994389"
18,"Marvel Stadium","St Kilda","Sydney Swans",9,"R","Jack","Steele","CD_I296205"
18,"Marvel Stadium","St Kilda","Sydney Swans",14,"INT","Liam","Stocker","CD_I1008312"
18,"Marvel Stadium","St Kilda","Sydney Swans",26,"BPR","Alixzander","Tauru","CD_I1030433"
18,"Marvel Stadium","St Kilda","Sydney Swans",7,"CHB","Nasiah","Wanganeen-Milera","CD_I1015507"
18,"Marvel Stadium","St Kilda","Sydney Swans",44,"FB","Callum","Wilkie","CD_I296422"
18,"Marvel Stadium","St Kilda","Sydney Swans",2,"BPL","Marcus","Windhager","CD_I1023270"
18,"Marvel Stadium","St Kilda","Sydney Swans",32,"WL","Mason","Wood","CD_I295340"
18,"Marvel Stadium","St Kilda","Sydney Swans",26,"SUB","Riley","Bice","CD_I1008224"
18,"Marvel Stadium","St Kilda","Sydney Swans",22,"BPR","Nick","Blakey","CD_I1006028"
18,"Marvel Stadium","St Kilda","Sydney Swans",39,"FPL","Jack","Buller","CD_I1009392"
18,"Marvel Stadium","St Kilda","Sydney Swans",16,"INT","Braeden","Campbell","CD_I1013133"
18,"Marvel Stadium","St Kilda","Sydney Swans",7,"CHB","Harry","Cunningham","CD_I291978"
18,"Marvel Stadium","St Kilda","Sydney Swans",10,"INT","Aaron","Francis","CD_I990816"
18,"Marvel Stadium","St Kilda","Sydney Swans",4,"RK","Brodie","Grundy","CD_I293957"
18,"Marvel Stadium","St Kilda","Sydney Swans",21,"HFFL","Errol","Gulden","CD_I1013128"
18,"Marvel Stadium","St Kilda","Sydney Swans",29,"INT","Joel","Hamling","CD_I295222"
18,"Marvel Stadium","St Kilda","Sydney Swans",9,"CHF","Will","Hayward","CD_I997100"
18,"Marvel Stadium","St Kilda","Sydney Swans",5,"RR","Isaac","Heeney","CD_I298539"
18,"Marvel Stadium","St Kilda","Sydney Swans",17,"HFFR","James","Jordon","CD_I1013409"
18,"Marvel Stadium","St Kilda","Sydney Swans",44,"WR","Jake","Lloyd","CD_I295342"
18,"Marvel Stadium","St Kilda","Sydney Swans",30,"FB","Tom","McCartin","CD_I1008198"
18,"Marvel Stadium","St Kilda","Sydney Swans",27,"FPR","Justin","McInerney","CD_I1011936"
18,"Marvel Stadium","St Kilda","Sydney Swans",2,"FF","Hayden","McLean","CD_I1003203"
18,"Marvel Stadium","St Kilda","Sydney Swans",43,"BPL","Lewis","Melican","CD_I996743"
18,"Marvel Stadium","St Kilda","Sydney Swans",14,"HBFL","Callum","Mills","CD_I993905"
18,"Marvel Stadium","St Kilda","Sydney Swans",34,"WL","Matt","Roberts","CD_I1012210"
18,"Marvel Stadium","St Kilda","Sydney Swans",8,"R","James","Rowbottom","CD_I1006126"
18,"Marvel Stadium","St Kilda","Sydney Swans",12,"INT","Angus","Sheldrick","CD_I1020339"
18,"Marvel Stadium","St Kilda","Sydney Swans",1,"C","Chad","Warner","CD_I1012014"
18,"Marvel Stadium","St Kilda","Sydney Swans",15,"HBFR","Sam","Wicks","CD_I1006232"
18,"Adelaide Oval","Port Adelaide","West Coast Eagles",21,"FB","Aliir","Aliir","CD_I294469"
18,"Adelaide Oval","Port Adelaide","West Coast Eagles",14,"RR","Miles","Bergman","CD_I1009191"
18,"Adelaide Oval","Port Adelaide","West Coast Eagles",10,"WR","Travis","Boak","CD_I250365"
18,"Adelaide Oval","Port Adelaide","West Coast Eagles",7,"CHB","Jase","Burgoyne","CD_I1013462"
18,"Adelaide Oval","Port Adelaide","West Coast Eagles",9,"R","Zak","Butters","CD_I1006121"
18,"Adelaide Oval","Port Adelaide","West Coast Eagles",33,"CHF","Darcy","Byrne-Jones","CD_I991930"
18,"Adelaide Oval","Port Adelaide","West Coast Eagles",28,"C","Willem","Drew","CD_I1000972"
18,"Adelaide Oval","Port Adelaide","West Coast Eagles",6,"BPR","Kane","Farrell","CD_I1002253"
18,"Adelaide Oval","Port Adelaide","West Coast Eagles",19,"FF","Mitch","Georgiades","CD_I1010174"
18,"Adelaide Oval","Port Adelaide","West Coast Eagles",18,"FPL","Jason","Horne-Francis","CD_I1011640"
18,"Adelaide Oval","Port Adelaide","West Coast Eagles",39,"INT","Hugh","Jackson","CD_I1015330"
18,"Adelaide Oval","Port Adelaide","West Coast Eagles",34,"HBFL","Lachie","Jones","CD_I1011583"
18,"Adelaide Oval","Port Adelaide","West Coast Eagles",50,"WL","Mani","Liddy","CD_I1008649"
18,"Adelaide Oval","Port Adelaide","West Coast Eagles",30,"FPR","Ollie","Lord","CD_I1012881"
18,"Adelaide Oval","Port Adelaide","West Coast Eagles",36,"SUB","Will","Lorenz","CD_I1029262"
18,"Adelaide Oval","Port Adelaide","West Coast Eagles",12,"HFFR","Jack","Lukosius","CD_I1004095"
18,"Adelaide Oval","Port Adelaide","West Coast Eagles",35,"HFFL","Joe","Richards","CD_I1008239"
18,"Adelaide Oval","Port Adelaide","West Coast Eagles",15,"INT","Willie","Rioli","CD_I296225"
18,"Adelaide Oval","Port Adelaide","West Coast Eagles",1,"HBFR","Connor","Rozee","CD_I1001299"
18,"Adelaide Oval","Port Adelaide","West Coast Eagles",8,"INT","Josh","Sinn","CD_I1017078"
18,"Adelaide Oval","Port Adelaide","West Coast Eagles",24,"RK","Jordon","Sweet","CD_I992330"
18,"Adelaide Oval","Port Adelaide","West Coast Eagles",16,"INT","Ollie","Wines","CD_I294318"
18,"Adelaide Oval","Port Adelaide","West Coast Eagles",25,"BPL","Brandon","Zerk-Thatcher","CD_I1004034"
18,"Adelaide Oval","Port Adelaide","West Coast Eagles",3,"HBFR","Liam","Baker","CD_I1000223"
18,"Adelaide Oval","Port Adelaide","West Coast Eagles",33,"BPL","Rhett","Bazzo","CD_I1017718"
18,"Adelaide Oval","Port Adelaide","West Coast Eagles",10,"HFFL","Tyler","Brockman","CD_I1013511"
18,"Adelaide Oval","Port Adelaide","West Coast Eagles",37,"INT","Malakai","Champion","CD_I1029136"
18,"Adelaide Oval","Port Adelaide","West Coast Eagles",28,"INT","Tom","Cole","CD_I993820"
18,"Adelaide Oval","Port Adelaide","West Coast Eagles",15,"HFFR","Jamie","Cripps","CD_I290826"
18,"Adelaide Oval","Port Adelaide","West Coast Eagles",43,"WL","Tyrell","Dewar","CD_I1023142"
18,"Adelaide Oval","Port Adelaide","West Coast Eagles",14,"HBFL","Liam","Duggan","CD_I298268"
18,"Adelaide Oval","Port Adelaide","West Coast Eagles",42,"FB","Harry","Edwards","CD_I1011437"
18,"Adelaide Oval","Port Adelaide","West Coast Eagles",25,"RK","Matt","Flynn","CD_I993902"
18,"Adelaide Oval","Port Adelaide","West Coast Eagles",7,"CHB","Reuben","Ginbey","CD_I1023025"
18,"Adelaide Oval","Port Adelaide","West Coast Eagles",29,"INT","Clay","Hall","CD_I1024188"
18,"Adelaide Oval","Port Adelaide","West Coast Eagles",8,"C","Elijah","Hewett","CD_I1020670"
18,"Adelaide Oval","Port Adelaide","West Coast Eagles",19,"RR","Brady","Hough","CD_I1023167"
18,"Adelaide Oval","Port Adelaide","West Coast Eagles",44,"FPL","Jack","Hutchinson","CD_I1036098"
18,"Adelaide Oval","Port Adelaide","West Coast Eagles",13,"SUB","Noah","Long","CD_I1023496"
18,"Adelaide Oval","Port Adelaide","West Coast Eagles",23,"WR","Ryan","Maric","CD_I1029416"
18,"Adelaide Oval","Port Adelaide","West Coast Eagles",45,"BPR","Tom","McCarthy","CD_I1036124"
18,"Adelaide Oval","Port Adelaide","West Coast Eagles",16,"FPR","Matthew","Owies","CD_I1013973"
18,"Adelaide Oval","Port Adelaide","West Coast Eagles",9,"R","Harley","Reid","CD_I1023492"
18,"Adelaide Oval","Port Adelaide","West Coast Eagles",35,"CHF","Jobe","Shanahan","CD_I1031913"
18,"Adelaide Oval","Port Adelaide","West Coast Eagles",32,"FF","Bailey J.","Williams","CD_I1006114"
18,"Adelaide Oval","Port Adelaide","West Coast Eagles",34,"INT","Jack","Williams","CD_I1020371"
19,"Marvel Stadium","Essendon","GWS GIANTS",46,"HFFR","Lachlan","Blakiston","CD_I1028196"
19,"Marvel Stadium","Essendon","GWS GIANTS",36,"HBFR","Angus","Clarke","CD_I1027284"
19,"Marvel Stadium","Essendon","GWS GIANTS",22,"R","Sam","Durham","CD_I1015810"
19,"Marvel Stadium","Essendon","GWS GIANTS",28,"WL","Xavier","Duursma","CD_I1006096"
19,"Marvel Stadium","Essendon","GWS GIANTS",11,"INT","Jade","Gresham","CD_I298421"
19,"Marvel Stadium","Essendon","GWS GIANTS",35,"RR","Matt","Guelfi","CD_I996232"
19,"Marvel Stadium","Essendon","GWS GIANTS",40,"SUB","Zak","Johnson","CD_I1028519"
19,"Marvel Stadium","Essendon","GWS GIANTS",10,"FPR","Isaac","Kako","CD_I1028554"
19,"Marvel Stadium","Essendon","GWS GIANTS",15,"FB","Jayden","Laverde","CD_I298280"
19,"Marvel Stadium","Essendon","GWS GIANTS",34,"WR","Luamon","Lual","CD_I1027706"
19,"Marvel Stadium","Essendon","GWS GIANTS",26,"FPL","Archer","May","CD_I1029084"
19,"Marvel Stadium","Essendon","GWS GIANTS",1,"BPL","Andrew","McGrath","CD_I998102"
19,"Marvel Stadium","Essendon","GWS GIANTS",48,"FF","Liam","McMahon","CD_I1012842"
19,"Marvel Stadium","Essendon","GWS GIANTS",7,"C","Zach","Merrett","CD_I992016"
19,"Marvel Stadium","Essendon","GWS GIANTS",16,"HFFL","Archie","Perkins","CD_I1015873"
19,"Marvel Stadium","Essendon","GWS GIANTS",25,"INT","Jaxon","Prior","CD_I1009386"
19,"Marvel Stadium","Essendon","GWS GIANTS",27,"HBFL","Mason","Redman","CD_I997078"
19,"Marvel Stadium","Essendon","GWS GIANTS",14,"CHB","Jordan","Ridley","CD_I1001026"
19,"Marvel Stadium","Essendon","GWS GIANTS",21,"BPR","Archie","Roberts","CD_I1023515"
19,"Marvel Stadium","Essendon","GWS GIANTS",9,"INT","Dylan","Shiel","CD_I291783"
19,"Marvel Stadium","Essendon","GWS GIANTS",47,"INT","Oskar","Smartt","CD_I1027644"
19,"Marvel Stadium","Essendon","GWS GIANTS",39,"RK","Vigo","Visentini","CD_I1027966"
19,"Marvel Stadium","Essendon","GWS GIANTS",20,"CHF","Peter","Wright","CD_I298289"
19,"Marvel Stadium","Essendon","GWS GIANTS",21,"CHB","Leek","Aleer","CD_I1008691"
19,"Marvel Stadium","Essendon","GWS GIANTS",9,"WL","Ryan","Angwin","CD_I1015777"
19,"Marvel Stadium","Essendon","GWS GIANTS",7,"HBFR","Lachie","Ash","CD_I1009253"
19,"Marvel Stadium","Essendon","GWS GIANTS",14,"HFFL","Toby","Bedford","CD_I1008139"
19,"Marvel Stadium","Essendon","GWS GIANTS",32,"RK","Kieren","Briggs","CD_I1008436"
19,"Marvel Stadium","Essendon","GWS GIANTS",46,"INT","Callum","Brown","CD_I1014038"
19,"Marvel Stadium","Essendon","GWS GIANTS",44,"FB","Jack","Buckley","CD_I1009708"
19,"Marvel Stadium","Essendon","GWS GIANTS",5,"CHF","Aaron","Cadman","CD_I1019038"
19,"Marvel Stadium","Essendon","GWS GIANTS",17,"RR","Finn","Callaghan","CD_I1023266"
19,"Marvel Stadium","Essendon","GWS GIANTS",3,"INT","Stephen","Coniglio","CD_I291969"
19,"Marvel Stadium","Essendon","GWS GIANTS",37,"INT","Joe","Fonti","CD_I1032629"
19,"Marvel Stadium","Essendon","GWS GIANTS",12,"R","Tom","Green","CD_I1009528"
19,"Marvel Stadium","Essendon","GWS GIANTS",4,"FPR","Toby","Greene","CD_I295344"
19,"Marvel Stadium","Essendon","GWS GIANTS",35,"INT","Max","Gruzewski","CD_I1027921"
19,"Marvel Stadium","Essendon","GWS GIANTS",27,"BPR","Harry","Himmelberg","CD_I993107"
19,"Marvel Stadium","Essendon","GWS GIANTS",39,"BPL","Connor","Idun","CD_I1008083"
19,"Marvel Stadium","Essendon","GWS GIANTS",2,"HFFR","Darcy","Jones","CD_I1020650"
19,"Marvel Stadium","Essendon","GWS GIANTS",31,"WR","Toby","McMullin","CD_I1027971"
19,"Marvel Stadium","Essendon","GWS GIANTS",33,"C","Xavier","O'Halloran","CD_I1006135"
19,"Marvel Stadium","Essendon","GWS GIANTS",26,"FF","Jake","Riccardi","CD_I1008123"
19,"Marvel Stadium","Essendon","GWS GIANTS",24,"SUB","Harry","Rowston","CD_I1021122"
19,"Marvel Stadium","Essendon","GWS GIANTS",20,"FPL","Jake","Stringer","CD_I293884"
19,"Marvel Stadium","Essendon","GWS GIANTS",6,"HBFL","Lachie","Whitfield","CD_I294305"
19,"Gabba","Brisbane Lions","Western Bulldogs",4,"HFFR","Callum","Ah Chee","CD_I298437"
19,"Gabba","Brisbane Lions","Western Bulldogs",31,"CHB","Harris","Andrews","CD_I996059"
19,"Gabba","Brisbane Lions","Western Bulldogs",10,"WL","Levi","Ashcroft","CD_I1028560"
19,"Gabba","Brisbane Lions","Western Bulldogs",8,"INT","Will","Ashcroft","CD_I1023517"
19,"Gabba","Brisbane Lions","Western Bulldogs",7,"WR","Jarrod","Berry","CD_I998133"
19,"Gabba","Brisbane Lions","Western Bulldogs",23,"HFFL","Charlie","Cameron","CD_I990609"
19,"Gabba","Brisbane Lions","Western Bulldogs",5,"RR","Josh","Dunkley","CD_I993834"
19,"Gabba","Brisbane Lions","Western Bulldogs",3,"HBFL","Jaspa","Fletcher","CD_I1023708"
19,"Gabba","Brisbane Lions","Western Bulldogs",32,"INT","Darcy","Fort","CD_I298211"
19,"Gabba","Brisbane Lions","Western Bulldogs",27,"FB","Darcy","Gardiner","CD_I296269"
19,"Gabba","Brisbane Lions","Western Bulldogs",30,"CHF","Eric","Hipwood","CD_I993953"
19,"Gabba","Brisbane Lions","Western Bulldogs",35,"BPR","Ryan","Lester","CD_I291548"
19,"Gabba","Brisbane Lions","Western Bulldogs",1,"FPR","Kai","Lohmann","CD_I1014026"
19,"Gabba","Brisbane Lions","Western Bulldogs",20,"SUB","Sam","Marshall","CD_I1028520"
19,"Gabba","Brisbane Lions","Western Bulldogs",6,"C","Hugh","McCluggage","CD_I1000978"
19,"Gabba","Brisbane Lions","Western Bulldogs",46,"RK","Oscar","McInerney","CD_I1005521"
19,"Gabba","Brisbane Lions","Western Bulldogs",13,"FF","Logan","Morris","CD_I1028019"
19,"Gabba","Brisbane Lions","Western Bulldogs",9,"R","Lachie","Neale","CD_I293535"
19,"Gabba","Brisbane Lions","Western Bulldogs",16,"FPL","Cam","Rayner","CD_I1002235"
19,"Gabba","Brisbane Lions","Western Bulldogs",38,"INT","Bruce","Reville","CD_I1009317"
19,"Gabba","Brisbane Lions","Western Bulldogs",37,"HBFR","Brandon","Starcevich","CD_I1002401"
19,"Gabba","Brisbane Lions","Western Bulldogs",44,"INT","Darcy","Wilmot","CD_I1017067"
19,"Gabba","Brisbane Lions","Western Bulldogs",15,"BPL","Dayne","Zorko","CD_I261224"
19,"Gabba","Brisbane Lions","Western Bulldogs",4,"RR","Marcus","Bontempelli","CD_I297373"
19,"Gabba","Brisbane Lions","Western Bulldogs",29,"BPL","Lachlan","Bramble","CD_I1000864"
19,"Gabba","Brisbane Lions","Western Bulldogs",36,"FB","Luke","Cleary","CD_I1015929"
19,"Gabba","Brisbane Lions","Western Bulldogs",31,"HBFR","Bailey","Dale","CD_I996708"
19,"Gabba","Brisbane Lions","Western Bulldogs",10,"FF","Sam","Darcy","CD_I1017126"
19,"Gabba","Brisbane Lions","Western Bulldogs",42,"INT","Sam","Davidson","CD_I1036123"
19,"Gabba","Brisbane Lions","Western Bulldogs",44,"RK","Tim","English","CD_I1004592"
19,"Gabba","Brisbane Lions","Western Bulldogs",27,"INT","Joel","Freijah","CD_I1027704"
19,"Gabba","Brisbane Lions","Western Bulldogs",38,"WR","Riley","Garcia","CD_I1006533"
19,"Gabba","Brisbane Lions","Western Bulldogs",39,"HBFL","Jason","Johannisen","CD_I294101"
19,"Gabba","Brisbane Lions","Western Bulldogs",19,"INT","Liam","Jones","CD_I281078"
19,"Gabba","Brisbane Lions","Western Bulldogs",8,"HFFR","Matthew","Kennedy","CD_I1001398"
19,"Gabba","Brisbane Lions","Western Bulldogs",21,"R","Tom","Liberatore","CD_I290799"
19,"Gabba","Brisbane Lions","Western Bulldogs",7,"CHB","Rory","Lobb","CD_I990740"
19,"Gabba","Brisbane Lions","Western Bulldogs",30,"INT","Lachlan","McNeil","CD_I1009015"
19,"Gabba","Brisbane Lions","Western Bulldogs",33,"CHF","Aaron","Naughton","CD_I1002404"
19,"Gabba","Brisbane Lions","Western Bulldogs",18,"BPR","James","O'Donnell","CD_I1032966"
19,"Gabba","Brisbane Lions","Western Bulldogs",25,"SUB","Caleb","Poulter","CD_I1011589"
19,"Gabba","Brisbane Lions","Western Bulldogs",20,"C","Ed","Richards","CD_I1008280"
19,"Gabba","Brisbane Lions","Western Bulldogs",9,"HFFL","Ryley","Sanders","CD_I1017939"
19,"Gabba","Brisbane Lions","Western Bulldogs",23,"FPL","Laitham","Vandermeer","CD_I1005000"
19,"Gabba","Brisbane Lions","Western Bulldogs",14,"FPR","Rhylee","West","CD_I1006127"
19,"Gabba","Brisbane Lions","Western Bulldogs",34,"WL","Bailey","Williams","CD_I992351"
19,"University of Tasmania Stadium","Hawthorn","Port Adelaide",10,"BPR","Karl","Amon","CD_I297354"
19,"University of Tasmania Stadium","Hawthorn","Port Adelaide",37,"FB","Tom","Barrass","CD_I990290"
19,"University of Tasmania Stadium","Hawthorn","Port Adelaide",24,"BPL","Josh","Battle","CD_I998134"
19,"University of Tasmania Stadium","Hawthorn","Port Adelaide",16,"WL","Massimo","D'Ambrosio","CD_I1005144"
19,"University of Tasmania Stadium","Hawthorn","Port Adelaide",35,"FPL","Calsher","Dear","CD_I1032100"
19,"University of Tasmania Stadium","Hawthorn","Port Adelaide",33,"HFFR","Jack","Ginnivan","CD_I1012857"
19,"University of Tasmania Stadium","Hawthorn","Port Adelaide",19,"CHF","Jack","Gunston","CD_I291351"
19,"University of Tasmania Stadium","Hawthorn","Port Adelaide",15,"HBFR","Blake","Hardwick","CD_I993794"
19,"University of Tasmania Stadium","Hawthorn","Port Adelaide",4,"HBFL","Jarman","Impey","CD_I296254"
19,"University of Tasmania Stadium","Hawthorn","Port Adelaide",2,"FF","Mitch","Lewis","CD_I1000887"
19,"University of Tasmania Stadium","Hawthorn","Port Adelaide",42,"SUB","Bailey","Macdonald","CD_I1029261"
19,"University of Tasmania Stadium","Hawthorn","Port Adelaide",31,"INT","Connor","Macdonald","CD_I1017094"
19,"University of Tasmania Stadium","Hawthorn","Port Adelaide",20,"HFFL","Finn","Maginness","CD_I1009421"
19,"University of Tasmania Stadium","Hawthorn","Port Adelaide",17,"RK","Lloyd","Meek","CD_I1000980"
19,"University of Tasmania Stadium","Hawthorn","Port Adelaide",13,"FPR","Dylan","Moore","CD_I1006314"
19,"University of Tasmania Stadium","Hawthorn","Port Adelaide",1,"WR","Harry","Morrison","CD_I1000963"
19,"University of Tasmania Stadium","Hawthorn","Port Adelaide",11,"C","Conor","Nash","CD_I1007124"
19,"University of Tasmania Stadium","Hawthorn","Port Adelaide",3,"RR","Jai","Newcombe","CD_I1020895"
19,"University of Tasmania Stadium","Hawthorn","Port Adelaide",14,"INT","Jack","Scrimshaw","CD_I998114"
19,"University of Tasmania Stadium","Hawthorn","Port Adelaide",6,"CHB","James","Sicily","CD_I297566"
19,"University of Tasmania Stadium","Hawthorn","Port Adelaide",25,"R","Josh","Ward","CD_I1017110"
19,"University of Tasmania Stadium","Hawthorn","Port Adelaide",34,"INT","Nick","Watson","CD_I1023473"
19,"University of Tasmania Stadium","Hawthorn","Port Adelaide",5,"INT","James","Worpel","CD_I1002222"
19,"University of Tasmania Stadium","Hawthorn","Port Adelaide",21,"FB","Aliir","Aliir","CD_I294469"
19,"University of Tasmania Stadium","Hawthorn","Port Adelaide",14,"RR","Miles","Bergman","CD_I1009191"
19,"University of Tasmania Stadium","Hawthorn","Port Adelaide",10,"FPL","Travis","Boak","CD_I250365"
19,"University of Tasmania Stadium","Hawthorn","Port Adelaide",7,"CHB","Jase","Burgoyne","CD_I1013462"
19,"University of Tasmania Stadium","Hawthorn","Port Adelaide",9,"R","Zak","Butters","CD_I1006121"
19,"University of Tasmania Stadium","Hawthorn","Port Adelaide",33,"CHF","Darcy","Byrne-Jones","CD_I991930"
19,"University of Tasmania Stadium","Hawthorn","Port Adelaide",28,"C","Willem","Drew","CD_I1000972"
19,"University of Tasmania Stadium","Hawthorn","Port Adelaide",22,"INT","Logan","Evans","CD_I1019938"
19,"University of Tasmania Stadium","Hawthorn","Port Adelaide",6,"BPR","Kane","Farrell","CD_I1002253"
19,"University of Tasmania Stadium","Hawthorn","Port Adelaide",19,"FF","Mitch","Georgiades","CD_I1010174"
19,"University of Tasmania Stadium","Hawthorn","Port Adelaide",39,"INT","Hugh","Jackson","CD_I1015330"
19,"University of Tasmania Stadium","Hawthorn","Port Adelaide",34,"HBFL","Lachie","Jones","CD_I1011583"
19,"University of Tasmania Stadium","Hawthorn","Port Adelaide",50,"WL","Mani","Liddy","CD_I1008649"
19,"University of Tasmania Stadium","Hawthorn","Port Adelaide",30,"FPR","Ollie","Lord","CD_I1012881"
19,"University of Tasmania Stadium","Hawthorn","Port Adelaide",36,"WR","Will","Lorenz","CD_I1029262"
19,"University of Tasmania Stadium","Hawthorn","Port Adelaide",12,"HFFR","Jack","Lukosius","CD_I1004095"
19,"University of Tasmania Stadium","Hawthorn","Port Adelaide",44,"INT","Jackson","Mead","CD_I1005326"
19,"University of Tasmania Stadium","Hawthorn","Port Adelaide",35,"HFFL","Joe","Richards","CD_I1008239"
19,"University of Tasmania Stadium","Hawthorn","Port Adelaide",8,"HBFR","Josh","Sinn","CD_I1017078"
19,"University of Tasmania Stadium","Hawthorn","Port Adelaide",24,"RK","Jordon","Sweet","CD_I992330"
19,"University of Tasmania Stadium","Hawthorn","Port Adelaide",23,"SUB","Dylan","Williams","CD_I1009195"
19,"University of Tasmania Stadium","Hawthorn","Port Adelaide",16,"INT","Ollie","Wines","CD_I294318"
19,"University of Tasmania Stadium","Hawthorn","Port Adelaide",25,"BPL","Brandon","Zerk-Thatcher","CD_I1004034"
19,"SCG","Sydney Swans","North Melbourne",26,"INT","Riley","Bice","CD_I1008224"
19,"SCG","Sydney Swans","North Melbourne",22,"CHB","Nick","Blakey","CD_I1006028"
19,"SCG","Sydney Swans","North Melbourne",39,"INT","Jack","Buller","CD_I1009392"
19,"SCG","Sydney Swans","North Melbourne",16,"FPL","Braeden","Campbell","CD_I1013133"
19,"SCG","Sydney Swans","North Melbourne",7,"BPR","Harry","Cunningham","CD_I291978"
19,"SCG","Sydney Swans","North Melbourne",4,"RK","Brodie","Grundy","CD_I293957"
19,"SCG","Sydney Swans","North Melbourne",21,"R","Errol","Gulden","CD_I1013128"
19,"SCG","Sydney Swans","North Melbourne",29,"INT","Joel","Hamling","CD_I295222"
19,"SCG","Sydney Swans","North Melbourne",9,"CHF","Will","Hayward","CD_I997100"
19,"SCG","Sydney Swans","North Melbourne",5,"RR","Isaac","Heeney","CD_I298539"
19,"SCG","Sydney Swans","North Melbourne",17,"HFFR","James","Jordon","CD_I1013409"
19,"SCG","Sydney Swans","North Melbourne",19,"SUB","Peter","Ladhams","CD_I997142"
19,"SCG","Sydney Swans","North Melbourne",44,"WR","Jake","Lloyd","CD_I295342"
19,"SCG","Sydney Swans","North Melbourne",27,"FPR","Justin","McInerney","CD_I1011936"
19,"SCG","Sydney Swans","North Melbourne",2,"FF","Hayden","McLean","CD_I1003203"
19,"SCG","Sydney Swans","North Melbourne",43,"BPL","Lewis","Melican","CD_I996743"
19,"SCG","Sydney Swans","North Melbourne",14,"HBFL","Callum","Mills","CD_I993905"
19,"SCG","Sydney Swans","North Melbourne",24,"FB","Dane","Rampe","CD_I290307"
19,"SCG","Sydney Swans","North Melbourne",34,"WL","Matt","Roberts","CD_I1012210"
19,"SCG","Sydney Swans","North Melbourne",8,"HFFL","James","Rowbottom","CD_I1006126"
19,"SCG","Sydney Swans","North Melbourne",12,"INT","Angus","Sheldrick","CD_I1020339"
19,"SCG","Sydney Swans","North Melbourne",1,"C","Chad","Warner","CD_I1012014"
19,"SCG","Sydney Swans","North Melbourne",15,"HBFR","Sam","Wicks","CD_I1006232"
19,"SCG","Sydney Swans","North Melbourne",45,"SUB","Zac","Banch","CD_I1020930"
19,"SCG","Sydney Swans","North Melbourne",21,"RK","Callum","Coleman-Jones","CD_I1000061"
19,"SCG","Sydney Swans","North Melbourne",30,"BPL","Charlie","Comben","CD_I1015781"
19,"SCG","Sydney Swans","North Melbourne",25,"FPL","Paul","Curtis","CD_I1002947"
19,"SCG","Sydney Swans","North Melbourne",5,"CHB","Caleb","Daniel","CD_I295136"
19,"SCG","Sydney Swans","North Melbourne",28,"FF","Jack","Darling","CD_I290838"
19,"SCG","Sydney Swans","North Melbourne",9,"C","Luke","Davies-Uniacke","CD_I1002267"
19,"SCG","Sydney Swans","North Melbourne",18,"CHF","Wil","Dawson","CD_I1028551"
19,"SCG","Sydney Swans","North Melbourne",17,"HBFL","Riley","Hardeman","CD_I1023625"
19,"SCG","Sydney Swans","North Melbourne",37,"WL","Cooper","Harvey","CD_I1020979"
19,"SCG","Sydney Swans","North Melbourne",41,"INT","Jacob","Konstanty","CD_I1023530"
19,"SCG","Sydney Swans","North Melbourne",19,"BPR","Griffin","Logue","CD_I997933"
19,"SCG","Sydney Swans","North Melbourne",10,"WR","Colby","McKercher","CD_I1024272"
19,"SCG","Sydney Swans","North Melbourne",2,"HBFR","Finn","O'Sullivan","CD_I1028495"
19,"SCG","Sydney Swans","North Melbourne",26,"RR","Luke","Parker","CD_I290778"
19,"SCG","Sydney Swans","North Melbourne",29,"INT","Will","Phillips","CD_I1012829"
19,"SCG","Sydney Swans","North Melbourne",32,"FB","Toby","Pink","CD_I1002138"
19,"SCG","Sydney Swans","North Melbourne",24,"HFFL","Tom","Powell","CD_I1011659"
19,"SCG","Sydney Swans","North Melbourne",3,"R","Harry","Sheezel","CD_I1023518"
19,"SCG","Sydney Swans","North Melbourne",12,"HFFR","Jy","Simpkin","CD_I993998"
19,"SCG","Sydney Swans","North Melbourne",15,"INT","Dylan","Stephens","CD_I1004848"
19,"SCG","Sydney Swans","North Melbourne",43,"INT","Brynn","Teakle","CD_I1007591"
19,"SCG","Sydney Swans","North Melbourne",44,"FPR","Cameron","Zurhaar","CD_I998484"
19,"MCG","Carlton","Melbourne",32,"HBFR","Matthew","Carroll","CD_I1027964"
19,"MCG","Carlton","Melbourne",5,"WR","Adam","Cerra","CD_I1002239"
19,"MCG","Carlton","Melbourne",2,"HBFL","Lachlan","Cowan","CD_I1021353"
19,"MCG","Carlton","Melbourne",9,"C","Patrick","Cripps","CD_I990704"
19,"MCG","Carlton","Melbourne",30,"CHF","Charlie","Curnow","CD_I996731"
19,"MCG","Carlton","Melbourne",12,"FF","Tom","De Koning","CD_I1004912"
19,"MCG","Carlton","Melbourne",15,"INT","Sam","Docherty","CD_I295518"
19,"MCG","Carlton","Melbourne",19,"SUB","Corey","Durdin","CD_I1008510"
19,"MCG","Carlton","Melbourne",44,"HFFL","Francis","Evans","CD_I1017255"
19,"MCG","Carlton","Melbourne",8,"HFFR","Lachie","Fogarty","CD_I1002228"
19,"MCG","Carlton","Melbourne",26,"BPL","Nick","Haynes","CD_I295265"
19,"MCG","Carlton","Melbourne",29,"INT","George","Hewett","CD_I294036"
19,"MCG","Carlton","Melbourne",4,"R","Oliver","Hollands","CD_I1023495"
19,"MCG","Carlton","Melbourne",36,"RR","Cooper","Lord","CD_I1032108"
19,"MCG","Carlton","Melbourne",43,"WL","Ashton","Moir","CD_I1020097"
19,"MCG","Carlton","Melbourne",3,"FPL","Jesse","Motlop","CD_I1017700"
19,"MCG","Carlton","Melbourne",22,"CHB","Harry","O'Farrell","CD_I1028526"
19,"MCG","Carlton","Melbourne",27,"RK","Marc","Pittonet","CD_I298290"
19,"MCG","Carlton","Melbourne",42,"BPR","Adam","Saad","CD_I295461"
19,"MCG","Carlton","Melbourne",23,"FB","Jacob","Weitering","CD_I993832"
19,"MCG","Carlton","Melbourne",38,"INT","Will","White","CD_I1027713"
19,"MCG","Carlton","Melbourne",6,"FPR","Zac","Williams","CD_I294685"
19,"MCG","Carlton","Melbourne",45,"INT","Flynn","Young","CD_I1020877"
19,"MCG","Carlton","Melbourne",17,"BPL","Jake","Bowey","CD_I1012825"
19,"MCG","Carlton","Melbourne",37,"WL","Kade","Chandler","CD_I1005330"
19,"MCG","Carlton","Melbourne",31,"CHF","Bayley","Fritsch","CD_I1001438"
19,"MCG","Carlton","Melbourne",11,"RK","Max","Gawn","CD_I290528"
19,"MCG","Carlton","Melbourne",21,"INT","Matthew","Jefferson","CD_I1023486"
19,"MCG","Carlton","Melbourne",15,"INT","Ed","Langdon","CD_I298264"
19,"MCG","Carlton","Melbourne",19,"WR","Harvey","Langford","CD_I1028546"
19,"MCG","Carlton","Melbourne",20,"SUB","Xavier","Lindsay","CD_I1028531"
19,"MCG","Carlton","Melbourne",1,"FB","Steven","May","CD_I281085"
19,"MCG","Carlton","Melbourne",25,"CHB","Tom","McDonald","CD_I291533"
19,"MCG","Carlton","Melbourne",4,"BPR","Judd","McVee","CD_I1017703"
19,"MCG","Carlton","Melbourne",18,"FPL","Jake","Melksham","CD_I280824"
19,"MCG","Carlton","Melbourne",13,"RR","Clayton","Oliver","CD_I996701"
19,"MCG","Carlton","Melbourne",5,"C","Christian","Petracca","CD_I298210"
19,"MCG","Carlton","Melbourne",36,"FPR","Kysaiah","Pickett","CD_I1008541"
19,"MCG","Carlton","Melbourne",24,"R","Trent","Rivers","CD_I1009378"
19,"MCG","Carlton","Melbourne",3,"INT","Christian","Salem","CD_I296359"
19,"MCG","Carlton","Melbourne",30,"HFFR","Harry","Sharp","CD_I1007099"
19,"MCG","Carlton","Melbourne",12,"INT","Koltyn","Tholstrup","CD_I1023640"
19,"MCG","Carlton","Melbourne",10,"HBFR","Daniel","Turner","CD_I1020959"
19,"MCG","Carlton","Melbourne",2,"FF","Jacob","van Rooyen","CD_I1017720"
19,"MCG","Carlton","Melbourne",7,"HFFL","Jack","Viney","CD_I291902"
19,"MCG","Carlton","Melbourne",6,"HBFL","Caleb","Windsor","CD_I1027821"
19,"Optus Stadium","West Coast Eagles","Richmond",3,"HFFL","Liam","Baker","CD_I1000223"
19,"Optus Stadium","West Coast Eagles","Richmond",33,"CHB","Rhett","Bazzo","CD_I1017718"
19,"Optus Stadium","West Coast Eagles","Richmond",10,"FPR","Tyler","Brockman","CD_I1013511"
19,"Optus Stadium","West Coast Eagles","Richmond",28,"INT","Tom","Cole","CD_I993820"
19,"Optus Stadium","West Coast Eagles","Richmond",15,"WL","Jamie","Cripps","CD_I290826"
19,"Optus Stadium","West Coast Eagles","Richmond",43,"HBFR","Tyrell","Dewar","CD_I1023142"
19,"Optus Stadium","West Coast Eagles","Richmond",14,"BPR","Liam","Duggan","CD_I298268"
19,"Optus Stadium","West Coast Eagles","Richmond",42,"FB","Harry","Edwards","CD_I1011437"
19,"Optus Stadium","West Coast Eagles","Richmond",25,"RK","Matt","Flynn","CD_I993902"
19,"Optus Stadium","West Coast Eagles","Richmond",7,"BPL","Reuben","Ginbey","CD_I1023025"
19,"Optus Stadium","West Coast Eagles","Richmond",29,"INT","Clay","Hall","CD_I1024188"
19,"Optus Stadium","West Coast Eagles","Richmond",19,"RR","Brady","Hough","CD_I1023167"
19,"Optus Stadium","West Coast Eagles","Richmond",44,"FPL","Jack","Hutchinson","CD_I1036098"
19,"Optus Stadium","West Coast Eagles","Richmond",11,"R","Tim","Kelly","CD_I295898"
19,"Optus Stadium","West Coast Eagles","Richmond",23,"WR","Ryan","Maric","CD_I1029416"
19,"Optus Stadium","West Coast Eagles","Richmond",45,"HBFL","Tom","McCarthy","CD_I1036124"
19,"Optus Stadium","West Coast Eagles","Richmond",16,"INT","Matthew","Owies","CD_I1013973"
19,"Optus Stadium","West Coast Eagles","Richmond",21,"SUB","Jack","Petruccelle","CD_I1006550"
19,"Optus Stadium","West Coast Eagles","Richmond",9,"C","Harley","Reid","CD_I1023492"
19,"Optus Stadium","West Coast Eagles","Richmond",1,"HFFR","Liam","Ryan","CD_I1004364"
19,"Optus Stadium","West Coast Eagles","Richmond",35,"INT","Jobe","Shanahan","CD_I1031913"
19,"Optus Stadium","West Coast Eagles","Richmond",32,"CHF","Bailey J.","Williams","CD_I1006114"
19,"Optus Stadium","West Coast Eagles","Richmond",34,"FF","Jack","Williams","CD_I1020371"
19,"Optus Stadium","West Coast Eagles","Richmond",41,"CHB","Sam","Banks","CD_I1013197"
19,"Optus Stadium","West Coast Eagles","Richmond",35,"BPL","Nathan","Broad","CD_I295203"
19,"Optus Stadium","West Coast Eagles","Richmond",30,"INT","Tom","Brown","CD_I1017086"
19,"Optus Stadium","West Coast Eagles","Richmond",44,"CHF","Seth","Campbell","CD_I1023275"
19,"Optus Stadium","West Coast Eagles","Richmond",26,"FF","Jonty","Faull","CD_I1028498"
19,"Optus Stadium","West Coast Eagles","Richmond",2,"R","Jacob","Hopper","CD_I993903"
19,"Optus Stadium","West Coast Eagles","Richmond",24,"HFFR","Taj","Hotton","CD_I1032106"
19,"Optus Stadium","West Coast Eagles","Richmond",20,"FPL","Jacob","Koschitzke","CD_I1006030"
19,"Optus Stadium","West Coast Eagles","Richmond",7,"FPR","Rhyan","Mansell","CD_I1008478"
19,"Optus Stadium","West Coast Eagles","Richmond",33,"WR","Kamdyn","McIntosh","CD_I294592"
19,"Optus Stadium","West Coast Eagles","Richmond",12,"FB","Ben","Miller","CD_I1002403"
19,"Optus Stadium","West Coast Eagles","Richmond",25,"RK","Toby","Nankervis","CD_I298174"
19,"Optus Stadium","West Coast Eagles","Richmond",3,"C","Dion","Prestia","CD_I290627"
19,"Optus Stadium","West Coast Eagles","Richmond",17,"HFFL","Maurice","Rioli","CD_I1009551"
19,"Optus Stadium","West Coast Eagles","Richmond",5,"INT","Jack","Ross","CD_I1006133"
19,"Optus Stadium","West Coast Eagles","Richmond",15,"HBFL","Jayden","Short","CD_I992049"
19,"Optus Stadium","West Coast Eagles","Richmond",38,"INT","Thomas","Sims","CD_I1018996"
19,"Optus Stadium","West Coast Eagles","Richmond",40,"INT","Tyler","Sonsie","CD_I1017114"
19,"Optus Stadium","West Coast Eagles","Richmond",14,"RR","Tim","Taranto","CD_I998172"
19,"Optus Stadium","West Coast Eagles","Richmond",31,"WL","Luke","Trainor","CD_I1028521"
19,"Optus Stadium","West Coast Eagles","Richmond",36,"SUB","James","Trezise","CD_I1031829"
19,"Optus Stadium","West Coast Eagles","Richmond",1,"HBFR","Nick","Vlastuin","CD_I294674"
19,"Optus Stadium","West Coast Eagles","Richmond",45,"BPR","Tylar","Young","CD_I1018433"
19,"GMHBA Stadium","Geelong Cats","St Kilda",30,"INT","Tom","Atkins","CD_I994386"
19,"GMHBA Stadium","Geelong Cats","St Kilda",46,"WL","Mark","Blicavs","CD_I296733"
19,"GMHBA Stadium","Geelong Cats","St Kilda",12,"SUB","Jack","Bowes","CD_I998260"
19,"GMHBA Stadium","Geelong Cats","St Kilda",5,"FF","Jeremy","Cameron","CD_I293845"
19,"GMHBA Stadium","Geelong Cats","St Kilda",45,"HFFL","Brad","Close","CD_I999326"
19,"GMHBA Stadium","Geelong Cats","St Kilda",35,"R","Patrick","Dangerfield","CD_I270917"
19,"GMHBA Stadium","Geelong Cats","St Kilda",16,"FB","Sam","De Koning","CD_I1009229"
19,"GMHBA Stadium","Geelong Cats","St Kilda",28,"WR","Oliver","Dempsey","CD_I1025034"
19,"GMHBA Stadium","Geelong Cats","St Kilda",39,"HBFR","Zach","Guthrie","CD_I1004870"
19,"GMHBA Stadium","Geelong Cats","St Kilda",38,"BPL","Jack","Henry","CD_I1000937"
19,"GMHBA Stadium","Geelong Cats","St Kilda",9,"C","Max","Holmes","CD_I1015889"
19,"GMHBA Stadium","Geelong Cats","St Kilda",17,"HBFL","Lawson","Humphries","CD_I1013464"
19,"GMHBA Stadium","Geelong Cats","St Kilda",7,"CHF","Shaun","Mannagh","CD_I993878"
19,"GMHBA Stadium","Geelong Cats","St Kilda",19,"INT","Jack","Martin","CD_I296190"
19,"GMHBA Stadium","Geelong Cats","St Kilda",32,"INT","Gryan","Miers","CD_I1004938"
19,"GMHBA Stadium","Geelong Cats","St Kilda",34,"FPL","Oisin","Mullin","CD_I1024982"
19,"GMHBA Stadium","Geelong Cats","St Kilda",33,"FPR","Shannon","Neale","CD_I1016433"
19,"GMHBA Stadium","Geelong Cats","St Kilda",42,"INT","Mark","O'Connor","CD_I1007102"
19,"GMHBA Stadium","Geelong Cats","St Kilda",14,"BPR","Connor","O'Sullivan","CD_I1027877"
19,"GMHBA Stadium","Geelong Cats","St Kilda",3,"RR","Bailey","Smith","CD_I1006130"
19,"GMHBA Stadium","Geelong Cats","St Kilda",1,"RK","Rhys","Stanley","CD_I280317"
19,"GMHBA Stadium","Geelong Cats","St Kilda",18,"HFFR","Tyson","Stengle","CD_I997230"
19,"GMHBA Stadium","Geelong Cats","St Kilda",44,"CHB","Tom","Stewart","CD_I291800"
19,"GMHBA Stadium","Geelong Cats","St Kilda",38,"INT","Hugh","Boxshall","CD_I1029148"
19,"GMHBA Stadium","Geelong Cats","St Kilda",13,"INT","Ryan","Byrnes","CD_I1011994"
19,"GMHBA Stadium","Geelong Cats","St Kilda",47,"FPL","Anthony","Caminiti","CD_I1023784"
19,"GMHBA Stadium","Geelong Cats","St Kilda",11,"SUB","Hunter","Clark","CD_I1002264"
19,"GMHBA Stadium","Geelong Cats","St Kilda",40,"CHF","Max","Hall","CD_I1020855"
19,"GMHBA Stadium","Geelong Cats","St Kilda",24,"HBFL","Angus","Hastie","CD_I1027872"
19,"GMHBA Stadium","Geelong Cats","St Kilda",42,"FF","Max","Heath","CD_I1015886"
19,"GMHBA Stadium","Geelong Cats","St Kilda",23,"INT","Liam","Henry","CD_I1005988"
19,"GMHBA Stadium","Geelong Cats","St Kilda",1,"HFFR","Jack","Higgins","CD_I1002227"
19,"GMHBA Stadium","Geelong Cats","St Kilda",8,"WR","Bradley","Hill","CD_I295584"
19,"GMHBA Stadium","Geelong Cats","St Kilda",6,"RR","Jack","Macrae","CD_I295467"
19,"GMHBA Stadium","Geelong Cats","St Kilda",19,"RK","Rowan","Marshall","CD_I992468"
19,"GMHBA Stadium","Geelong Cats","St Kilda",10,"HFFL","Mitch","Owens","CD_I1023272"
19,"GMHBA Stadium","Geelong Cats","St Kilda",43,"FPR","Cooper","Sharman","CD_I1018018"
19,"GMHBA Stadium","Geelong Cats","St Kilda",35,"C","Jack","Sinclair","CD_I994389"
19,"GMHBA Stadium","Geelong Cats","St Kilda",9,"R","Jack","Steele","CD_I296205"
19,"GMHBA Stadium","Geelong Cats","St Kilda",14,"BPR","Liam","Stocker","CD_I1008312"
19,"GMHBA Stadium","Geelong Cats","St Kilda",26,"HBFR","Alixzander","Tauru","CD_I1030433"
19,"GMHBA Stadium","Geelong Cats","St Kilda",7,"CHB","Nasiah","Wanganeen-Milera","CD_I1015507"
19,"GMHBA Stadium","Geelong Cats","St Kilda",44,"FB","Callum","Wilkie","CD_I296422"
19,"GMHBA Stadium","Geelong Cats","St Kilda",22,"INT","Darcy","Wilson","CD_I1027875"
19,"GMHBA Stadium","Geelong Cats","St Kilda",2,"BPL","Marcus","Windhager","CD_I1023270"
19,"GMHBA Stadium","Geelong Cats","St Kilda",32,"WL","Mason","Wood","CD_I295340"
19,"MCG","Collingwood","Fremantle",16,"WR","Edward","Allan","CD_I1022915"
19,"MCG","Collingwood","Fremantle",14,"RK","Darcy","Cameron","CD_I990291"
19,"MCG","Collingwood","Fremantle",46,"INT","Mason","Cox","CD_I998647"
19,"MCG","Collingwood","Fremantle",25,"INT","Jack","Crisp","CD_I293871"
19,"MCG","Collingwood","Fremantle",7,"CHB","Josh","Daicos","CD_I1005054"
19,"MCG","Collingwood","Fremantle",35,"R","Nick","Daicos","CD_I1023261"
19,"MCG","Collingwood","Fremantle",43,"FB","Charlie","Dean","CD_I1009197"
19,"MCG","Collingwood","Fremantle",5,"FPL","Jamie","Elliott","CD_I293801"
19,"MCG","Collingwood","Fremantle",32,"SUB","Will","Hoskin-Elliott","CD_I291720"
19,"MCG","Collingwood","Fremantle",1,"HFFR","Patrick","Lipinski","CD_I1003130"
19,"MCG","Collingwood","Fremantle",44,"C","Ned","Long","CD_I1017124"
19,"MCG","Collingwood","Fremantle",37,"HBFR","Oleg","Markov","CD_I298358"
19,"MCG","Collingwood","Fremantle",4,"BPL","Brayden","Maynard","CD_I992010"
19,"MCG","Collingwood","Fremantle",31,"HFFL","Beau","McCreery","CD_I1004757"
19,"MCG","Collingwood","Fremantle",11,"CHF","Daniel","McStay","CD_I297504"
19,"MCG","Collingwood","Fremantle",41,"FF","Brody","Mihocek","CD_I291849"
19,"MCG","Collingwood","Fremantle",30,"BPR","Darcy","Moore","CD_I298288"
19,"MCG","Collingwood","Fremantle",10,"RR","Scott","Pendlebury","CD_I260257"
19,"MCG","Collingwood","Fremantle",12,"INT","Harry","Perryman","CD_I998205"
19,"MCG","Collingwood","Fremantle",3,"HBFL","Isaac","Quaynor","CD_I1008089"
19,"MCG","Collingwood","Fremantle",8,"FPR","Lachie","Schultz","CD_I1000860"
19,"MCG","Collingwood","Fremantle",22,"WL","Steele","Sidebottom","CD_I280965"
19,"MCG","Collingwood","Fremantle",33,"INT","Lachlan","Sullivan","CD_I998480"
19,"MCG","Collingwood","Fremantle",24,"HFFR","Jye","Amiss","CD_I1020594"
19,"MCG","Collingwood","Fremantle",41,"INT","Bailey","Banfield","CD_I998180"
19,"MCG","Collingwood","Fremantle",15,"C","Shai","Bolton","CD_I993993"
19,"MCG","Collingwood","Fremantle",8,"R","Andrew","Brayshaw","CD_I1002232"
19,"MCG","Collingwood","Fremantle",5,"HBFL","Heath","Chapman","CD_I1013224"
19,"MCG","Collingwood","Fremantle",6,"HBFR","Jordan","Clark","CD_I1006152"
19,"MCG","Collingwood","Fremantle",36,"FB","Brennan","Cox","CD_I997033"
19,"MCG","Collingwood","Fremantle",4,"FPR","Sean","Darcy","CD_I998145"
19,"MCG","Collingwood","Fremantle",32,"FPL","Michael","Frederick","CD_I999321"
19,"MCG","Collingwood","Fremantle",9,"RK","Luke","Jackson","CD_I1009399"
19,"MCG","Collingwood","Fremantle",44,"WL","Matthew","Johnson","CD_I1016825"
19,"MCG","Collingwood","Fremantle",21,"BPR","Oscar","McDonald","CD_I992472"
19,"MCG","Collingwood","Fremantle",30,"WR","Nathan","O'Driscoll","CD_I1013220"
19,"MCG","Collingwood","Fremantle",2,"INT","Jaeger","O'Meara","CD_I294613"
19,"MCG","Collingwood","Fremantle",16,"INT","Murphy","Reid","CD_I1028513"
19,"MCG","Collingwood","Fremantle",13,"BPL","Luke","Ryan","CD_I998659"
19,"MCG","Collingwood","Fremantle",3,"RR","Caleb","Serong","CD_I1009420"
19,"MCG","Collingwood","Fremantle",39,"HFFL","Sam","Switkowski","CD_I992059"
19,"MCG","Collingwood","Fremantle",35,"FF","Josh","Treacy","CD_I1012819"
19,"MCG","Collingwood","Fremantle",20,"CHF","Patrick","Voss","CD_I1017754"
19,"MCG","Collingwood","Fremantle",34,"INT","Corey","Wagner","CD_I993940"
19,"MCG","Collingwood","Fremantle",23,"CHB","Karl","Worner","CD_I1021015"
19,"MCG","Collingwood","Fremantle",26,"SUB","Hayden","Young","CD_I1009256"
19,"Adelaide Oval","Adelaide Crows","Gold Coast SUNS",3,"R","Sam","Berry","CD_I1012807"
19,"Adelaide Oval","Adelaide Crows","Gold Coast SUNS",44,"WL","Isaac","Cumming","CD_I1001396"
19,"Adelaide Oval","Adelaide Crows","Gold Coast SUNS",6,"WR","Daniel","Curtin","CD_I1024023"
19,"Adelaide Oval","Adelaide Crows","Gold Coast SUNS",12,"C","Jordan","Dawson","CD_I992242"
19,"Adelaide Oval","Adelaide Crows","Gold Coast SUNS",32,"FF","Darcy","Fogarty","CD_I999331"
19,"Adelaide Oval","Adelaide Crows","Gold Coast SUNS",20,"INT","Mitchell","Hinge","CD_I1004863"
19,"Adelaide Oval","Adelaide Crows","Gold Coast SUNS",1,"SUB","Chayce","Jones","CD_I1006203"
19,"Adelaide Oval","Adelaide Crows","Gold Coast SUNS",48,"CHB","Mark","Keane","CD_I1013974"
19,"Adelaide Oval","Adelaide Crows","Gold Coast SUNS",2,"HFFL","Ben","Keays","CD_I993946"
19,"Adelaide Oval","Adelaide Crows","Gold Coast SUNS",29,"BPR","Rory","Laird","CD_I293222"
19,"Adelaide Oval","Adelaide Crows","Gold Coast SUNS",16,"HBFR","Max","Michalanney","CD_I1015370"
19,"Adelaide Oval","Adelaide Crows","Gold Coast SUNS",30,"HBFL","Wayne","Milera","CD_I990882"
19,"Adelaide Oval","Adelaide Crows","Gold Coast SUNS",9,"FB","Nick","Murray","CD_I1008230"
19,"Adelaide Oval","Adelaide Crows","Gold Coast SUNS",28,"HFFR","Alex","Neal-Bullen","CD_I296420"
19,"Adelaide Oval","Adelaide Crows","Gold Coast SUNS",43,"RK","Reilly","O'Brien","CD_I297523"
19,"Adelaide Oval","Adelaide Crows","Gold Coast SUNS",25,"RR","James","Peatling","CD_I1006013"
19,"Adelaide Oval","Adelaide Crows","Gold Coast SUNS",10,"INT","Luke","Pedlar","CD_I1012218"
19,"Adelaide Oval","Adelaide Crows","Gold Coast SUNS",23,"FPL","Izak","Rankine","CD_I1001195"
19,"Adelaide Oval","Adelaide Crows","Gold Coast SUNS",14,"INT","Jake","Soligo","CD_I1017109"
19,"Adelaide Oval","Adelaide Crows","Gold Coast SUNS",19,"INT","Zac","Taylor","CD_I1017065"
19,"Adelaide Oval","Adelaide Crows","Gold Coast SUNS",7,"CHF","Riley","Thilthorpe","CD_I1008384"
19,"Adelaide Oval","Adelaide Crows","Gold Coast SUNS",13,"FPR","Taylor","Walker","CD_I280506"
19,"Adelaide Oval","Adelaide Crows","Gold Coast SUNS",24,"BPL","Josh","Worrell","CD_I1011981"
19,"Adelaide Oval","Adelaide Crows","Gold Coast SUNS",48,"BPR","Oscar","Adams","CD_I1015515"
19,"Adelaide Oval","Adelaide Crows","Gold Coast SUNS",9,"HFFL","Ben","Ainsworth","CD_I998130"
19,"Adelaide Oval","Adelaide Crows","Gold Coast SUNS",15,"R","Noah","Anderson","CD_I1009199"
19,"Adelaide Oval","Adelaide Crows","Gold Coast SUNS",1,"FB","Mac","Andrew","CD_I1017396"
19,"Adelaide Oval","Adelaide Crows","Gold Coast SUNS",35,"INT","Connor","Budarick","CD_I1008454"
19,"Adelaide Oval","Adelaide Crows","Gold Coast SUNS",33,"INT","Sam","Clohesy","CD_I1013257"
19,"Adelaide Oval","Adelaide Crows","Gold Coast SUNS",8,"WR","Brayden","Fiorini","CD_I993799"
19,"Adelaide Oval","Adelaide Crows","Gold Coast SUNS",3,"CHF","Sam","Flanders","CD_I1009260"
19,"Adelaide Oval","Adelaide Crows","Gold Coast SUNS",19,"C","Bailey","Humphrey","CD_I1023500"
19,"Adelaide Oval","Adelaide Crows","Gold Coast SUNS",40,"INT","Joel","Jeffrey","CD_I1005992"
19,"Adelaide Oval","Adelaide Crows","Gold Coast SUNS",44,"HFFR","Ben","Jepson","CD_I1011950"
19,"Adelaide Oval","Adelaide Crows","Gold Coast SUNS",34,"FPR","Ben","King","CD_I1006144"
19,"Adelaide Oval","Adelaide Crows","Gold Coast SUNS",30,"WL","Leonardo","Lombard","CD_I1029301"
19,"Adelaide Oval","Adelaide Crows","Gold Coast SUNS",22,"FPL","Ben","Long","CD_I993917"
19,"Adelaide Oval","Adelaide Crows","Gold Coast SUNS",2,"HBFL","John","Noble","CD_I1000072"
19,"Adelaide Oval","Adelaide Crows","Gold Coast SUNS",27,"CHB","Wil","Powell","CD_I1007881"
19,"Adelaide Oval","Adelaide Crows","Gold Coast SUNS",20,"INT","Ethan","Read","CD_I1027033"
19,"Adelaide Oval","Adelaide Crows","Gold Coast SUNS",17,"HBFR","Daniel","Rioli","CD_I1000981"
19,"Adelaide Oval","Adelaide Crows","Gold Coast SUNS",18,"RR","Matt","Rowell","CD_I1009208"
19,"Adelaide Oval","Adelaide Crows","Gold Coast SUNS",24,"SUB","David","Swallow","CD_I290832"
19,"Adelaide Oval","Adelaide Crows","Gold Coast SUNS",32,"BPL","Bodhi","Uwland","CD_I1017665"
19,"Adelaide Oval","Adelaide Crows","Gold Coast SUNS",4,"FF","Jed","Walter","CD_I1023736"
19,"Adelaide Oval","Adelaide Crows","Gold Coast SUNS",28,"RK","Jarrod","Witts","CD_I291975"
20,"MCG","Hawthorn","Carlton",10,"HBFR","Karl","Amon","CD_I297354"
20,"MCG","Hawthorn","Carlton",37,"FB","Tom","Barrass","CD_I990290"
20,"MCG","Hawthorn","Carlton",24,"BPL","Josh","Battle","CD_I998134"
20,"MCG","Hawthorn","Carlton",16,"WR","Massimo","D'Ambrosio","CD_I1005144"
20,"MCG","Hawthorn","Carlton",12,"R","Will","Day","CD_I1008550"
20,"MCG","Hawthorn","Carlton",35,"CHF","Calsher","Dear","CD_I1032100"
20,"MCG","Hawthorn","Carlton",33,"FPL","Jack","Ginnivan","CD_I1012857"
20,"MCG","Hawthorn","Carlton",19,"HFFL","Jack","Gunston","CD_I291351"
20,"MCG","Hawthorn","Carlton",15,"BPR","Blake","Hardwick","CD_I993794"
20,"MCG","Hawthorn","Carlton",4,"HBFL","Jarman","Impey","CD_I296254"
20,"MCG","Hawthorn","Carlton",2,"FF","Mitch","Lewis","CD_I1000887"
20,"MCG","Hawthorn","Carlton",42,"SUB","Bailey","Macdonald","CD_I1029261"
20,"MCG","Hawthorn","Carlton",31,"INT","Connor","Macdonald","CD_I1017094"
20,"MCG","Hawthorn","Carlton",17,"RK","Lloyd","Meek","CD_I1000980"
20,"MCG","Hawthorn","Carlton",13,"FPR","Dylan","Moore","CD_I1006314"
20,"MCG","Hawthorn","Carlton",1,"WL","Harry","Morrison","CD_I1000963"
20,"MCG","Hawthorn","Carlton",11,"INT","Conor","Nash","CD_I1007124"
20,"MCG","Hawthorn","Carlton",3,"RR","Jai","Newcombe","CD_I1020895"
20,"MCG","Hawthorn","Carlton",14,"INT","Jack","Scrimshaw","CD_I998114"
20,"MCG","Hawthorn","Carlton",6,"CHB","James","Sicily","CD_I297566"
20,"MCG","Hawthorn","Carlton",25,"C","Josh","Ward","CD_I1017110"
20,"MCG","Hawthorn","Carlton",34,"HFFR","Nick","Watson","CD_I1023473"
20,"MCG","Hawthorn","Carlton",5,"INT","James","Worpel","CD_I1002222"
20,"MCG","Hawthorn","Carlton",13,"WL","Blake","Acres","CD_I296294"
20,"MCG","Hawthorn","Carlton",32,"HBFL","Matthew","Carroll","CD_I1027964"
20,"MCG","Hawthorn","Carlton",5,"INT","Adam","Cerra","CD_I1002239"
20,"MCG","Hawthorn","Carlton",2,"INT","Lachlan","Cowan","CD_I1021353"
20,"MCG","Hawthorn","Carlton",9,"C","Patrick","Cripps","CD_I990704"
20,"MCG","Hawthorn","Carlton",30,"FPL","Charlie","Curnow","CD_I996731"
20,"MCG","Hawthorn","Carlton",12,"RK","Tom","De Koning","CD_I1004912"
20,"MCG","Hawthorn","Carlton",15,"WR","Sam","Docherty","CD_I295518"
20,"MCG","Hawthorn","Carlton",19,"INT","Corey","Durdin","CD_I1008510"
20,"MCG","Hawthorn","Carlton",8,"CHF","Lachie","Fogarty","CD_I1002228"
20,"MCG","Hawthorn","Carlton",26,"BPR","Nick","Haynes","CD_I295265"
20,"MCG","Hawthorn","Carlton",29,"RR","George","Hewett","CD_I294036"
20,"MCG","Hawthorn","Carlton",4,"HBFR","Oliver","Hollands","CD_I1023495"
20,"MCG","Hawthorn","Carlton",36,"SUB","Cooper","Lord","CD_I1032108"
20,"MCG","Hawthorn","Carlton",10,"INT","Harry","McKay","CD_I1000953"
20,"MCG","Hawthorn","Carlton",43,"FPR","Ashton","Moir","CD_I1020097"
20,"MCG","Hawthorn","Carlton",3,"HFFL","Jesse","Motlop","CD_I1017700"
20,"MCG","Hawthorn","Carlton",22,"BPL","Harry","O'Farrell","CD_I1028526"
20,"MCG","Hawthorn","Carlton",27,"FF","Marc","Pittonet","CD_I298290"
20,"MCG","Hawthorn","Carlton",42,"CHB","Adam","Saad","CD_I295461"
20,"MCG","Hawthorn","Carlton",23,"FB","Jacob","Weitering","CD_I993832"
20,"MCG","Hawthorn","Carlton",38,"HFFR","Will","White","CD_I1027713"
20,"MCG","Hawthorn","Carlton",6,"R","Zac","Williams","CD_I294685"
20,"Marvel Stadium","Essendon","Western Bulldogs",46,"HFFL","Lachlan","Blakiston","CD_I1028196"
20,"Marvel Stadium","Essendon","Western Bulldogs",30,"FPL","Nate","Caddy","CD_I1027899"
20,"Marvel Stadium","Essendon","Western Bulldogs",36,"HBFR","Angus","Clarke","CD_I1027284"
20,"Marvel Stadium","Essendon","Western Bulldogs",22,"R","Sam","Durham","CD_I1015810"
20,"Marvel Stadium","Essendon","Western Bulldogs",41,"WL","Saad","El-Hawli","CD_I1015919"
20,"Marvel Stadium","Essendon","Western Bulldogs",17,"RK","Todd","Goldstein","CD_I271129"
20,"Marvel Stadium","Essendon","Western Bulldogs",11,"INT","Jade","Gresham","CD_I298421"
20,"Marvel Stadium","Essendon","Western Bulldogs",35,"RR","Matt","Guelfi","CD_I996232"
20,"Marvel Stadium","Essendon","Western Bulldogs",40,"INT","Zak","Johnson","CD_I1028519"
20,"Marvel Stadium","Essendon","Western Bulldogs",10,"FPR","Isaac","Kako","CD_I1028554"
20,"Marvel Stadium","Essendon","Western Bulldogs",15,"FB","Jayden","Laverde","CD_I298280"
20,"Marvel Stadium","Essendon","Western Bulldogs",34,"WR","Luamon","Lual","CD_I1027706"
20,"Marvel Stadium","Essendon","Western Bulldogs",1,"BPL","Andrew","McGrath","CD_I998102"
20,"Marvel Stadium","Essendon","Western Bulldogs",48,"FF","Liam","McMahon","CD_I1012842"
20,"Marvel Stadium","Essendon","Western Bulldogs",7,"C","Zach","Merrett","CD_I992016"
20,"Marvel Stadium","Essendon","Western Bulldogs",16,"INT","Archie","Perkins","CD_I1015873"
20,"Marvel Stadium","Essendon","Western Bulldogs",25,"HFFR","Jaxon","Prior","CD_I1009386"
20,"Marvel Stadium","Essendon","Western Bulldogs",27,"HBFL","Mason","Redman","CD_I997078"
20,"Marvel Stadium","Essendon","Western Bulldogs",14,"CHB","Jordan","Ridley","CD_I1001026"
20,"Marvel Stadium","Essendon","Western Bulldogs",21,"BPR","Archie","Roberts","CD_I1023515"
20,"Marvel Stadium","Essendon","Western Bulldogs",9,"INT","Dylan","Shiel","CD_I291783"
20,"Marvel Stadium","Essendon","Western Bulldogs",47,"SUB","Oskar","Smartt","CD_I1027644"
20,"Marvel Stadium","Essendon","Western Bulldogs",20,"CHF","Peter","Wright","CD_I298289"
20,"Marvel Stadium","Essendon","Western Bulldogs",13,"FPL","Oskar","Baker","CD_I1008855"
20,"Marvel Stadium","Essendon","Western Bulldogs",4,"RR","Marcus","Bontempelli","CD_I297373"
20,"Marvel Stadium","Essendon","Western Bulldogs",29,"INT","Lachlan","Bramble","CD_I1000864"
20,"Marvel Stadium","Essendon","Western Bulldogs",5,"FB","Jedd","Busslinger","CD_I1023017"
20,"Marvel Stadium","Essendon","Western Bulldogs",36,"HBFL","Luke","Cleary","CD_I1015929"
20,"Marvel Stadium","Essendon","Western Bulldogs",31,"HBFR","Bailey","Dale","CD_I996708"
20,"Marvel Stadium","Essendon","Western Bulldogs",10,"FF","Sam","Darcy","CD_I1017126"
20,"Marvel Stadium","Essendon","Western Bulldogs",44,"RK","Tim","English","CD_I1004592"
20,"Marvel Stadium","Essendon","Western Bulldogs",27,"WR","Joel","Freijah","CD_I1027704"
20,"Marvel Stadium","Essendon","Western Bulldogs",38,"INT","Riley","Garcia","CD_I1006533"
20,"Marvel Stadium","Essendon","Western Bulldogs",39,"BPL","Jason","Johannisen","CD_I294101"
20,"Marvel Stadium","Essendon","Western Bulldogs",8,"HFFR","Matthew","Kennedy","CD_I1001398"
20,"Marvel Stadium","Essendon","Western Bulldogs",21,"R","Tom","Liberatore","CD_I290799"
20,"Marvel Stadium","Essendon","Western Bulldogs",7,"CHB","Rory","Lobb","CD_I990740"
20,"Marvel Stadium","Essendon","Western Bulldogs",30,"INT","Lachlan","McNeil","CD_I1009015"
20,"Marvel Stadium","Essendon","Western Bulldogs",33,"CHF","Aaron","Naughton","CD_I1002404"
20,"Marvel Stadium","Essendon","Western Bulldogs",18,"BPR","James","O'Donnell","CD_I1032966"
20,"Marvel Stadium","Essendon","Western Bulldogs",25,"HFFL","Caleb","Poulter","CD_I1011589"
20,"Marvel Stadium","Essendon","Western Bulldogs",20,"C","Ed","Richards","CD_I1008280"
20,"Marvel Stadium","Essendon","Western Bulldogs",9,"INT","Ryley","Sanders","CD_I1017939"
20,"Marvel Stadium","Essendon","Western Bulldogs",23,"SUB","Laitham","Vandermeer","CD_I1005000"
20,"Marvel Stadium","Essendon","Western Bulldogs",14,"FPR","Rhylee","West","CD_I1006127"
20,"Marvel Stadium","Essendon","Western Bulldogs",34,"WL","Bailey","Williams","CD_I992351"
20,"ENGIE Stadium","GWS GIANTS","Sydney Swans",9,"HFFL","Ryan","Angwin","CD_I1015777"
20,"ENGIE Stadium","GWS GIANTS","Sydney Swans",7,"HBFR","Lachie","Ash","CD_I1009253"
20,"ENGIE Stadium","GWS GIANTS","Sydney Swans",14,"C","Toby","Bedford","CD_I1008139"
20,"ENGIE Stadium","GWS GIANTS","Sydney Swans",32,"RK","Kieren","Briggs","CD_I1008436"
20,"ENGIE Stadium","GWS GIANTS","Sydney Swans",46,"INT","Callum","Brown","CD_I1014038"
20,"ENGIE Stadium","GWS GIANTS","Sydney Swans",44,"CHB","Jack","Buckley","CD_I1009708"
20,"ENGIE Stadium","GWS GIANTS","Sydney Swans",5,"CHF","Aaron","Cadman","CD_I1019038"
20,"ENGIE Stadium","GWS GIANTS","Sydney Swans",17,"RR","Finn","Callaghan","CD_I1023266"
20,"ENGIE Stadium","GWS GIANTS","Sydney Swans",3,"INT","Stephen","Coniglio","CD_I291969"
20,"ENGIE Stadium","GWS GIANTS","Sydney Swans",37,"INT","Joe","Fonti","CD_I1032629"
20,"ENGIE Stadium","GWS GIANTS","Sydney Swans",12,"R","Tom","Green","CD_I1009528"
20,"ENGIE Stadium","GWS GIANTS","Sydney Swans",4,"FPR","Toby","Greene","CD_I295344"
20,"ENGIE Stadium","GWS GIANTS","Sydney Swans",27,"BPR","Harry","Himmelberg","CD_I993107"
20,"ENGIE Stadium","GWS GIANTS","Sydney Swans",23,"FF","Jesse","Hogan","CD_I296324"
20,"ENGIE Stadium","GWS GIANTS","Sydney Swans",39,"BPL","Connor","Idun","CD_I1008083"
20,"ENGIE Stadium","GWS GIANTS","Sydney Swans",2,"HFFR","Darcy","Jones","CD_I1020650"
20,"ENGIE Stadium","GWS GIANTS","Sydney Swans",22,"WR","Josh","Kelly","CD_I296347"
20,"ENGIE Stadium","GWS GIANTS","Sydney Swans",31,"SUB","Toby","McMullin","CD_I1027971"
20,"ENGIE Stadium","GWS GIANTS","Sydney Swans",33,"WL","Xavier","O'Halloran","CD_I1006135"
20,"ENGIE Stadium","GWS GIANTS","Sydney Swans",26,"INT","Jake","Riccardi","CD_I1008123"
20,"ENGIE Stadium","GWS GIANTS","Sydney Swans",20,"FPL","Jake","Stringer","CD_I293884"
20,"ENGIE Stadium","GWS GIANTS","Sydney Swans",15,"FB","Sam","Taylor","CD_I1005247"
20,"ENGIE Stadium","GWS GIANTS","Sydney Swans",6,"HBFL","Lachie","Whitfield","CD_I294305"
20,"ENGIE Stadium","GWS GIANTS","Sydney Swans",22,"CHB","Nick","Blakey","CD_I1006028"
20,"ENGIE Stadium","GWS GIANTS","Sydney Swans",39,"CHF","Jack","Buller","CD_I1009392"
20,"ENGIE Stadium","GWS GIANTS","Sydney Swans",16,"INT","Braeden","Campbell","CD_I1013133"
20,"ENGIE Stadium","GWS GIANTS","Sydney Swans",7,"INT","Harry","Cunningham","CD_I291978"
20,"ENGIE Stadium","GWS GIANTS","Sydney Swans",10,"SUB","Aaron","Francis","CD_I990816"
20,"ENGIE Stadium","GWS GIANTS","Sydney Swans",4,"RK","Brodie","Grundy","CD_I293957"
20,"ENGIE Stadium","GWS GIANTS","Sydney Swans",21,"R","Errol","Gulden","CD_I1013128"
20,"ENGIE Stadium","GWS GIANTS","Sydney Swans",29,"BPR","Joel","Hamling","CD_I295222"
20,"ENGIE Stadium","GWS GIANTS","Sydney Swans",9,"INT","Will","Hayward","CD_I997100"
20,"ENGIE Stadium","GWS GIANTS","Sydney Swans",5,"RR","Isaac","Heeney","CD_I298539"
20,"ENGIE Stadium","GWS GIANTS","Sydney Swans",17,"HFFR","James","Jordon","CD_I1013409"
20,"ENGIE Stadium","GWS GIANTS","Sydney Swans",44,"WR","Jake","Lloyd","CD_I295342"
20,"ENGIE Stadium","GWS GIANTS","Sydney Swans",27,"FPR","Justin","McInerney","CD_I1011936"
20,"ENGIE Stadium","GWS GIANTS","Sydney Swans",2,"FF","Hayden","McLean","CD_I1003203"
20,"ENGIE Stadium","GWS GIANTS","Sydney Swans",43,"BPL","Lewis","Melican","CD_I996743"
20,"ENGIE Stadium","GWS GIANTS","Sydney Swans",14,"HBFL","Callum","Mills","CD_I993905"
20,"ENGIE Stadium","GWS GIANTS","Sydney Swans",11,"FPL","Tom","Papley","CD_I996765"
20,"ENGIE Stadium","GWS GIANTS","Sydney Swans",24,"FB","Dane","Rampe","CD_I290307"
20,"ENGIE Stadium","GWS GIANTS","Sydney Swans",34,"WL","Matt","Roberts","CD_I1012210"
20,"ENGIE Stadium","GWS GIANTS","Sydney Swans",8,"HFFL","James","Rowbottom","CD_I1006126"
20,"ENGIE Stadium","GWS GIANTS","Sydney Swans",12,"INT","Angus","Sheldrick","CD_I1020339"
20,"ENGIE Stadium","GWS GIANTS","Sydney Swans",1,"C","Chad","Warner","CD_I1012014"
20,"ENGIE Stadium","GWS GIANTS","Sydney Swans",15,"HBFR","Sam","Wicks","CD_I1006232"
20,"People First Stadium","Gold Coast SUNS","Brisbane Lions",48,"HBFR","Oscar","Adams","CD_I1015515"
20,"People First Stadium","Gold Coast SUNS","Brisbane Lions",9,"HFFL","Ben","Ainsworth","CD_I998130"
20,"People First Stadium","Gold Coast SUNS","Brisbane Lions",15,"R","Noah","Anderson","CD_I1009199"
20,"People First Stadium","Gold Coast SUNS","Brisbane Lions",1,"FB","Mac","Andrew","CD_I1017396"
20,"People First Stadium","Gold Coast SUNS","Brisbane Lions",35,"INT","Connor","Budarick","CD_I1008454"
20,"People First Stadium","Gold Coast SUNS","Brisbane Lions",25,"BPR","Sam","Collins","CD_I295446"
20,"People First Stadium","Gold Coast SUNS","Brisbane Lions",5,"C","Alex","Davies","CD_I1013268"
20,"People First Stadium","Gold Coast SUNS","Brisbane Lions",50,"FF","Jy","Farrar","CD_I999715"
20,"People First Stadium","Gold Coast SUNS","Brisbane Lions",8,"WR","Brayden","Fiorini","CD_I993799"
20,"People First Stadium","Gold Coast SUNS","Brisbane Lions",3,"CHF","Sam","Flanders","CD_I1009260"
20,"People First Stadium","Gold Coast SUNS","Brisbane Lions",7,"INT","Nick","Holman","CD_I297456"
20,"People First Stadium","Gold Coast SUNS","Brisbane Lions",19,"HFFR","Bailey","Humphrey","CD_I1023500"
20,"People First Stadium","Gold Coast SUNS","Brisbane Lions",40,"INT","Joel","Jeffrey","CD_I1005992"
20,"People First Stadium","Gold Coast SUNS","Brisbane Lions",34,"FPR","Ben","King","CD_I1006144"
20,"People First Stadium","Gold Coast SUNS","Brisbane Lions",30,"SUB","Leonardo","Lombard","CD_I1029301"
20,"People First Stadium","Gold Coast SUNS","Brisbane Lions",22,"FPL","Ben","Long","CD_I993917"
20,"People First Stadium","Gold Coast SUNS","Brisbane Lions",2,"HBFL","John","Noble","CD_I1000072"
20,"People First Stadium","Gold Coast SUNS","Brisbane Lions",27,"CHB","Wil","Powell","CD_I1007881"
20,"People First Stadium","Gold Coast SUNS","Brisbane Lions",20,"INT","Ethan","Read","CD_I1027033"
20,"People First Stadium","Gold Coast SUNS","Brisbane Lions",18,"RR","Matt","Rowell","CD_I1009208"
20,"People First Stadium","Gold Coast SUNS","Brisbane Lions",32,"BPL","Bodhi","Uwland","CD_I1017665"
20,"People First Stadium","Gold Coast SUNS","Brisbane Lions",14,"WL","Lachie","Weller","CD_I298524"
20,"People First Stadium","Gold Coast SUNS","Brisbane Lions",28,"RK","Jarrod","Witts","CD_I291975"
20,"People First Stadium","Gold Coast SUNS","Brisbane Lions",4,"FPR","Callum","Ah Chee","CD_I298437"
20,"People First Stadium","Gold Coast SUNS","Brisbane Lions",31,"CHB","Harris","Andrews","CD_I996059"
20,"People First Stadium","Gold Coast SUNS","Brisbane Lions",10,"INT","Levi","Ashcroft","CD_I1028560"
20,"People First Stadium","Gold Coast SUNS","Brisbane Lions",8,"INT","Will","Ashcroft","CD_I1023517"
20,"People First Stadium","Gold Coast SUNS","Brisbane Lions",33,"HFFR","Zac","Bailey","CD_I1002312"
20,"People First Stadium","Gold Coast SUNS","Brisbane Lions",7,"WR","Jarrod","Berry","CD_I998133"
20,"People First Stadium","Gold Coast SUNS","Brisbane Lions",23,"HFFL","Charlie","Cameron","CD_I990609"
20,"People First Stadium","Gold Coast SUNS","Brisbane Lions",5,"RR","Josh","Dunkley","CD_I993834"
20,"People First Stadium","Gold Coast SUNS","Brisbane Lions",3,"WL","Jaspa","Fletcher","CD_I1023708"
20,"People First Stadium","Gold Coast SUNS","Brisbane Lions",32,"INT","Darcy","Fort","CD_I298211"
20,"People First Stadium","Gold Coast SUNS","Brisbane Lions",27,"FB","Darcy","Gardiner","CD_I296269"
20,"People First Stadium","Gold Coast SUNS","Brisbane Lions",30,"CHF","Eric","Hipwood","CD_I993953"
20,"People First Stadium","Gold Coast SUNS","Brisbane Lions",35,"BPR","Ryan","Lester","CD_I291548"
20,"People First Stadium","Gold Coast SUNS","Brisbane Lions",20,"SUB","Sam","Marshall","CD_I1028520"
20,"People First Stadium","Gold Coast SUNS","Brisbane Lions",6,"C","Hugh","McCluggage","CD_I1000978"
20,"People First Stadium","Gold Coast SUNS","Brisbane Lions",46,"RK","Oscar","McInerney","CD_I1005521"
20,"People First Stadium","Gold Coast SUNS","Brisbane Lions",26,"HBFL","Conor","McKenna","CD_I997846"
20,"People First Stadium","Gold Coast SUNS","Brisbane Lions",13,"FF","Logan","Morris","CD_I1028019"
20,"People First Stadium","Gold Coast SUNS","Brisbane Lions",9,"R","Lachie","Neale","CD_I293535"
20,"People First Stadium","Gold Coast SUNS","Brisbane Lions",16,"FPL","Cam","Rayner","CD_I1002235"
20,"People First Stadium","Gold Coast SUNS","Brisbane Lions",37,"HBFR","Brandon","Starcevich","CD_I1002401"
20,"People First Stadium","Gold Coast SUNS","Brisbane Lions",44,"INT","Darcy","Wilmot","CD_I1017067"
20,"People First Stadium","Gold Coast SUNS","Brisbane Lions",15,"BPL","Dayne","Zorko","CD_I261224"
20,"Optus Stadium","Fremantle","West Coast Eagles",24,"FPR","Jye","Amiss","CD_I1020594"
20,"Optus Stadium","Fremantle","West Coast Eagles",41,"INT","Bailey","Banfield","CD_I998180"
20,"Optus Stadium","Fremantle","West Coast Eagles",15,"C","Shai","Bolton","CD_I993993"
20,"Optus Stadium","Fremantle","West Coast Eagles",8,"R","Andrew","Brayshaw","CD_I1002232"
20,"Optus Stadium","Fremantle","West Coast Eagles",5,"HBFL","Heath","Chapman","CD_I1013224"
20,"Optus Stadium","Fremantle","West Coast Eagles",6,"HBFR","Jordan","Clark","CD_I1006152"
20,"Optus Stadium","Fremantle","West Coast Eagles",36,"FB","Brennan","Cox","CD_I997033"
20,"Optus Stadium","Fremantle","West Coast Eagles",4,"INT","Sean","Darcy","CD_I998145"
20,"Optus Stadium","Fremantle","West Coast Eagles",43,"INT","Isaiah","Dudley","CD_I1011558"
20,"Optus Stadium","Fremantle","West Coast Eagles",28,"SUB","Neil","Erasmus","CD_I1020250"
20,"Optus Stadium","Fremantle","West Coast Eagles",32,"FPL","Michael","Frederick","CD_I999321"
20,"Optus Stadium","Fremantle","West Coast Eagles",9,"RK","Luke","Jackson","CD_I1009399"
20,"Optus Stadium","Fremantle","West Coast Eagles",21,"BPR","Oscar","McDonald","CD_I992472"
20,"Optus Stadium","Fremantle","West Coast Eagles",30,"WR","Nathan","O'Driscoll","CD_I1013220"
20,"Optus Stadium","Fremantle","West Coast Eagles",2,"WL","Jaeger","O'Meara","CD_I294613"
20,"Optus Stadium","Fremantle","West Coast Eagles",16,"HFFR","Murphy","Reid","CD_I1028513"
20,"Optus Stadium","Fremantle","West Coast Eagles",13,"BPL","Luke","Ryan","CD_I998659"
20,"Optus Stadium","Fremantle","West Coast Eagles",3,"RR","Caleb","Serong","CD_I1009420"
20,"Optus Stadium","Fremantle","West Coast Eagles",39,"HFFL","Sam","Switkowski","CD_I992059"
20,"Optus Stadium","Fremantle","West Coast Eagles",35,"FF","Josh","Treacy","CD_I1012819"
20,"Optus Stadium","Fremantle","West Coast Eagles",20,"CHF","Patrick","Voss","CD_I1017754"
20,"Optus Stadium","Fremantle","West Coast Eagles",23,"CHB","Karl","Worner","CD_I1021015"
20,"Optus Stadium","Fremantle","West Coast Eagles",26,"INT","Hayden","Young","CD_I1009256"
20,"Optus Stadium","Fremantle","West Coast Eagles",42,"EMERG","Harry","Edwards","CD_I1011437"
20,"Optus Stadium","Fremantle","West Coast Eagles",3,"HFFR","Liam","Baker","CD_I1000223"
20,"Optus Stadium","Fremantle","West Coast Eagles",33,"BPR","Rhett","Bazzo","CD_I1017718"
20,"Optus Stadium","Fremantle","West Coast Eagles",41,"FB","Sandy","Brock","CD_I1013315"
20,"Optus Stadium","Fremantle","West Coast Eagles",10,"HFFL","Tyler","Brockman","CD_I1013511"
20,"Optus Stadium","Fremantle","West Coast Eagles",28,"INT","Tom","Cole","CD_I993820"
20,"Optus Stadium","Fremantle","West Coast Eagles",15,"FPR","Jamie","Cripps","CD_I290826"
20,"Optus Stadium","Fremantle","West Coast Eagles",43,"SUB","Tyrell","Dewar","CD_I1023142"
20,"Optus Stadium","Fremantle","West Coast Eagles",14,"HBFL","Liam","Duggan","CD_I298268"
20,"Optus Stadium","Fremantle","West Coast Eagles",25,"RK","Matt","Flynn","CD_I993902"
20,"Optus Stadium","Fremantle","West Coast Eagles",7,"CHB","Reuben","Ginbey","CD_I1023025"
20,"Optus Stadium","Fremantle","West Coast Eagles",29,"WL","Clay","Hall","CD_I1024188"
20,"Optus Stadium","Fremantle","West Coast Eagles",8,"INT","Elijah","Hewett","CD_I1020670"
20,"Optus Stadium","Fremantle","West Coast Eagles",19,"RR","Brady","Hough","CD_I1023167"
20,"Optus Stadium","Fremantle","West Coast Eagles",44,"WR","Jack","Hutchinson","CD_I1036098"
20,"Optus Stadium","Fremantle","West Coast Eagles",11,"C","Tim","Kelly","CD_I295898"
20,"Optus Stadium","Fremantle","West Coast Eagles",23,"BPL","Ryan","Maric","CD_I1029416"
20,"Optus Stadium","Fremantle","West Coast Eagles",45,"HBFR","Tom","McCarthy","CD_I1036124"
20,"Optus Stadium","Fremantle","West Coast Eagles",16,"INT","Matthew","Owies","CD_I1013973"
20,"Optus Stadium","Fremantle","West Coast Eagles",22,"INT","Archer","Reid","CD_I1027693"
20,"Optus Stadium","Fremantle","West Coast Eagles",9,"R","Harley","Reid","CD_I1023492"
20,"Optus Stadium","Fremantle","West Coast Eagles",1,"FPL","Liam","Ryan","CD_I1004364"
20,"Optus Stadium","Fremantle","West Coast Eagles",35,"FF","Jobe","Shanahan","CD_I1031913"
20,"Optus Stadium","Fremantle","West Coast Eagles",32,"CHF","Bailey J.","Williams","CD_I1006114"
20,"Marvel Stadium","North Melbourne","Geelong Cats",45,"RR","Zac","Banch","CD_I1020930"
20,"Marvel Stadium","North Melbourne","Geelong Cats",30,"BPL","Charlie","Comben","CD_I1015781"
20,"Marvel Stadium","North Melbourne","Geelong Cats",25,"FPL","Paul","Curtis","CD_I1002947"
20,"Marvel Stadium","North Melbourne","Geelong Cats",5,"CHB","Caleb","Daniel","CD_I295136"
20,"Marvel Stadium","North Melbourne","Geelong Cats",28,"FF","Jack","Darling","CD_I290838"
20,"Marvel Stadium","North Melbourne","Geelong Cats",9,"C","Luke","Davies-Uniacke","CD_I1002267"
20,"Marvel Stadium","North Melbourne","Geelong Cats",18,"CHF","Wil","Dawson","CD_I1028551"
20,"Marvel Stadium","North Melbourne","Geelong Cats",7,"INT","Zane","Duursma","CD_I1023494"
20,"Marvel Stadium","North Melbourne","Geelong Cats",46,"SUB","Robert","Hansen Jr","CD_I1023144"
20,"Marvel Stadium","North Melbourne","Geelong Cats",17,"HBFL","Riley","Hardeman","CD_I1023625"
20,"Marvel Stadium","North Melbourne","Geelong Cats",41,"INT","Jacob","Konstanty","CD_I1023530"
20,"Marvel Stadium","North Melbourne","Geelong Cats",19,"BPR","Griffin","Logue","CD_I997933"
20,"Marvel Stadium","North Melbourne","Geelong Cats",39,"INT","Finnbar","Maley","CD_I1031792"
20,"Marvel Stadium","North Melbourne","Geelong Cats",10,"WR","Colby","McKercher","CD_I1024272"
20,"Marvel Stadium","North Melbourne","Geelong Cats",2,"HBFR","Finn","O'Sullivan","CD_I1028495"
20,"Marvel Stadium","North Melbourne","Geelong Cats",26,"INT","Luke","Parker","CD_I290778"
20,"Marvel Stadium","North Melbourne","Geelong Cats",32,"FB","Toby","Pink","CD_I1002138"
20,"Marvel Stadium","North Melbourne","Geelong Cats",24,"HFFL","Tom","Powell","CD_I1011659"
20,"Marvel Stadium","North Melbourne","Geelong Cats",3,"R","Harry","Sheezel","CD_I1023518"
20,"Marvel Stadium","North Melbourne","Geelong Cats",12,"HFFR","Jy","Simpkin","CD_I993998"
20,"Marvel Stadium","North Melbourne","Geelong Cats",15,"WL","Dylan","Stephens","CD_I1004848"
20,"Marvel Stadium","North Melbourne","Geelong Cats",43,"RK","Brynn","Teakle","CD_I1007591"
20,"Marvel Stadium","North Melbourne","Geelong Cats",44,"FPR","Cameron","Zurhaar","CD_I998484"
20,"Marvel Stadium","North Melbourne","Geelong Cats",30,"RR","Tom","Atkins","CD_I994386"
20,"Marvel Stadium","North Melbourne","Geelong Cats",46,"HFFR","Mark","Blicavs","CD_I296733"
20,"Marvel Stadium","North Melbourne","Geelong Cats",12,"INT","Jack","Bowes","CD_I998260"
20,"Marvel Stadium","North Melbourne","Geelong Cats",5,"CHF","Jeremy","Cameron","CD_I293845"
20,"Marvel Stadium","North Melbourne","Geelong Cats",45,"INT","Brad","Close","CD_I999326"
20,"Marvel Stadium","North Melbourne","Geelong Cats",35,"FPL","Patrick","Dangerfield","CD_I270917"
20,"Marvel Stadium","North Melbourne","Geelong Cats",16,"FB","Sam","De Koning","CD_I1009229"
20,"Marvel Stadium","North Melbourne","Geelong Cats",28,"WR","Oliver","Dempsey","CD_I1025034"
20,"Marvel Stadium","North Melbourne","Geelong Cats",39,"HBFR","Zach","Guthrie","CD_I1004870"
20,"Marvel Stadium","North Melbourne","Geelong Cats",38,"BPL","Jack","Henry","CD_I1000937"
20,"Marvel Stadium","North Melbourne","Geelong Cats",9,"C","Max","Holmes","CD_I1015889"
20,"Marvel Stadium","North Melbourne","Geelong Cats",17,"SUB","Lawson","Humphries","CD_I1013464"
20,"Marvel Stadium","North Melbourne","Geelong Cats",7,"HFFL","Shaun","Mannagh","CD_I993878"
20,"Marvel Stadium","North Melbourne","Geelong Cats",19,"WL","Jack","Martin","CD_I296190"
20,"Marvel Stadium","North Melbourne","Geelong Cats",32,"INT","Gryan","Miers","CD_I1004938"
20,"Marvel Stadium","North Melbourne","Geelong Cats",34,"CHB","Oisin","Mullin","CD_I1024982"
20,"Marvel Stadium","North Melbourne","Geelong Cats",33,"FPR","Shannon","Neale","CD_I1016433"
20,"Marvel Stadium","North Melbourne","Geelong Cats",42,"INT","Mark","O'Connor","CD_I1007102"
20,"Marvel Stadium","North Melbourne","Geelong Cats",14,"BPR","Connor","O'Sullivan","CD_I1027877"
20,"Marvel Stadium","North Melbourne","Geelong Cats",3,"R","Bailey","Smith","CD_I1006130"
20,"Marvel Stadium","North Melbourne","Geelong Cats",1,"RK","Rhys","Stanley","CD_I280317"
20,"Marvel Stadium","North Melbourne","Geelong Cats",18,"FF","Tyson","Stengle","CD_I997230"
20,"Marvel Stadium","North Melbourne","Geelong Cats",44,"HBFL","Tom","Stewart","CD_I291800"
20,"Adelaide Oval","Adelaide Crows","Port Adelaide",3,"INT","Sam","Berry","CD_I1012807"
20,"Adelaide Oval","Adelaide Crows","Port Adelaide",15,"WL","Brayden","Cook","CD_I1018335"
20,"Adelaide Oval","Adelaide Crows","Port Adelaide",6,"WR","Daniel","Curtin","CD_I1024023"
20,"Adelaide Oval","Adelaide Crows","Port Adelaide",12,"C","Jordan","Dawson","CD_I992242"
20,"Adelaide Oval","Adelaide Crows","Port Adelaide",32,"FF","Darcy","Fogarty","CD_I999331"
20,"Adelaide Oval","Adelaide Crows","Port Adelaide",20,"INT","Mitchell","Hinge","CD_I1004863"
20,"Adelaide Oval","Adelaide Crows","Port Adelaide",1,"SUB","Chayce","Jones","CD_I1006203"
20,"Adelaide Oval","Adelaide Crows","Port Adelaide",48,"CHB","Mark","Keane","CD_I1013974"
20,"Adelaide Oval","Adelaide Crows","Port Adelaide",2,"HFFL","Ben","Keays","CD_I993946"
20,"Adelaide Oval","Adelaide Crows","Port Adelaide",29,"BPR","Rory","Laird","CD_I293222"
20,"Adelaide Oval","Adelaide Crows","Port Adelaide",16,"HBFR","Max","Michalanney","CD_I1015370"
20,"Adelaide Oval","Adelaide Crows","Port Adelaide",30,"HBFL","Wayne","Milera","CD_I990882"
20,"Adelaide Oval","Adelaide Crows","Port Adelaide",9,"FB","Nick","Murray","CD_I1008230"
20,"Adelaide Oval","Adelaide Crows","Port Adelaide",28,"INT","Alex","Neal-Bullen","CD_I296420"
20,"Adelaide Oval","Adelaide Crows","Port Adelaide",43,"RK","Reilly","O'Brien","CD_I297523"
20,"Adelaide Oval","Adelaide Crows","Port Adelaide",25,"RR","James","Peatling","CD_I1006013"
20,"Adelaide Oval","Adelaide Crows","Port Adelaide",10,"INT","Luke","Pedlar","CD_I1012218"
20,"Adelaide Oval","Adelaide Crows","Port Adelaide",23,"FPL","Izak","Rankine","CD_I1001195"
20,"Adelaide Oval","Adelaide Crows","Port Adelaide",14,"R","Jake","Soligo","CD_I1017109"
20,"Adelaide Oval","Adelaide Crows","Port Adelaide",19,"HFFR","Zac","Taylor","CD_I1017065"
20,"Adelaide Oval","Adelaide Crows","Port Adelaide",7,"CHF","Riley","Thilthorpe","CD_I1008384"
20,"Adelaide Oval","Adelaide Crows","Port Adelaide",13,"FPR","Taylor","Walker","CD_I280506"
20,"Adelaide Oval","Adelaide Crows","Port Adelaide",24,"BPL","Josh","Worrell","CD_I1011981"
20,"Adelaide Oval","Adelaide Crows","Port Adelaide",21,"FB","Aliir","Aliir","CD_I294469"
20,"Adelaide Oval","Adelaide Crows","Port Adelaide",14,"C","Miles","Bergman","CD_I1009191"
20,"Adelaide Oval","Adelaide Crows","Port Adelaide",5,"INT","Joe","Berry","CD_I1028529"
20,"Adelaide Oval","Adelaide Crows","Port Adelaide",10,"WR","Travis","Boak","CD_I250365"
20,"Adelaide Oval","Adelaide Crows","Port Adelaide",7,"WL","Jase","Burgoyne","CD_I1013462"
20,"Adelaide Oval","Adelaide Crows","Port Adelaide",9,"R","Zak","Butters","CD_I1006121"
20,"Adelaide Oval","Adelaide Crows","Port Adelaide",33,"CHF","Darcy","Byrne-Jones","CD_I991930"
20,"Adelaide Oval","Adelaide Crows","Port Adelaide",28,"INT","Willem","Drew","CD_I1000972"
20,"Adelaide Oval","Adelaide Crows","Port Adelaide",22,"INT","Logan","Evans","CD_I1019938"
20,"Adelaide Oval","Adelaide Crows","Port Adelaide",6,"HBFR","Kane","Farrell","CD_I1002253"
20,"Adelaide Oval","Adelaide Crows","Port Adelaide",19,"FF","Mitch","Georgiades","CD_I1010174"
20,"Adelaide Oval","Adelaide Crows","Port Adelaide",39,"SUB","Hugh","Jackson","CD_I1015330"
20,"Adelaide Oval","Adelaide Crows","Port Adelaide",34,"HBFL","Lachie","Jones","CD_I1011583"
20,"Adelaide Oval","Adelaide Crows","Port Adelaide",30,"FPR","Ollie","Lord","CD_I1012881"
20,"Adelaide Oval","Adelaide Crows","Port Adelaide",12,"HFFR","Jack","Lukosius","CD_I1004095"
20,"Adelaide Oval","Adelaide Crows","Port Adelaide",41,"FPL","Jed","McEntee","CD_I1004819"
20,"Adelaide Oval","Adelaide Crows","Port Adelaide",44,"INT","Jackson","Mead","CD_I1005326"
20,"Adelaide Oval","Adelaide Crows","Port Adelaide",35,"HFFL","Joe","Richards","CD_I1008239"
20,"Adelaide Oval","Adelaide Crows","Port Adelaide",1,"CHB","Connor","Rozee","CD_I1001299"
20,"Adelaide Oval","Adelaide Crows","Port Adelaide",8,"BPR","Josh","Sinn","CD_I1017078"
20,"Adelaide Oval","Adelaide Crows","Port Adelaide",24,"RK","Jordon","Sweet","CD_I992330"
20,"Adelaide Oval","Adelaide Crows","Port Adelaide",16,"RR","Ollie","Wines","CD_I294318"
20,"Adelaide Oval","Adelaide Crows","Port Adelaide",25,"BPL","Brandon","Zerk-Thatcher","CD_I1004034"
20,"MCG","Richmond","Collingwood",14,"EMERG","Tim","Taranto","CD_I998172"
20,"MCG","Richmond","Collingwood",29,"SUB","Jasper","Alger","CD_I1028537"
20,"MCG","Richmond","Collingwood",21,"FPL","Noah","Balta","CD_I1002245"
20,"MCG","Richmond","Collingwood",41,"CHB","Sam","Banks","CD_I1013197"
20,"MCG","Richmond","Collingwood",35,"BPR","Nathan","Broad","CD_I295203"
20,"MCG","Richmond","Collingwood",30,"INT","Tom","Brown","CD_I1017086"
20,"MCG","Richmond","Collingwood",26,"FF","Jonty","Faull","CD_I1028498"
20,"MCG","Richmond","Collingwood",48,"HFFR","Steely","Green","CD_I1023056"
20,"MCG","Richmond","Collingwood",2,"R","Jacob","Hopper","CD_I993903"
20,"MCG","Richmond","Collingwood",24,"CHF","Taj","Hotton","CD_I1032106"
20,"MCG","Richmond","Collingwood",7,"FPR","Rhyan","Mansell","CD_I1008478"
20,"MCG","Richmond","Collingwood",33,"INT","Kamdyn","McIntosh","CD_I294592"
20,"MCG","Richmond","Collingwood",12,"FB","Ben","Miller","CD_I1002403"
20,"MCG","Richmond","Collingwood",25,"RK","Toby","Nankervis","CD_I298174"
20,"MCG","Richmond","Collingwood",3,"C","Dion","Prestia","CD_I290627"
20,"MCG","Richmond","Collingwood",17,"HFFL","Maurice","Rioli","CD_I1009551"
20,"MCG","Richmond","Collingwood",5,"WR","Jack","Ross","CD_I1006133"
20,"MCG","Richmond","Collingwood",15,"HBFL","Jayden","Short","CD_I992049"
20,"MCG","Richmond","Collingwood",38,"INT","Thomas","Sims","CD_I1018996"
20,"MCG","Richmond","Collingwood",40,"INT","Tyler","Sonsie","CD_I1017114"
20,"MCG","Richmond","Collingwood",31,"RR","Luke","Trainor","CD_I1028521"
20,"MCG","Richmond","Collingwood",36,"WL","James","Trezise","CD_I1031829"
20,"MCG","Richmond","Collingwood",1,"HBFR","Nick","Vlastuin","CD_I294674"
20,"MCG","Richmond","Collingwood",45,"BPL","Tylar","Young","CD_I1018433"
20,"MCG","Richmond","Collingwood",16,"WL","Edward","Allan","CD_I1022915"
20,"MCG","Richmond","Collingwood",14,"RK","Darcy","Cameron","CD_I990291"
20,"MCG","Richmond","Collingwood",25,"WR","Jack","Crisp","CD_I293871"
20,"MCG","Richmond","Collingwood",7,"R","Josh","Daicos","CD_I1005054"
20,"MCG","Richmond","Collingwood",35,"CHB","Nick","Daicos","CD_I1023261"
20,"MCG","Richmond","Collingwood",43,"BPR","Charlie","Dean","CD_I1009197"
20,"MCG","Richmond","Collingwood",5,"FPL","Jamie","Elliott","CD_I293801"
20,"MCG","Richmond","Collingwood",32,"HFFL","Will","Hoskin-Elliott","CD_I291720"
20,"MCG","Richmond","Collingwood",9,"HBFL","Dan","Houston","CD_I994295"
20,"MCG","Richmond","Collingwood",1,"FPR","Patrick","Lipinski","CD_I1003130"
20,"MCG","Richmond","Collingwood",44,"INT","Ned","Long","CD_I1017124"
20,"MCG","Richmond","Collingwood",37,"SUB","Oleg","Markov","CD_I298358"
20,"MCG","Richmond","Collingwood",4,"BPL","Brayden","Maynard","CD_I992010"
20,"MCG","Richmond","Collingwood",11,"INT","Daniel","McStay","CD_I297504"
20,"MCG","Richmond","Collingwood",28,"CHF","Tim","Membrey","CD_I294596"
20,"MCG","Richmond","Collingwood",41,"FF","Brody","Mihocek","CD_I291849"
20,"MCG","Richmond","Collingwood",6,"RR","Tom","Mitchell","CD_I291856"
20,"MCG","Richmond","Collingwood",30,"FB","Darcy","Moore","CD_I298288"
20,"MCG","Richmond","Collingwood",12,"HBFR","Harry","Perryman","CD_I998205"
20,"MCG","Richmond","Collingwood",3,"INT","Isaac","Quaynor","CD_I1008089"
20,"MCG","Richmond","Collingwood",8,"HFFR","Lachie","Schultz","CD_I1000860"
20,"MCG","Richmond","Collingwood",22,"C","Steele","Sidebottom","CD_I280965"
20,"MCG","Richmond","Collingwood",33,"INT","Lachlan","Sullivan","CD_I998480"
20,"Marvel Stadium","St Kilda","Melbourne",38,"SUB","Hugh","Boxshall","CD_I1029148"
20,"Marvel Stadium","St Kilda","Melbourne",13,"INT","Ryan","Byrnes","CD_I1011994"
20,"Marvel Stadium","St Kilda","Melbourne",47,"BPR","Anthony","Caminiti","CD_I1023784"
20,"Marvel Stadium","St Kilda","Melbourne",11,"RR","Hunter","Clark","CD_I1002264"
20,"Marvel Stadium","St Kilda","Melbourne",4,"INT","Lance","Collard","CD_I1017959"
20,"Marvel Stadium","St Kilda","Melbourne",40,"CHF","Max","Hall","CD_I1020855"
20,"Marvel Stadium","St Kilda","Melbourne",24,"INT","Angus","Hastie","CD_I1027872"
20,"Marvel Stadium","St Kilda","Melbourne",1,"HFFR","Jack","Higgins","CD_I1002227"
20,"Marvel Stadium","St Kilda","Melbourne",8,"HFFL","Bradley","Hill","CD_I295584"
20,"Marvel Stadium","St Kilda","Melbourne",3,"INT","Zak","Jones","CD_I991988"
20,"Marvel Stadium","St Kilda","Melbourne",6,"C","Jack","Macrae","CD_I295467"
20,"Marvel Stadium","St Kilda","Melbourne",19,"RK","Rowan","Marshall","CD_I992468"
20,"Marvel Stadium","St Kilda","Melbourne",10,"FPL","Mitch","Owens","CD_I1023272"
20,"Marvel Stadium","St Kilda","Melbourne",27,"WR","Arie","Schoenmaker","CD_I1024279"
20,"Marvel Stadium","St Kilda","Melbourne",43,"FPR","Cooper","Sharman","CD_I1018018"
20,"Marvel Stadium","St Kilda","Melbourne",35,"HBFR","Jack","Sinclair","CD_I994389"
20,"Marvel Stadium","St Kilda","Melbourne",9,"R","Jack","Steele","CD_I296205"
20,"Marvel Stadium","St Kilda","Melbourne",14,"HBFL","Liam","Stocker","CD_I1008312"
20,"Marvel Stadium","St Kilda","Melbourne",26,"BPL","Alixzander","Tauru","CD_I1030433"
20,"Marvel Stadium","St Kilda","Melbourne",7,"CHB","Nasiah","Wanganeen-Milera","CD_I1015507"
20,"Marvel Stadium","St Kilda","Melbourne",44,"FB","Callum","Wilkie","CD_I296422"
20,"Marvel Stadium","St Kilda","Melbourne",2,"WL","Marcus","Windhager","CD_I1023270"
20,"Marvel Stadium","St Kilda","Melbourne",32,"FF","Mason","Wood","CD_I295340"
20,"Marvel Stadium","St Kilda","Melbourne",17,"BPL","Jake","Bowey","CD_I1012825"
20,"Marvel Stadium","St Kilda","Melbourne",37,"WL","Kade","Chandler","CD_I1005330"
20,"Marvel Stadium","St Kilda","Melbourne",31,"CHF","Bayley","Fritsch","CD_I1001438"
20,"Marvel Stadium","St Kilda","Melbourne",11,"RK","Max","Gawn","CD_I290528"
20,"Marvel Stadium","St Kilda","Melbourne",22,"HBFR","Blake","Howes","CD_I1017122"
20,"Marvel Stadium","St Kilda","Melbourne",15,"R","Ed","Langdon","CD_I298264"
20,"Marvel Stadium","St Kilda","Melbourne",19,"WR","Harvey","Langford","CD_I1028546"
20,"Marvel Stadium","St Kilda","Melbourne",20,"HFFR","Xavier","Lindsay","CD_I1028531"
20,"Marvel Stadium","St Kilda","Melbourne",25,"FB","Tom","McDonald","CD_I291533"
20,"Marvel Stadium","St Kilda","Melbourne",4,"BPR","Judd","McVee","CD_I1017703"
20,"Marvel Stadium","St Kilda","Melbourne",18,"FPL","Jake","Melksham","CD_I280824"
20,"Marvel Stadium","St Kilda","Melbourne",13,"INT","Clayton","Oliver","CD_I996701"
20,"Marvel Stadium","St Kilda","Melbourne",5,"C","Christian","Petracca","CD_I298210"
20,"Marvel Stadium","St Kilda","Melbourne",35,"FF","Harrison","Petty","CD_I1008893"
20,"Marvel Stadium","St Kilda","Melbourne",36,"FPR","Kysaiah","Pickett","CD_I1008541"
20,"Marvel Stadium","St Kilda","Melbourne",24,"RR","Trent","Rivers","CD_I1009378"
20,"Marvel Stadium","St Kilda","Melbourne",3,"INT","Christian","Salem","CD_I296359"
20,"Marvel Stadium","St Kilda","Melbourne",9,"SUB","Charlie","Spargo","CD_I1002282"
20,"Marvel Stadium","St Kilda","Melbourne",32,"INT","Tom","Sparrow","CD_I999391"
20,"Marvel Stadium","St Kilda","Melbourne",10,"CHB","Daniel","Turner","CD_I1020959"
20,"Marvel Stadium","St Kilda","Melbourne",2,"INT","Jacob","van Rooyen","CD_I1017720"
20,"Marvel Stadium","St Kilda","Melbourne",7,"HFFL","Jack","Viney","CD_I291902"
20,"Marvel Stadium","St Kilda","Melbourne",6,"HBFL","Caleb","Windsor","CD_I1027821"
21,"Marvel Stadium","Western Bulldogs","GWS GIANTS",13,"FB","Oskar","Baker","CD_I1008855"
21,"Marvel Stadium","Western Bulldogs","GWS GIANTS",4,"RR","Marcus","Bontempelli","CD_I297373"
21,"Marvel Stadium","Western Bulldogs","GWS GIANTS",29,"BPL","Lachlan","Bramble","CD_I1000864"
21,"Marvel Stadium","Western Bulldogs","GWS GIANTS",5,"INT","Jedd","Busslinger","CD_I1023017"
21,"Marvel Stadium","Western Bulldogs","GWS GIANTS",36,"HBFL","Luke","Cleary","CD_I1015929"
21,"Marvel Stadium","Western Bulldogs","GWS GIANTS",31,"WR","Bailey","Dale","CD_I996708"
21,"Marvel Stadium","Western Bulldogs","GWS GIANTS",10,"FF","Sam","Darcy","CD_I1017126"
21,"Marvel Stadium","Western Bulldogs","GWS GIANTS",44,"RK","Tim","English","CD_I1004592"
21,"Marvel Stadium","Western Bulldogs","GWS GIANTS",27,"INT","Joel","Freijah","CD_I1027704"
21,"Marvel Stadium","Western Bulldogs","GWS GIANTS",38,"INT","Riley","Garcia","CD_I1006533"
21,"Marvel Stadium","Western Bulldogs","GWS GIANTS",39,"HBFR","Jason","Johannisen","CD_I294101"
21,"Marvel Stadium","Western Bulldogs","GWS GIANTS",8,"HFFR","Matthew","Kennedy","CD_I1001398"
21,"Marvel Stadium","Western Bulldogs","GWS GIANTS",21,"R","Tom","Liberatore","CD_I290799"
21,"Marvel Stadium","Western Bulldogs","GWS GIANTS",7,"CHB","Rory","Lobb","CD_I990740"
21,"Marvel Stadium","Western Bulldogs","GWS GIANTS",30,"INT","Lachlan","McNeil","CD_I1009015"
21,"Marvel Stadium","Western Bulldogs","GWS GIANTS",33,"CHF","Aaron","Naughton","CD_I1002404"
21,"Marvel Stadium","Western Bulldogs","GWS GIANTS",18,"BPR","James","O'Donnell","CD_I1032966"
21,"Marvel Stadium","Western Bulldogs","GWS GIANTS",25,"FPL","Caleb","Poulter","CD_I1011589"
21,"Marvel Stadium","Western Bulldogs","GWS GIANTS",20,"C","Ed","Richards","CD_I1008280"
21,"Marvel Stadium","Western Bulldogs","GWS GIANTS",9,"HFFL","Ryley","Sanders","CD_I1017939"
21,"Marvel Stadium","Western Bulldogs","GWS GIANTS",23,"SUB","Laitham","Vandermeer","CD_I1005000"
21,"Marvel Stadium","Western Bulldogs","GWS GIANTS",14,"FPR","Rhylee","West","CD_I1006127"
21,"Marvel Stadium","Western Bulldogs","GWS GIANTS",34,"WL","Bailey","Williams","CD_I992351"
21,"Marvel Stadium","Western Bulldogs","GWS GIANTS",21,"CHB","Leek","Aleer","CD_I1008691"
21,"Marvel Stadium","Western Bulldogs","GWS GIANTS",9,"WR","Ryan","Angwin","CD_I1015777"
21,"Marvel Stadium","Western Bulldogs","GWS GIANTS",7,"HBFR","Lachie","Ash","CD_I1009253"
21,"Marvel Stadium","Western Bulldogs","GWS GIANTS",14,"HFFL","Toby","Bedford","CD_I1008139"
21,"Marvel Stadium","Western Bulldogs","GWS GIANTS",32,"RK","Kieren","Briggs","CD_I1008436"
21,"Marvel Stadium","Western Bulldogs","GWS GIANTS",46,"FPR","Callum","Brown","CD_I1014038"
21,"Marvel Stadium","Western Bulldogs","GWS GIANTS",5,"CHF","Aaron","Cadman","CD_I1019038"
21,"Marvel Stadium","Western Bulldogs","GWS GIANTS",17,"RR","Finn","Callaghan","CD_I1023266"
21,"Marvel Stadium","Western Bulldogs","GWS GIANTS",3,"INT","Stephen","Coniglio","CD_I291969"
21,"Marvel Stadium","Western Bulldogs","GWS GIANTS",37,"INT","Joe","Fonti","CD_I1032629"
21,"Marvel Stadium","Western Bulldogs","GWS GIANTS",12,"R","Tom","Green","CD_I1009528"
21,"Marvel Stadium","Western Bulldogs","GWS GIANTS",27,"BPR","Harry","Himmelberg","CD_I993107"
21,"Marvel Stadium","Western Bulldogs","GWS GIANTS",23,"FF","Jesse","Hogan","CD_I296324"
21,"Marvel Stadium","Western Bulldogs","GWS GIANTS",39,"BPL","Connor","Idun","CD_I1008083"
21,"Marvel Stadium","Western Bulldogs","GWS GIANTS",2,"HFFR","Darcy","Jones","CD_I1020650"
21,"Marvel Stadium","Western Bulldogs","GWS GIANTS",31,"WL","Toby","McMullin","CD_I1027971"
21,"Marvel Stadium","Western Bulldogs","GWS GIANTS",33,"C","Xavier","O'Halloran","CD_I1006135"
21,"Marvel Stadium","Western Bulldogs","GWS GIANTS",26,"INT","Jake","Riccardi","CD_I1008123"
21,"Marvel Stadium","Western Bulldogs","GWS GIANTS",24,"SUB","Harry","Rowston","CD_I1021122"
21,"Marvel Stadium","Western Bulldogs","GWS GIANTS",20,"FPL","Jake","Stringer","CD_I293884"
21,"Marvel Stadium","Western Bulldogs","GWS GIANTS",15,"FB","Sam","Taylor","CD_I1005247"
21,"Marvel Stadium","Western Bulldogs","GWS GIANTS",1,"INT","Harvey","Thomas","CD_I1027925"
21,"Marvel Stadium","Western Bulldogs","GWS GIANTS",6,"HBFL","Lachie","Whitfield","CD_I294305"
21,"Adelaide Oval","Adelaide Crows","Hawthorn",3,"RR","Sam","Berry","CD_I1012807"
21,"Adelaide Oval","Adelaide Crows","Hawthorn",40,"BPR","Hugh","Bond","CD_I1023534"
21,"Adelaide Oval","Adelaide Crows","Hawthorn",15,"INT","Brayden","Cook","CD_I1018335"
21,"Adelaide Oval","Adelaide Crows","Hawthorn",44,"WL","Isaac","Cumming","CD_I1001396"
21,"Adelaide Oval","Adelaide Crows","Hawthorn",6,"WR","Daniel","Curtin","CD_I1024023"
21,"Adelaide Oval","Adelaide Crows","Hawthorn",12,"C","Jordan","Dawson","CD_I992242"
21,"Adelaide Oval","Adelaide Crows","Hawthorn",32,"FF","Darcy","Fogarty","CD_I999331"
21,"Adelaide Oval","Adelaide Crows","Hawthorn",20,"HBFR","Mitchell","Hinge","CD_I1004863"
21,"Adelaide Oval","Adelaide Crows","Hawthorn",1,"SUB","Chayce","Jones","CD_I1006203"
21,"Adelaide Oval","Adelaide Crows","Hawthorn",48,"CHB","Mark","Keane","CD_I1013974"
21,"Adelaide Oval","Adelaide Crows","Hawthorn",2,"HFFL","Ben","Keays","CD_I993946"
21,"Adelaide Oval","Adelaide Crows","Hawthorn",30,"HBFL","Wayne","Milera","CD_I990882"
21,"Adelaide Oval","Adelaide Crows","Hawthorn",9,"FB","Nick","Murray","CD_I1008230"
21,"Adelaide Oval","Adelaide Crows","Hawthorn",28,"HFFR","Alex","Neal-Bullen","CD_I296420"
21,"Adelaide Oval","Adelaide Crows","Hawthorn",43,"RK","Reilly","O'Brien","CD_I297523"
21,"Adelaide Oval","Adelaide Crows","Hawthorn",25,"INT","James","Peatling","CD_I1006013"
21,"Adelaide Oval","Adelaide Crows","Hawthorn",23,"FPL","Izak","Rankine","CD_I1001195"
21,"Adelaide Oval","Adelaide Crows","Hawthorn",33,"INT","Brodie","Smith","CD_I291748"
21,"Adelaide Oval","Adelaide Crows","Hawthorn",14,"R","Jake","Soligo","CD_I1017109"
21,"Adelaide Oval","Adelaide Crows","Hawthorn",19,"INT","Zac","Taylor","CD_I1017065"
21,"Adelaide Oval","Adelaide Crows","Hawthorn",7,"CHF","Riley","Thilthorpe","CD_I1008384"
21,"Adelaide Oval","Adelaide Crows","Hawthorn",13,"FPR","Taylor","Walker","CD_I280506"
21,"Adelaide Oval","Adelaide Crows","Hawthorn",24,"BPL","Josh","Worrell","CD_I1011981"
21,"Adelaide Oval","Adelaide Crows","Hawthorn",10,"WR","Karl","Amon","CD_I297354"
21,"Adelaide Oval","Adelaide Crows","Hawthorn",37,"FB","Tom","Barrass","CD_I990290"
21,"Adelaide Oval","Adelaide Crows","Hawthorn",24,"BPL","Josh","Battle","CD_I998134"
21,"Adelaide Oval","Adelaide Crows","Hawthorn",18,"INT","Mabior","Chol","CD_I994077"
21,"Adelaide Oval","Adelaide Crows","Hawthorn",16,"HBFR","Massimo","D'Ambrosio","CD_I1005144"
21,"Adelaide Oval","Adelaide Crows","Hawthorn",12,"R","Will","Day","CD_I1008550"
21,"Adelaide Oval","Adelaide Crows","Hawthorn",35,"CHF","Calsher","Dear","CD_I1032100"
21,"Adelaide Oval","Adelaide Crows","Hawthorn",33,"FPL","Jack","Ginnivan","CD_I1012857"
21,"Adelaide Oval","Adelaide Crows","Hawthorn",19,"HFFL","Jack","Gunston","CD_I291351"
21,"Adelaide Oval","Adelaide Crows","Hawthorn",15,"BPR","Blake","Hardwick","CD_I993794"
21,"Adelaide Oval","Adelaide Crows","Hawthorn",4,"HBFL","Jarman","Impey","CD_I296254"
21,"Adelaide Oval","Adelaide Crows","Hawthorn",2,"FF","Mitch","Lewis","CD_I1000887"
21,"Adelaide Oval","Adelaide Crows","Hawthorn",31,"INT","Connor","Macdonald","CD_I1017094"
21,"Adelaide Oval","Adelaide Crows","Hawthorn",17,"RK","Lloyd","Meek","CD_I1000980"
21,"Adelaide Oval","Adelaide Crows","Hawthorn",13,"FPR","Dylan","Moore","CD_I1006314"
21,"Adelaide Oval","Adelaide Crows","Hawthorn",1,"WL","Harry","Morrison","CD_I1000963"
21,"Adelaide Oval","Adelaide Crows","Hawthorn",11,"INT","Conor","Nash","CD_I1007124"
21,"Adelaide Oval","Adelaide Crows","Hawthorn",3,"RR","Jai","Newcombe","CD_I1020895"
21,"Adelaide Oval","Adelaide Crows","Hawthorn",14,"INT","Jack","Scrimshaw","CD_I998114"
21,"Adelaide Oval","Adelaide Crows","Hawthorn",6,"CHB","James","Sicily","CD_I297566"
21,"Adelaide Oval","Adelaide Crows","Hawthorn",25,"C","Josh","Ward","CD_I1017110"
21,"Adelaide Oval","Adelaide Crows","Hawthorn",34,"HFFR","Nick","Watson","CD_I1023473"
21,"Adelaide Oval","Adelaide Crows","Hawthorn",5,"SUB","James","Worpel","CD_I1002222"
21,"Marvel Stadium","Melbourne","West Coast Eagles",17,"BPL","Jake","Bowey","CD_I1012825"
21,"Marvel Stadium","Melbourne","West Coast Eagles",37,"HFFR","Kade","Chandler","CD_I1005330"
21,"Marvel Stadium","Melbourne","West Coast Eagles",46,"WL","Jai","Culley","CD_I1020802"
21,"Marvel Stadium","Melbourne","West Coast Eagles",31,"CHF","Bayley","Fritsch","CD_I1001438"
21,"Marvel Stadium","Melbourne","West Coast Eagles",11,"RK","Max","Gawn","CD_I290528"
21,"Marvel Stadium","Melbourne","West Coast Eagles",22,"HBFR","Blake","Howes","CD_I1017122"
21,"Marvel Stadium","Melbourne","West Coast Eagles",15,"R","Ed","Langdon","CD_I298264"
21,"Marvel Stadium","Melbourne","West Coast Eagles",19,"WR","Harvey","Langford","CD_I1028546"
21,"Marvel Stadium","Melbourne","West Coast Eagles",25,"FB","Tom","McDonald","CD_I291533"
21,"Marvel Stadium","Melbourne","West Coast Eagles",4,"BPR","Judd","McVee","CD_I1017703"
21,"Marvel Stadium","Melbourne","West Coast Eagles",18,"FPL","Jake","Melksham","CD_I280824"
21,"Marvel Stadium","Melbourne","West Coast Eagles",13,"INT","Clayton","Oliver","CD_I996701"
21,"Marvel Stadium","Melbourne","West Coast Eagles",5,"C","Christian","Petracca","CD_I298210"
21,"Marvel Stadium","Melbourne","West Coast Eagles",35,"INT","Harrison","Petty","CD_I1008893"
21,"Marvel Stadium","Melbourne","West Coast Eagles",36,"FPR","Kysaiah","Pickett","CD_I1008541"
21,"Marvel Stadium","Melbourne","West Coast Eagles",24,"RR","Trent","Rivers","CD_I1009378"
21,"Marvel Stadium","Melbourne","West Coast Eagles",3,"INT","Christian","Salem","CD_I296359"
21,"Marvel Stadium","Melbourne","West Coast Eagles",30,"SUB","Harry","Sharp","CD_I1007099"
21,"Marvel Stadium","Melbourne","West Coast Eagles",32,"INT","Tom","Sparrow","CD_I999391"
21,"Marvel Stadium","Melbourne","West Coast Eagles",10,"CHB","Daniel","Turner","CD_I1020959"
21,"Marvel Stadium","Melbourne","West Coast Eagles",2,"FF","Jacob","van Rooyen","CD_I1017720"
21,"Marvel Stadium","Melbourne","West Coast Eagles",7,"HFFL","Jack","Viney","CD_I291902"
21,"Marvel Stadium","Melbourne","West Coast Eagles",6,"HBFL","Caleb","Windsor","CD_I1027821"
21,"Marvel Stadium","Melbourne","West Coast Eagles",3,"R","Liam","Baker","CD_I1000223"
21,"Marvel Stadium","Melbourne","West Coast Eagles",33,"CHB","Rhett","Bazzo","CD_I1017718"
21,"Marvel Stadium","Melbourne","West Coast Eagles",10,"INT","Tyler","Brockman","CD_I1013511"
21,"Marvel Stadium","Melbourne","West Coast Eagles",18,"BPR","Campbell","Chesser","CD_I1017057"
21,"Marvel Stadium","Melbourne","West Coast Eagles",28,"INT","Tom","Cole","CD_I993820"
21,"Marvel Stadium","Melbourne","West Coast Eagles",15,"HFFL","Jamie","Cripps","CD_I290826"
21,"Marvel Stadium","Melbourne","West Coast Eagles",38,"SUB","Hamish","Davis","CD_I1032624"
21,"Marvel Stadium","Melbourne","West Coast Eagles",43,"INT","Tyrell","Dewar","CD_I1023142"
21,"Marvel Stadium","Melbourne","West Coast Eagles",14,"HBFL","Liam","Duggan","CD_I298268"
21,"Marvel Stadium","Melbourne","West Coast Eagles",42,"FB","Harry","Edwards","CD_I1011437"
21,"Marvel Stadium","Melbourne","West Coast Eagles",7,"BPL","Reuben","Ginbey","CD_I1023025"
21,"Marvel Stadium","Melbourne","West Coast Eagles",27,"HFFR","Tom","Gross","CD_I1028561"
21,"Marvel Stadium","Melbourne","West Coast Eagles",29,"WR","Clay","Hall","CD_I1024188"
21,"Marvel Stadium","Melbourne","West Coast Eagles",8,"INT","Elijah","Hewett","CD_I1020670"
21,"Marvel Stadium","Melbourne","West Coast Eagles",19,"C","Brady","Hough","CD_I1023167"
21,"Marvel Stadium","Melbourne","West Coast Eagles",11,"RR","Tim","Kelly","CD_I295898"
21,"Marvel Stadium","Melbourne","West Coast Eagles",23,"WL","Ryan","Maric","CD_I1029416"
21,"Marvel Stadium","Melbourne","West Coast Eagles",45,"HBFR","Tom","McCarthy","CD_I1036124"
21,"Marvel Stadium","Melbourne","West Coast Eagles",16,"FPL","Matthew","Owies","CD_I1013973"
21,"Marvel Stadium","Melbourne","West Coast Eagles",22,"FF","Archer","Reid","CD_I1027693"
21,"Marvel Stadium","Melbourne","West Coast Eagles",1,"FPR","Liam","Ryan","CD_I1004364"
21,"Marvel Stadium","Melbourne","West Coast Eagles",35,"CHF","Jobe","Shanahan","CD_I1031913"
21,"Marvel Stadium","Melbourne","West Coast Eagles",32,"RK","Bailey J.","Williams","CD_I1006114"
21,"People First Stadium","Gold Coast SUNS","Richmond",48,"CHF","Oscar","Adams","CD_I1015515"
21,"People First Stadium","Gold Coast SUNS","Richmond",9,"HBFR","Ben","Ainsworth","CD_I998130"
21,"People First Stadium","Gold Coast SUNS","Richmond",15,"R","Noah","Anderson","CD_I1009199"
21,"People First Stadium","Gold Coast SUNS","Richmond",1,"FB","Mac","Andrew","CD_I1017396"
21,"People First Stadium","Gold Coast SUNS","Richmond",35,"INT","Connor","Budarick","CD_I1008454"
21,"People First Stadium","Gold Coast SUNS","Richmond",25,"BPR","Sam","Collins","CD_I295446"
21,"People First Stadium","Gold Coast SUNS","Richmond",5,"RR","Alex","Davies","CD_I1013268"
21,"People First Stadium","Gold Coast SUNS","Richmond",50,"FF","Jy","Farrar","CD_I999715"
21,"People First Stadium","Gold Coast SUNS","Richmond",8,"WR","Brayden","Fiorini","CD_I993799"
21,"People First Stadium","Gold Coast SUNS","Richmond",3,"INT","Sam","Flanders","CD_I1009260"
21,"People First Stadium","Gold Coast SUNS","Richmond",7,"SUB","Nick","Holman","CD_I297456"
21,"People First Stadium","Gold Coast SUNS","Richmond",19,"HFFR","Bailey","Humphrey","CD_I1023500"
21,"People First Stadium","Gold Coast SUNS","Richmond",40,"INT","Joel","Jeffrey","CD_I1005992"
21,"People First Stadium","Gold Coast SUNS","Richmond",34,"FPR","Ben","King","CD_I1006144"
21,"People First Stadium","Gold Coast SUNS","Richmond",22,"FPL","Ben","Long","CD_I993917"
21,"People First Stadium","Gold Coast SUNS","Richmond",11,"HFFL","Touk","Miller","CD_I298272"
21,"People First Stadium","Gold Coast SUNS","Richmond",2,"HBFL","John","Noble","CD_I1000072"
21,"People First Stadium","Gold Coast SUNS","Richmond",27,"CHB","Wil","Powell","CD_I1007881"
21,"People First Stadium","Gold Coast SUNS","Richmond",20,"INT","Ethan","Read","CD_I1027033"
21,"People First Stadium","Gold Coast SUNS","Richmond",18,"C","Matt","Rowell","CD_I1009208"
21,"People First Stadium","Gold Coast SUNS","Richmond",32,"BPL","Bodhi","Uwland","CD_I1017665"
21,"People First Stadium","Gold Coast SUNS","Richmond",14,"WL","Lachie","Weller","CD_I298524"
21,"People First Stadium","Gold Coast SUNS","Richmond",28,"RK","Jarrod","Witts","CD_I291975"
21,"People First Stadium","Gold Coast SUNS","Richmond",34,"FPL","Harry","Armstrong","CD_I1028525"
21,"People First Stadium","Gold Coast SUNS","Richmond",21,"FB","Noah","Balta","CD_I1002245"
21,"People First Stadium","Gold Coast SUNS","Richmond",41,"CHB","Sam","Banks","CD_I1013197"
21,"People First Stadium","Gold Coast SUNS","Richmond",30,"INT","Tom","Brown","CD_I1017086"
21,"People First Stadium","Gold Coast SUNS","Richmond",44,"CHF","Seth","Campbell","CD_I1023275"
21,"People First Stadium","Gold Coast SUNS","Richmond",26,"FF","Jonty","Faull","CD_I1028498"
21,"People First Stadium","Gold Coast SUNS","Richmond",48,"HFFL","Steely","Green","CD_I1023056"
21,"People First Stadium","Gold Coast SUNS","Richmond",2,"R","Jacob","Hopper","CD_I993903"
21,"People First Stadium","Gold Coast SUNS","Richmond",24,"HFFR","Taj","Hotton","CD_I1032106"
21,"People First Stadium","Gold Coast SUNS","Richmond",7,"FPR","Rhyan","Mansell","CD_I1008478"
21,"People First Stadium","Gold Coast SUNS","Richmond",33,"SUB","Kamdyn","McIntosh","CD_I294592"
21,"People First Stadium","Gold Coast SUNS","Richmond",12,"BPR","Ben","Miller","CD_I1002403"
21,"People First Stadium","Gold Coast SUNS","Richmond",25,"RK","Toby","Nankervis","CD_I298174"
21,"People First Stadium","Gold Coast SUNS","Richmond",3,"C","Dion","Prestia","CD_I290627"
21,"People First Stadium","Gold Coast SUNS","Richmond",17,"RR","Maurice","Rioli","CD_I1009551"
21,"People First Stadium","Gold Coast SUNS","Richmond",5,"INT","Jack","Ross","CD_I1006133"
21,"People First Stadium","Gold Coast SUNS","Richmond",15,"HBFR","Jayden","Short","CD_I992049"
21,"People First Stadium","Gold Coast SUNS","Richmond",38,"INT","Thomas","Sims","CD_I1018996"
21,"People First Stadium","Gold Coast SUNS","Richmond",40,"INT","Tyler","Sonsie","CD_I1017114"
21,"People First Stadium","Gold Coast SUNS","Richmond",31,"WR","Luke","Trainor","CD_I1028521"
21,"People First Stadium","Gold Coast SUNS","Richmond",36,"WL","James","Trezise","CD_I1031829"
21,"People First Stadium","Gold Coast SUNS","Richmond",1,"HBFL","Nick","Vlastuin","CD_I294674"
21,"People First Stadium","Gold Coast SUNS","Richmond",45,"BPL","Tylar","Young","CD_I1018433"
21,"SCG","Sydney Swans","Essendon",22,"CHB","Nick","Blakey","CD_I1006028"
21,"SCG","Sydney Swans","Essendon",39,"CHF","Jack","Buller","CD_I1009392"
21,"SCG","Sydney Swans","Essendon",16,"INT","Braeden","Campbell","CD_I1013133"
21,"SCG","Sydney Swans","Essendon",33,"SUB","Caiden","Cleary","CD_I1024057"
21,"SCG","Sydney Swans","Essendon",7,"INT","Harry","Cunningham","CD_I291978"
21,"SCG","Sydney Swans","Essendon",18,"FPR","Jesse","Dattoli","CD_I1029589"
21,"SCG","Sydney Swans","Essendon",13,"WL","Oliver","Florent","CD_I998103"
21,"SCG","Sydney Swans","Essendon",4,"RK","Brodie","Grundy","CD_I293957"
21,"SCG","Sydney Swans","Essendon",21,"R","Errol","Gulden","CD_I1013128"
21,"SCG","Sydney Swans","Essendon",5,"RR","Isaac","Heeney","CD_I298539"
21,"SCG","Sydney Swans","Essendon",17,"HFFR","James","Jordon","CD_I1013409"
21,"SCG","Sydney Swans","Essendon",19,"INT","Peter","Ladhams","CD_I997142"
21,"SCG","Sydney Swans","Essendon",44,"WR","Jake","Lloyd","CD_I295342"
21,"SCG","Sydney Swans","Essendon",30,"BPR","Tom","McCartin","CD_I1008198"
21,"SCG","Sydney Swans","Essendon",27,"FPL","Justin","McInerney","CD_I1011936"
21,"SCG","Sydney Swans","Essendon",43,"BPL","Lewis","Melican","CD_I996743"
21,"SCG","Sydney Swans","Essendon",14,"HBFL","Callum","Mills","CD_I993905"
21,"SCG","Sydney Swans","Essendon",11,"FF","Tom","Papley","CD_I996765"
21,"SCG","Sydney Swans","Essendon",24,"FB","Dane","Rampe","CD_I290307"
21,"SCG","Sydney Swans","Essendon",8,"HFFL","James","Rowbottom","CD_I1006126"
21,"SCG","Sydney Swans","Essendon",12,"INT","Angus","Sheldrick","CD_I1020339"
21,"SCG","Sydney Swans","Essendon",1,"C","Chad","Warner","CD_I1012014"
21,"SCG","Sydney Swans","Essendon",15,"HBFR","Sam","Wicks","CD_I1006232"
21,"SCG","Sydney Swans","Essendon",46,"CHB","Lachlan","Blakiston","CD_I1028196"
21,"SCG","Sydney Swans","Essendon",36,"FPL","Angus","Clarke","CD_I1027284"
21,"SCG","Sydney Swans","Essendon",22,"R","Sam","Durham","CD_I1015810"
21,"SCG","Sydney Swans","Essendon",28,"INT","Xavier","Duursma","CD_I1006096"
21,"SCG","Sydney Swans","Essendon",17,"INT","Todd","Goldstein","CD_I271129"
21,"SCG","Sydney Swans","Essendon",11,"HFFR","Jade","Gresham","CD_I298421"
21,"SCG","Sydney Swans","Essendon",35,"RK","Matt","Guelfi","CD_I996232"
21,"SCG","Sydney Swans","Essendon",8,"INT","Ben","Hobbs","CD_I1017088"
21,"SCG","Sydney Swans","Essendon",10,"FPR","Isaac","Kako","CD_I1028554"
21,"SCG","Sydney Swans","Essendon",15,"FB","Jayden","Laverde","CD_I298280"
21,"SCG","Sydney Swans","Essendon",34,"INT","Luamon","Lual","CD_I1027706"
21,"SCG","Sydney Swans","Essendon",26,"WL","Archer","May","CD_I1029084"
21,"SCG","Sydney Swans","Essendon",1,"BPL","Andrew","McGrath","CD_I998102"
21,"SCG","Sydney Swans","Essendon",48,"FF","Liam","McMahon","CD_I1012842"
21,"SCG","Sydney Swans","Essendon",7,"C","Zach","Merrett","CD_I992016"
21,"SCG","Sydney Swans","Essendon",42,"BPR","Jayden","Nguyen","CD_I1018987"
21,"SCG","Sydney Swans","Essendon",16,"HFFL","Archie","Perkins","CD_I1015873"
21,"SCG","Sydney Swans","Essendon",25,"WR","Jaxon","Prior","CD_I1009386"
21,"SCG","Sydney Swans","Essendon",27,"HBFL","Mason","Redman","CD_I997078"
21,"SCG","Sydney Swans","Essendon",21,"HBFR","Archie","Roberts","CD_I1023515"
21,"SCG","Sydney Swans","Essendon",9,"RR","Dylan","Shiel","CD_I291783"
21,"SCG","Sydney Swans","Essendon",47,"SUB","Oskar","Smartt","CD_I1027644"
21,"SCG","Sydney Swans","Essendon",20,"CHF","Peter","Wright","CD_I298289"
21,"MCG","Collingwood","Brisbane Lions",14,"RK","Darcy","Cameron","CD_I990291"
21,"MCG","Collingwood","Brisbane Lions",25,"WR","Jack","Crisp","CD_I293871"
21,"MCG","Collingwood","Brisbane Lions",7,"INT","Josh","Daicos","CD_I1005054"
21,"MCG","Collingwood","Brisbane Lions",35,"C","Nick","Daicos","CD_I1023261"
21,"MCG","Collingwood","Brisbane Lions",2,"INT","Jordan","De Goey","CD_I994185"
21,"MCG","Collingwood","Brisbane Lions",43,"BPR","Charlie","Dean","CD_I1009197"
21,"MCG","Collingwood","Brisbane Lions",5,"FPL","Jamie","Elliott","CD_I293801"
21,"MCG","Collingwood","Brisbane Lions",23,"SUB","Bobby","Hill","CD_I1006148"
21,"MCG","Collingwood","Brisbane Lions",32,"HFFL","Will","Hoskin-Elliott","CD_I291720"
21,"MCG","Collingwood","Brisbane Lions",9,"HBFL","Dan","Houston","CD_I994295"
21,"MCG","Collingwood","Brisbane Lions",1,"FPR","Patrick","Lipinski","CD_I1003130"
21,"MCG","Collingwood","Brisbane Lions",44,"R","Ned","Long","CD_I1017124"
21,"MCG","Collingwood","Brisbane Lions",37,"INT","Oleg","Markov","CD_I298358"
21,"MCG","Collingwood","Brisbane Lions",4,"BPL","Brayden","Maynard","CD_I992010"
21,"MCG","Collingwood","Brisbane Lions",11,"INT","Daniel","McStay","CD_I297504"
21,"MCG","Collingwood","Brisbane Lions",28,"CHF","Tim","Membrey","CD_I294596"
21,"MCG","Collingwood","Brisbane Lions",41,"FF","Brody","Mihocek","CD_I291849"
21,"MCG","Collingwood","Brisbane Lions",30,"FB","Darcy","Moore","CD_I298288"
21,"MCG","Collingwood","Brisbane Lions",10,"RR","Scott","Pendlebury","CD_I260257"
21,"MCG","Collingwood","Brisbane Lions",12,"CHB","Harry","Perryman","CD_I998205"
21,"MCG","Collingwood","Brisbane Lions",3,"HBFR","Isaac","Quaynor","CD_I1008089"
21,"MCG","Collingwood","Brisbane Lions",8,"HFFR","Lachie","Schultz","CD_I1000860"
21,"MCG","Collingwood","Brisbane Lions",22,"WL","Steele","Sidebottom","CD_I280965"
21,"MCG","Collingwood","Brisbane Lions",4,"HFFR","Callum","Ah Chee","CD_I298437"
21,"MCG","Collingwood","Brisbane Lions",31,"CHB","Harris","Andrews","CD_I996059"
21,"MCG","Collingwood","Brisbane Lions",10,"INT","Levi","Ashcroft","CD_I1028560"
21,"MCG","Collingwood","Brisbane Lions",8,"INT","Will","Ashcroft","CD_I1023517"
21,"MCG","Collingwood","Brisbane Lions",33,"WL","Zac","Bailey","CD_I1002312"
21,"MCG","Collingwood","Brisbane Lions",7,"WR","Jarrod","Berry","CD_I998133"
21,"MCG","Collingwood","Brisbane Lions",23,"HFFL","Charlie","Cameron","CD_I990609"
21,"MCG","Collingwood","Brisbane Lions",5,"RR","Josh","Dunkley","CD_I993834"
21,"MCG","Collingwood","Brisbane Lions",3,"INT","Jaspa","Fletcher","CD_I1023708"
21,"MCG","Collingwood","Brisbane Lions",32,"RK","Darcy","Fort","CD_I298211"
21,"MCG","Collingwood","Brisbane Lions",27,"FB","Darcy","Gardiner","CD_I296269"
21,"MCG","Collingwood","Brisbane Lions",30,"CHF","Eric","Hipwood","CD_I993953"
21,"MCG","Collingwood","Brisbane Lions",35,"BPR","Ryan","Lester","CD_I291548"
21,"MCG","Collingwood","Brisbane Lions",20,"INT","Sam","Marshall","CD_I1028520"
21,"MCG","Collingwood","Brisbane Lions",6,"C","Hugh","McCluggage","CD_I1000978"
21,"MCG","Collingwood","Brisbane Lions",13,"FF","Logan","Morris","CD_I1028019"
21,"MCG","Collingwood","Brisbane Lions",9,"R","Lachie","Neale","CD_I293535"
21,"MCG","Collingwood","Brisbane Lions",16,"FPL","Cam","Rayner","CD_I1002235"
21,"MCG","Collingwood","Brisbane Lions",38,"SUB","Bruce","Reville","CD_I1009317"
21,"MCG","Collingwood","Brisbane Lions",25,"FPR","Henry","Smith","CD_I1016189"
21,"MCG","Collingwood","Brisbane Lions",37,"HBFR","Brandon","Starcevich","CD_I1002401"
21,"MCG","Collingwood","Brisbane Lions",44,"HBFL","Darcy","Wilmot","CD_I1017067"
21,"MCG","Collingwood","Brisbane Lions",15,"BPL","Dayne","Zorko","CD_I261224"
21,"Marvel Stadium","St Kilda","North Melbourne",38,"C","Hugh","Boxshall","CD_I1029148"
21,"Marvel Stadium","St Kilda","North Melbourne",13,"INT","Ryan","Byrnes","CD_I1011994"
21,"Marvel Stadium","St Kilda","North Melbourne",47,"BPR","Anthony","Caminiti","CD_I1023784"
21,"Marvel Stadium","St Kilda","North Melbourne",11,"RR","Hunter","Clark","CD_I1002264"
21,"Marvel Stadium","St Kilda","North Melbourne",34,"INT","Hugo","Garcia","CD_I1027790"
21,"Marvel Stadium","St Kilda","North Melbourne",40,"CHF","Max","Hall","CD_I1020855"
21,"Marvel Stadium","St Kilda","North Melbourne",24,"INT","Angus","Hastie","CD_I1027872"
21,"Marvel Stadium","St Kilda","North Melbourne",42,"HFFR","Max","Heath","CD_I1015886"
21,"Marvel Stadium","St Kilda","North Melbourne",1,"FPL","Jack","Higgins","CD_I1002227"
21,"Marvel Stadium","St Kilda","North Melbourne",8,"HFFL","Bradley","Hill","CD_I295584"
21,"Marvel Stadium","St Kilda","North Melbourne",3,"INT","Zak","Jones","CD_I991988"
21,"Marvel Stadium","St Kilda","North Melbourne",6,"R","Jack","Macrae","CD_I295467"
21,"Marvel Stadium","St Kilda","North Melbourne",19,"RK","Rowan","Marshall","CD_I992468"
21,"Marvel Stadium","St Kilda","North Melbourne",10,"FF","Mitch","Owens","CD_I1023272"
21,"Marvel Stadium","St Kilda","North Melbourne",43,"FPR","Cooper","Sharman","CD_I1018018"
21,"Marvel Stadium","St Kilda","North Melbourne",35,"HBFR","Jack","Sinclair","CD_I994389"
21,"Marvel Stadium","St Kilda","North Melbourne",9,"SUB","Jack","Steele","CD_I296205"
21,"Marvel Stadium","St Kilda","North Melbourne",14,"HBFL","Liam","Stocker","CD_I1008312"
21,"Marvel Stadium","St Kilda","North Melbourne",26,"BPL","Alixzander","Tauru","CD_I1030433"
21,"Marvel Stadium","St Kilda","North Melbourne",7,"CHB","Nasiah","Wanganeen-Milera","CD_I1015507"
21,"Marvel Stadium","St Kilda","North Melbourne",44,"FB","Callum","Wilkie","CD_I296422"
21,"Marvel Stadium","St Kilda","North Melbourne",2,"WL","Marcus","Windhager","CD_I1023270"
21,"Marvel Stadium","St Kilda","North Melbourne",32,"WR","Mason","Wood","CD_I295340"
21,"Marvel Stadium","St Kilda","North Melbourne",45,"INT","Zac","Banch","CD_I1020930"
21,"Marvel Stadium","St Kilda","North Melbourne",30,"BPL","Charlie","Comben","CD_I1015781"
21,"Marvel Stadium","St Kilda","North Melbourne",25,"HFFL","Paul","Curtis","CD_I1002947"
21,"Marvel Stadium","St Kilda","North Melbourne",5,"CHB","Caleb","Daniel","CD_I295136"
21,"Marvel Stadium","St Kilda","North Melbourne",28,"FF","Jack","Darling","CD_I290838"
21,"Marvel Stadium","St Kilda","North Melbourne",9,"C","Luke","Davies-Uniacke","CD_I1002267"
21,"Marvel Stadium","St Kilda","North Melbourne",7,"INT","Zane","Duursma","CD_I1023494"
21,"Marvel Stadium","St Kilda","North Melbourne",46,"SUB","Robert","Hansen Jr","CD_I1023144"
21,"Marvel Stadium","St Kilda","North Melbourne",17,"HBFL","Riley","Hardeman","CD_I1023625"
21,"Marvel Stadium","St Kilda","North Melbourne",37,"INT","Cooper","Harvey","CD_I1020979"
21,"Marvel Stadium","St Kilda","North Melbourne",41,"WR","Jacob","Konstanty","CD_I1023530"
21,"Marvel Stadium","St Kilda","North Melbourne",20,"CHF","Nick","Larkey","CD_I1001017"
21,"Marvel Stadium","St Kilda","North Melbourne",19,"BPR","Griffin","Logue","CD_I997933"
21,"Marvel Stadium","St Kilda","North Melbourne",10,"HFFR","Colby","McKercher","CD_I1024272"
21,"Marvel Stadium","St Kilda","North Melbourne",2,"HBFR","Finn","O'Sullivan","CD_I1028495"
21,"Marvel Stadium","St Kilda","North Melbourne",26,"FPL","Luke","Parker","CD_I290778"
21,"Marvel Stadium","St Kilda","North Melbourne",32,"FB","Toby","Pink","CD_I1002138"
21,"Marvel Stadium","St Kilda","North Melbourne",24,"INT","Tom","Powell","CD_I1011659"
21,"Marvel Stadium","St Kilda","North Melbourne",3,"RR","Harry","Sheezel","CD_I1023518"
21,"Marvel Stadium","St Kilda","North Melbourne",15,"WL","Dylan","Stephens","CD_I1004848"
21,"Marvel Stadium","St Kilda","North Melbourne",43,"RK","Brynn","Teakle","CD_I1007591"
21,"Marvel Stadium","St Kilda","North Melbourne",6,"R","George","Wardlaw","CD_I1023477"
21,"Marvel Stadium","St Kilda","North Melbourne",44,"FPR","Cameron","Zurhaar","CD_I998484"
21,"GMHBA Stadium","Geelong Cats","Port Adelaide",30,"INT","Tom","Atkins","CD_I994386"
21,"GMHBA Stadium","Geelong Cats","Port Adelaide",46,"HFFR","Mark","Blicavs","CD_I296733"
21,"GMHBA Stadium","Geelong Cats","Port Adelaide",12,"WR","Jack","Bowes","CD_I998260"
21,"GMHBA Stadium","Geelong Cats","Port Adelaide",5,"FF","Jeremy","Cameron","CD_I293845"
21,"GMHBA Stadium","Geelong Cats","Port Adelaide",45,"INT","Brad","Close","CD_I999326"
21,"GMHBA Stadium","Geelong Cats","Port Adelaide",35,"R","Patrick","Dangerfield","CD_I270917"
21,"GMHBA Stadium","Geelong Cats","Port Adelaide",16,"FB","Sam","De Koning","CD_I1009229"
21,"GMHBA Stadium","Geelong Cats","Port Adelaide",28,"HFFL","Oliver","Dempsey","CD_I1025034"
21,"GMHBA Stadium","Geelong Cats","Port Adelaide",39,"HBFR","Zach","Guthrie","CD_I1004870"
21,"GMHBA Stadium","Geelong Cats","Port Adelaide",38,"BPL","Jack","Henry","CD_I1000937"
21,"GMHBA Stadium","Geelong Cats","Port Adelaide",9,"C","Max","Holmes","CD_I1015889"
21,"GMHBA Stadium","Geelong Cats","Port Adelaide",17,"WL","Lawson","Humphries","CD_I1013464"
21,"GMHBA Stadium","Geelong Cats","Port Adelaide",7,"CHF","Shaun","Mannagh","CD_I993878"
21,"GMHBA Stadium","Geelong Cats","Port Adelaide",19,"SUB","Jack","Martin","CD_I296190"
21,"GMHBA Stadium","Geelong Cats","Port Adelaide",32,"INT","Gryan","Miers","CD_I1004938"
21,"GMHBA Stadium","Geelong Cats","Port Adelaide",34,"HBFL","Oisin","Mullin","CD_I1024982"
21,"GMHBA Stadium","Geelong Cats","Port Adelaide",33,"FPR","Shannon","Neale","CD_I1016433"
21,"GMHBA Stadium","Geelong Cats","Port Adelaide",42,"INT","Mark","O'Connor","CD_I1007102"
21,"GMHBA Stadium","Geelong Cats","Port Adelaide",14,"BPR","Connor","O'Sullivan","CD_I1027877"
21,"GMHBA Stadium","Geelong Cats","Port Adelaide",3,"RR","Bailey","Smith","CD_I1006130"
21,"GMHBA Stadium","Geelong Cats","Port Adelaide",1,"RK","Rhys","Stanley","CD_I280317"
21,"GMHBA Stadium","Geelong Cats","Port Adelaide",18,"FPL","Tyson","Stengle","CD_I997230"
21,"GMHBA Stadium","Geelong Cats","Port Adelaide",44,"CHB","Tom","Stewart","CD_I291800"
21,"GMHBA Stadium","Geelong Cats","Port Adelaide",21,"FB","Aliir","Aliir","CD_I294469"
21,"GMHBA Stadium","Geelong Cats","Port Adelaide",5,"INT","Joe","Berry","CD_I1028529"
21,"GMHBA Stadium","Geelong Cats","Port Adelaide",10,"WR","Travis","Boak","CD_I250365"
21,"GMHBA Stadium","Geelong Cats","Port Adelaide",7,"CHB","Jase","Burgoyne","CD_I1013462"
21,"GMHBA Stadium","Geelong Cats","Port Adelaide",9,"R","Zak","Butters","CD_I1006121"
21,"GMHBA Stadium","Geelong Cats","Port Adelaide",33,"CHF","Darcy","Byrne-Jones","CD_I991930"
21,"GMHBA Stadium","Geelong Cats","Port Adelaide",28,"C","Willem","Drew","CD_I1000972"
21,"GMHBA Stadium","Geelong Cats","Port Adelaide",6,"HBFR","Kane","Farrell","CD_I1002253"
21,"GMHBA Stadium","Geelong Cats","Port Adelaide",19,"FF","Mitch","Georgiades","CD_I1010174"
21,"GMHBA Stadium","Geelong Cats","Port Adelaide",39,"SUB","Hugh","Jackson","CD_I1015330"
21,"GMHBA Stadium","Geelong Cats","Port Adelaide",34,"HBFL","Lachie","Jones","CD_I1011583"
21,"GMHBA Stadium","Geelong Cats","Port Adelaide",50,"WL","Mani","Liddy","CD_I1008649"
21,"GMHBA Stadium","Geelong Cats","Port Adelaide",30,"FPR","Ollie","Lord","CD_I1012881"
21,"GMHBA Stadium","Geelong Cats","Port Adelaide",36,"INT","Will","Lorenz","CD_I1029262"
21,"GMHBA Stadium","Geelong Cats","Port Adelaide",41,"FPL","Jed","McEntee","CD_I1004819"
21,"GMHBA Stadium","Geelong Cats","Port Adelaide",44,"INT","Jackson","Mead","CD_I1005326"
21,"GMHBA Stadium","Geelong Cats","Port Adelaide",35,"HFFL","Joe","Richards","CD_I1008239"
21,"GMHBA Stadium","Geelong Cats","Port Adelaide",8,"BPR","Josh","Sinn","CD_I1017078"
21,"GMHBA Stadium","Geelong Cats","Port Adelaide",24,"RK","Jordon","Sweet","CD_I992330"
21,"GMHBA Stadium","Geelong Cats","Port Adelaide",17,"HFFR","Jack","Whitlock","CD_I1032053"
21,"GMHBA Stadium","Geelong Cats","Port Adelaide",23,"INT","Dylan","Williams","CD_I1009195"
21,"GMHBA Stadium","Geelong Cats","Port Adelaide",16,"RR","Ollie","Wines","CD_I294318"
21,"GMHBA Stadium","Geelong Cats","Port Adelaide",25,"BPL","Brandon","Zerk-Thatcher","CD_I1004034"
21,"Optus Stadium","Fremantle","Carlton",24,"FPR","Jye","Amiss","CD_I1020594"
21,"Optus Stadium","Fremantle","Carlton",41,"INT","Bailey","Banfield","CD_I998180"
21,"Optus Stadium","Fremantle","Carlton",15,"C","Shai","Bolton","CD_I993993"
21,"Optus Stadium","Fremantle","Carlton",8,"R","Andrew","Brayshaw","CD_I1002232"
21,"Optus Stadium","Fremantle","Carlton",5,"HBFL","Heath","Chapman","CD_I1013224"
21,"Optus Stadium","Fremantle","Carlton",6,"HBFR","Jordan","Clark","CD_I1006152"
21,"Optus Stadium","Fremantle","Carlton",36,"FB","Brennan","Cox","CD_I997033"
21,"Optus Stadium","Fremantle","Carlton",4,"INT","Sean","Darcy","CD_I998145"
21,"Optus Stadium","Fremantle","Carlton",43,"INT","Isaiah","Dudley","CD_I1011558"
21,"Optus Stadium","Fremantle","Carlton",28,"SUB","Neil","Erasmus","CD_I1020250"
21,"Optus Stadium","Fremantle","Carlton",32,"FPL","Michael","Frederick","CD_I999321"
21,"Optus Stadium","Fremantle","Carlton",9,"RK","Luke","Jackson","CD_I1009399"
21,"Optus Stadium","Fremantle","Carlton",21,"BPR","Oscar","McDonald","CD_I992472"
21,"Optus Stadium","Fremantle","Carlton",30,"WR","Nathan","O'Driscoll","CD_I1013220"
21,"Optus Stadium","Fremantle","Carlton",2,"WL","Jaeger","O'Meara","CD_I294613"
21,"Optus Stadium","Fremantle","Carlton",16,"HFFR","Murphy","Reid","CD_I1028513"
21,"Optus Stadium","Fremantle","Carlton",13,"BPL","Luke","Ryan","CD_I998659"
21,"Optus Stadium","Fremantle","Carlton",3,"RR","Caleb","Serong","CD_I1009420"
21,"Optus Stadium","Fremantle","Carlton",39,"HFFL","Sam","Switkowski","CD_I992059"
21,"Optus Stadium","Fremantle","Carlton",35,"FF","Josh","Treacy","CD_I1012819"
21,"Optus Stadium","Fremantle","Carlton",20,"CHF","Patrick","Voss","CD_I1017754"
21,"Optus Stadium","Fremantle","Carlton",23,"CHB","Karl","Worner","CD_I1021015"
21,"Optus Stadium","Fremantle","Carlton",26,"INT","Hayden","Young","CD_I1009256"
21,"Optus Stadium","Fremantle","Carlton",13,"WL","Blake","Acres","CD_I296294"
21,"Optus Stadium","Fremantle","Carlton",32,"INT","Matthew","Carroll","CD_I1027964"
21,"Optus Stadium","Fremantle","Carlton",2,"HBFL","Lachlan","Cowan","CD_I1021353"
21,"Optus Stadium","Fremantle","Carlton",9,"C","Patrick","Cripps","CD_I990704"
21,"Optus Stadium","Fremantle","Carlton",12,"RK","Tom","De Koning","CD_I1004912"
21,"Optus Stadium","Fremantle","Carlton",19,"SUB","Corey","Durdin","CD_I1008510"
21,"Optus Stadium","Fremantle","Carlton",44,"INT","Francis","Evans","CD_I1017255"
21,"Optus Stadium","Fremantle","Carlton",8,"FPL","Lachie","Fogarty","CD_I1002228"
21,"Optus Stadium","Fremantle","Carlton",26,"HBFR","Nick","Haynes","CD_I295265"
21,"Optus Stadium","Fremantle","Carlton",29,"INT","George","Hewett","CD_I294036"
21,"Optus Stadium","Fremantle","Carlton",4,"R","Oliver","Hollands","CD_I1023495"
21,"Optus Stadium","Fremantle","Carlton",36,"WR","Cooper","Lord","CD_I1032108"
21,"Optus Stadium","Fremantle","Carlton",10,"CHF","Harry","McKay","CD_I1000953"
21,"Optus Stadium","Fremantle","Carlton",43,"RR","Ashton","Moir","CD_I1020097"
21,"Optus Stadium","Fremantle","Carlton",3,"HFFR","Jesse","Motlop","CD_I1017700"
21,"Optus Stadium","Fremantle","Carlton",22,"CHB","Harry","O'Farrell","CD_I1028526"
21,"Optus Stadium","Fremantle","Carlton",27,"FF","Marc","Pittonet","CD_I298290"
21,"Optus Stadium","Fremantle","Carlton",42,"BPL","Adam","Saad","CD_I295461"
21,"Optus Stadium","Fremantle","Carlton",23,"FB","Jacob","Weitering","CD_I993832"
21,"Optus Stadium","Fremantle","Carlton",38,"FPR","Will","White","CD_I1027713"
21,"Optus Stadium","Fremantle","Carlton",6,"HFFL","Zac","Williams","CD_I294685"
21,"Optus Stadium","Fremantle","Carlton",45,"INT","Flynn","Young","CD_I1020877"
21,"Optus Stadium","Fremantle","Carlton",33,"BPR","Lewis","Young","CD_I997316"
22,"MCG","Hawthorn","Collingwood",10,"WR","Karl","Amon","CD_I297354"
22,"MCG","Hawthorn","Collingwood",37,"FB","Tom","Barrass","CD_I990290"
22,"MCG","Hawthorn","Collingwood",24,"BPL","Josh","Battle","CD_I998134"
22,"MCG","Hawthorn","Collingwood",22,"SUB","Luke","Breust","CD_I280744"
22,"MCG","Hawthorn","Collingwood",18,"CHF","Mabior","Chol","CD_I994077"
22,"MCG","Hawthorn","Collingwood",16,"WL","Massimo","D'Ambrosio","CD_I1005144"
22,"MCG","Hawthorn","Collingwood",35,"INT","Calsher","Dear","CD_I1032100"
22,"MCG","Hawthorn","Collingwood",33,"FPL","Jack","Ginnivan","CD_I1012857"
22,"MCG","Hawthorn","Collingwood",19,"HFFL","Jack","Gunston","CD_I291351"
22,"MCG","Hawthorn","Collingwood",15,"BPR","Blake","Hardwick","CD_I993794"
22,"MCG","Hawthorn","Collingwood",4,"HBFL","Jarman","Impey","CD_I296254"
22,"MCG","Hawthorn","Collingwood",9,"HBFR","Changkuoth","Jiath","CD_I998390"
22,"MCG","Hawthorn","Collingwood",2,"FF","Mitch","Lewis","CD_I1000887"
22,"MCG","Hawthorn","Collingwood",31,"INT","Connor","Macdonald","CD_I1017094"
22,"MCG","Hawthorn","Collingwood",17,"RK","Lloyd","Meek","CD_I1000980"
22,"MCG","Hawthorn","Collingwood",13,"FPR","Dylan","Moore","CD_I1006314"
22,"MCG","Hawthorn","Collingwood",11,"INT","Conor","Nash","CD_I1007124"
22,"MCG","Hawthorn","Collingwood",3,"RR","Jai","Newcombe","CD_I1020895"
22,"MCG","Hawthorn","Collingwood",14,"INT","Jack","Scrimshaw","CD_I998114"
22,"MCG","Hawthorn","Collingwood",6,"CHB","James","Sicily","CD_I297566"
22,"MCG","Hawthorn","Collingwood",25,"C","Josh","Ward","CD_I1017110"
22,"MCG","Hawthorn","Collingwood",34,"HFFR","Nick","Watson","CD_I1023473"
22,"MCG","Hawthorn","Collingwood",5,"R","James","Worpel","CD_I1002222"
22,"MCG","Hawthorn","Collingwood",14,"RK","Darcy","Cameron","CD_I990291"
22,"MCG","Hawthorn","Collingwood",25,"WR","Jack","Crisp","CD_I293871"
22,"MCG","Hawthorn","Collingwood",7,"HBFL","Josh","Daicos","CD_I1005054"
22,"MCG","Hawthorn","Collingwood",35,"INT","Nick","Daicos","CD_I1023261"
22,"MCG","Hawthorn","Collingwood",2,"HFFL","Jordan","De Goey","CD_I994185"
22,"MCG","Hawthorn","Collingwood",5,"FPL","Jamie","Elliott","CD_I293801"
22,"MCG","Hawthorn","Collingwood",17,"BPR","Billy","Frampton","CD_I991773"
22,"MCG","Hawthorn","Collingwood",32,"INT","Will","Hoskin-Elliott","CD_I291720"
22,"MCG","Hawthorn","Collingwood",9,"HBFR","Dan","Houston","CD_I994295"
22,"MCG","Hawthorn","Collingwood",38,"R","Jeremy","Howe","CD_I291313"
22,"MCG","Hawthorn","Collingwood",1,"FPR","Patrick","Lipinski","CD_I1003130"
22,"MCG","Hawthorn","Collingwood",44,"SUB","Ned","Long","CD_I1017124"
22,"MCG","Hawthorn","Collingwood",4,"BPL","Brayden","Maynard","CD_I992010"
22,"MCG","Hawthorn","Collingwood",11,"INT","Daniel","McStay","CD_I297504"
22,"MCG","Hawthorn","Collingwood",28,"CHF","Tim","Membrey","CD_I294596"
22,"MCG","Hawthorn","Collingwood",41,"FF","Brody","Mihocek","CD_I291849"
22,"MCG","Hawthorn","Collingwood",6,"C","Tom","Mitchell","CD_I291856"
22,"MCG","Hawthorn","Collingwood",30,"FB","Darcy","Moore","CD_I298288"
22,"MCG","Hawthorn","Collingwood",10,"RR","Scott","Pendlebury","CD_I260257"
22,"MCG","Hawthorn","Collingwood",12,"CHB","Harry","Perryman","CD_I998205"
22,"MCG","Hawthorn","Collingwood",3,"INT","Isaac","Quaynor","CD_I1008089"
22,"MCG","Hawthorn","Collingwood",8,"HFFR","Lachie","Schultz","CD_I1000860"
22,"MCG","Hawthorn","Collingwood",22,"WL","Steele","Sidebottom","CD_I280965"
22,"GMHBA Stadium","Geelong Cats","Essendon",30,"R","Tom","Atkins","CD_I994386"
22,"GMHBA Stadium","Geelong Cats","Essendon",46,"WR","Mark","Blicavs","CD_I296733"
22,"GMHBA Stadium","Geelong Cats","Essendon",12,"HFFL","Jack","Bowes","CD_I998260"
22,"GMHBA Stadium","Geelong Cats","Essendon",5,"FF","Jeremy","Cameron","CD_I293845"
22,"GMHBA Stadium","Geelong Cats","Essendon",13,"SUB","Jhye","Clark","CD_I1023537"
22,"GMHBA Stadium","Geelong Cats","Essendon",45,"HFFR","Brad","Close","CD_I999326"
22,"GMHBA Stadium","Geelong Cats","Essendon",16,"FB","Sam","De Koning","CD_I1009229"
22,"GMHBA Stadium","Geelong Cats","Essendon",28,"INT","Oliver","Dempsey","CD_I1025034"
22,"GMHBA Stadium","Geelong Cats","Essendon",39,"HBFR","Zach","Guthrie","CD_I1004870"
22,"GMHBA Stadium","Geelong Cats","Essendon",38,"BPL","Jack","Henry","CD_I1000937"
22,"GMHBA Stadium","Geelong Cats","Essendon",9,"C","Max","Holmes","CD_I1015889"
22,"GMHBA Stadium","Geelong Cats","Essendon",17,"WL","Lawson","Humphries","CD_I1013464"
22,"GMHBA Stadium","Geelong Cats","Essendon",10,"INT","Mitch","Knevitt","CD_I1021103"
22,"GMHBA Stadium","Geelong Cats","Essendon",7,"CHF","Shaun","Mannagh","CD_I993878"
22,"GMHBA Stadium","Geelong Cats","Essendon",32,"INT","Gryan","Miers","CD_I1004938"
22,"GMHBA Stadium","Geelong Cats","Essendon",34,"HBFL","Oisin","Mullin","CD_I1024982"
22,"GMHBA Stadium","Geelong Cats","Essendon",33,"FPR","Shannon","Neale","CD_I1016433"
22,"GMHBA Stadium","Geelong Cats","Essendon",42,"INT","Mark","O'Connor","CD_I1007102"
22,"GMHBA Stadium","Geelong Cats","Essendon",14,"BPR","Connor","O'Sullivan","CD_I1027877"
22,"GMHBA Stadium","Geelong Cats","Essendon",3,"RR","Bailey","Smith","CD_I1006130"
22,"GMHBA Stadium","Geelong Cats","Essendon",1,"RK","Rhys","Stanley","CD_I280317"
22,"GMHBA Stadium","Geelong Cats","Essendon",18,"FPL","Tyson","Stengle","CD_I997230"
22,"GMHBA Stadium","Geelong Cats","Essendon",44,"CHB","Tom","Stewart","CD_I291800"
22,"GMHBA Stadium","Geelong Cats","Essendon",46,"CHB","Lachlan","Blakiston","CD_I1028196"
22,"GMHBA Stadium","Geelong Cats","Essendon",36,"FPL","Angus","Clarke","CD_I1027284"
22,"GMHBA Stadium","Geelong Cats","Essendon",22,"R","Sam","Durham","CD_I1015810"
22,"GMHBA Stadium","Geelong Cats","Essendon",28,"INT","Xavier","Duursma","CD_I1006096"
22,"GMHBA Stadium","Geelong Cats","Essendon",17,"RK","Todd","Goldstein","CD_I271129"
22,"GMHBA Stadium","Geelong Cats","Essendon",11,"HFFR","Jade","Gresham","CD_I298421"
22,"GMHBA Stadium","Geelong Cats","Essendon",35,"WL","Matt","Guelfi","CD_I996232"
22,"GMHBA Stadium","Geelong Cats","Essendon",8,"INT","Ben","Hobbs","CD_I1017088"
22,"GMHBA Stadium","Geelong Cats","Essendon",10,"FPR","Isaac","Kako","CD_I1028554"
22,"GMHBA Stadium","Geelong Cats","Essendon",15,"FB","Jayden","Laverde","CD_I298280"
22,"GMHBA Stadium","Geelong Cats","Essendon",34,"INT","Luamon","Lual","CD_I1027706"
22,"GMHBA Stadium","Geelong Cats","Essendon",26,"INT","Archer","May","CD_I1029084"
22,"GMHBA Stadium","Geelong Cats","Essendon",1,"BPL","Andrew","McGrath","CD_I998102"
22,"GMHBA Stadium","Geelong Cats","Essendon",48,"FF","Liam","McMahon","CD_I1012842"
22,"GMHBA Stadium","Geelong Cats","Essendon",29,"SUB","Jye","Menzie","CD_I1013201"
22,"GMHBA Stadium","Geelong Cats","Essendon",7,"C","Zach","Merrett","CD_I992016"
22,"GMHBA Stadium","Geelong Cats","Essendon",42,"BPR","Jayden","Nguyen","CD_I1018987"
22,"GMHBA Stadium","Geelong Cats","Essendon",16,"HFFL","Archie","Perkins","CD_I1015873"
22,"GMHBA Stadium","Geelong Cats","Essendon",25,"WR","Jaxon","Prior","CD_I1009386"
22,"GMHBA Stadium","Geelong Cats","Essendon",27,"HBFL","Mason","Redman","CD_I997078"
22,"GMHBA Stadium","Geelong Cats","Essendon",21,"HBFR","Archie","Roberts","CD_I1023515"
22,"GMHBA Stadium","Geelong Cats","Essendon",9,"RR","Dylan","Shiel","CD_I291783"
22,"GMHBA Stadium","Geelong Cats","Essendon",20,"CHF","Peter","Wright","CD_I298289"
22,"MCG","Richmond","St Kilda",34,"FPL","Harry","Armstrong","CD_I1028525"
22,"MCG","Richmond","St Kilda",21,"INT","Noah","Balta","CD_I1002245"
22,"MCG","Richmond","St Kilda",41,"CHB","Sam","Banks","CD_I1013197"
22,"MCG","Richmond","St Kilda",35,"HBFL","Nathan","Broad","CD_I295203"
22,"MCG","Richmond","St Kilda",30,"INT","Tom","Brown","CD_I1017086"
22,"MCG","Richmond","St Kilda",44,"CHF","Seth","Campbell","CD_I1023275"
22,"MCG","Richmond","St Kilda",48,"SUB","Steely","Green","CD_I1023056"
22,"MCG","Richmond","St Kilda",2,"R","Jacob","Hopper","CD_I993903"
22,"MCG","Richmond","St Kilda",24,"HFFR","Taj","Hotton","CD_I1032106"
22,"MCG","Richmond","St Kilda",19,"FF","Tom","Lynch","CD_I293813"
22,"MCG","Richmond","St Kilda",7,"FPR","Rhyan","Mansell","CD_I1008478"
22,"MCG","Richmond","St Kilda",33,"WL","Kamdyn","McIntosh","CD_I294592"
22,"MCG","Richmond","St Kilda",12,"FB","Ben","Miller","CD_I1002403"
22,"MCG","Richmond","St Kilda",25,"RK","Toby","Nankervis","CD_I298174"
22,"MCG","Richmond","St Kilda",3,"C","Dion","Prestia","CD_I290627"
22,"MCG","Richmond","St Kilda",17,"HFFL","Maurice","Rioli","CD_I1009551"
22,"MCG","Richmond","St Kilda",5,"INT","Jack","Ross","CD_I1006133"
22,"MCG","Richmond","St Kilda",15,"HBFR","Jayden","Short","CD_I992049"
22,"MCG","Richmond","St Kilda",40,"INT","Tyler","Sonsie","CD_I1017114"
22,"MCG","Richmond","St Kilda",14,"RR","Tim","Taranto","CD_I998172"
22,"MCG","Richmond","St Kilda",36,"WR","James","Trezise","CD_I1031829"
22,"MCG","Richmond","St Kilda",1,"BPL","Nick","Vlastuin","CD_I294674"
22,"MCG","Richmond","St Kilda",45,"BPR","Tylar","Young","CD_I1018433"
22,"MCG","Richmond","St Kilda",38,"C","Hugh","Boxshall","CD_I1029148"
22,"MCG","Richmond","St Kilda",47,"BPR","Anthony","Caminiti","CD_I1023784"
22,"MCG","Richmond","St Kilda",11,"HBFL","Hunter","Clark","CD_I1002264"
22,"MCG","Richmond","St Kilda",34,"CHF","Hugo","Garcia","CD_I1027790"
22,"MCG","Richmond","St Kilda",40,"R","Max","Hall","CD_I1020855"
22,"MCG","Richmond","St Kilda",42,"FF","Max","Heath","CD_I1015886"
22,"MCG","Richmond","St Kilda",23,"SUB","Liam","Henry","CD_I1005988"
22,"MCG","Richmond","St Kilda",1,"FPL","Jack","Higgins","CD_I1002227"
22,"MCG","Richmond","St Kilda",8,"WR","Bradley","Hill","CD_I295584"
22,"MCG","Richmond","St Kilda",3,"INT","Zak","Jones","CD_I991988"
22,"MCG","Richmond","St Kilda",6,"INT","Jack","Macrae","CD_I295467"
22,"MCG","Richmond","St Kilda",19,"RK","Rowan","Marshall","CD_I992468"
22,"MCG","Richmond","St Kilda",25,"INT","Mattaes","Phillipou","CD_I1020137"
22,"MCG","Richmond","St Kilda",43,"FPR","Cooper","Sharman","CD_I1018018"
22,"MCG","Richmond","St Kilda",35,"HBFR","Jack","Sinclair","CD_I994389"
22,"MCG","Richmond","St Kilda",9,"RR","Jack","Steele","CD_I296205"
22,"MCG","Richmond","St Kilda",14,"INT","Liam","Stocker","CD_I1008312"
22,"MCG","Richmond","St Kilda",26,"BPL","Alixzander","Tauru","CD_I1030433"
22,"MCG","Richmond","St Kilda",7,"CHB","Nasiah","Wanganeen-Milera","CD_I1015507"
22,"MCG","Richmond","St Kilda",44,"FB","Callum","Wilkie","CD_I296422"
22,"MCG","Richmond","St Kilda",22,"HFFR","Darcy","Wilson","CD_I1027875"
22,"MCG","Richmond","St Kilda",2,"WL","Marcus","Windhager","CD_I1023270"
22,"MCG","Richmond","St Kilda",32,"HFFL","Mason","Wood","CD_I295340"
22,"Gabba","Brisbane Lions","Sydney Swans",4,"HFFR","Callum","Ah Chee","CD_I298437"
22,"Gabba","Brisbane Lions","Sydney Swans",31,"CHB","Harris","Andrews","CD_I996059"
22,"Gabba","Brisbane Lions","Sydney Swans",10,"INT","Levi","Ashcroft","CD_I1028560"
22,"Gabba","Brisbane Lions","Sydney Swans",8,"R","Will","Ashcroft","CD_I1023517"
22,"Gabba","Brisbane Lions","Sydney Swans",33,"WL","Zac","Bailey","CD_I1002312"
22,"Gabba","Brisbane Lions","Sydney Swans",7,"WR","Jarrod","Berry","CD_I998133"
22,"Gabba","Brisbane Lions","Sydney Swans",23,"HFFL","Charlie","Cameron","CD_I990609"
22,"Gabba","Brisbane Lions","Sydney Swans",12,"BPR","Tom","Doedee","CD_I1000932"
22,"Gabba","Brisbane Lions","Sydney Swans",5,"RR","Josh","Dunkley","CD_I993834"
22,"Gabba","Brisbane Lions","Sydney Swans",3,"HBFR","Jaspa","Fletcher","CD_I1023708"
22,"Gabba","Brisbane Lions","Sydney Swans",32,"RK","Darcy","Fort","CD_I298211"
22,"Gabba","Brisbane Lions","Sydney Swans",27,"FB","Darcy","Gardiner","CD_I296269"
22,"Gabba","Brisbane Lions","Sydney Swans",30,"CHF","Eric","Hipwood","CD_I993953"
22,"Gabba","Brisbane Lions","Sydney Swans",20,"INT","Sam","Marshall","CD_I1028520"
22,"Gabba","Brisbane Lions","Sydney Swans",6,"C","Hugh","McCluggage","CD_I1000978"
22,"Gabba","Brisbane Lions","Sydney Swans",28,"INT","Will","McLachlan","CD_I1029405"
22,"Gabba","Brisbane Lions","Sydney Swans",13,"FF","Logan","Morris","CD_I1028019"
22,"Gabba","Brisbane Lions","Sydney Swans",16,"FPL","Cam","Rayner","CD_I1002235"
22,"Gabba","Brisbane Lions","Sydney Swans",38,"INT","Bruce","Reville","CD_I1009317"
22,"Gabba","Brisbane Lions","Sydney Swans",2,"SUB","Deven","Robertson","CD_I1009385"
22,"Gabba","Brisbane Lions","Sydney Swans",25,"FPR","Henry","Smith","CD_I1016189"
22,"Gabba","Brisbane Lions","Sydney Swans",44,"HBFL","Darcy","Wilmot","CD_I1017067"
22,"Gabba","Brisbane Lions","Sydney Swans",15,"BPL","Dayne","Zorko","CD_I261224"
22,"Gabba","Brisbane Lions","Sydney Swans",22,"CHB","Nick","Blakey","CD_I1006028"
22,"Gabba","Brisbane Lions","Sydney Swans",39,"CHF","Jack","Buller","CD_I1009392"
22,"Gabba","Brisbane Lions","Sydney Swans",16,"FPR","Braeden","Campbell","CD_I1013133"
22,"Gabba","Brisbane Lions","Sydney Swans",33,"SUB","Caiden","Cleary","CD_I1024057"
22,"Gabba","Brisbane Lions","Sydney Swans",7,"FB","Harry","Cunningham","CD_I291978"
22,"Gabba","Brisbane Lions","Sydney Swans",18,"INT","Jesse","Dattoli","CD_I1029589"
22,"Gabba","Brisbane Lions","Sydney Swans",13,"WL","Oliver","Florent","CD_I998103"
22,"Gabba","Brisbane Lions","Sydney Swans",4,"RK","Brodie","Grundy","CD_I293957"
22,"Gabba","Brisbane Lions","Sydney Swans",21,"R","Errol","Gulden","CD_I1013128"
22,"Gabba","Brisbane Lions","Sydney Swans",5,"RR","Isaac","Heeney","CD_I298539"
22,"Gabba","Brisbane Lions","Sydney Swans",17,"HFFR","James","Jordon","CD_I1013409"
22,"Gabba","Brisbane Lions","Sydney Swans",44,"WR","Jake","Lloyd","CD_I295342"
22,"Gabba","Brisbane Lions","Sydney Swans",30,"BPR","Tom","McCartin","CD_I1008198"
22,"Gabba","Brisbane Lions","Sydney Swans",27,"FPL","Justin","McInerney","CD_I1011936"
22,"Gabba","Brisbane Lions","Sydney Swans",2,"FF","Hayden","McLean","CD_I1003203"
22,"Gabba","Brisbane Lions","Sydney Swans",43,"BPL","Lewis","Melican","CD_I996743"
22,"Gabba","Brisbane Lions","Sydney Swans",14,"HBFL","Callum","Mills","CD_I993905"
22,"Gabba","Brisbane Lions","Sydney Swans",11,"HFFL","Tom","Papley","CD_I996765"
22,"Gabba","Brisbane Lions","Sydney Swans",24,"INT","Dane","Rampe","CD_I290307"
22,"Gabba","Brisbane Lions","Sydney Swans",8,"INT","James","Rowbottom","CD_I1006126"
22,"Gabba","Brisbane Lions","Sydney Swans",12,"INT","Angus","Sheldrick","CD_I1020339"
22,"Gabba","Brisbane Lions","Sydney Swans",1,"C","Chad","Warner","CD_I1012014"
22,"Gabba","Brisbane Lions","Sydney Swans",15,"HBFR","Sam","Wicks","CD_I1006232"
22,"Marvel Stadium","Carlton","Gold Coast SUNS",13,"WL","Blake","Acres","CD_I296294"
22,"Marvel Stadium","Carlton","Gold Coast SUNS",32,"INT","Matthew","Carroll","CD_I1027964"
22,"Marvel Stadium","Carlton","Gold Coast SUNS",2,"HBFL","Lachlan","Cowan","CD_I1021353"
22,"Marvel Stadium","Carlton","Gold Coast SUNS",9,"C","Patrick","Cripps","CD_I990704"
22,"Marvel Stadium","Carlton","Gold Coast SUNS",12,"RK","Tom","De Koning","CD_I1004912"
22,"Marvel Stadium","Carlton","Gold Coast SUNS",19,"SUB","Corey","Durdin","CD_I1008510"
22,"Marvel Stadium","Carlton","Gold Coast SUNS",44,"WR","Francis","Evans","CD_I1017255"
22,"Marvel Stadium","Carlton","Gold Coast SUNS",8,"FPL","Lachie","Fogarty","CD_I1002228"
22,"Marvel Stadium","Carlton","Gold Coast SUNS",26,"HBFR","Nick","Haynes","CD_I295265"
22,"Marvel Stadium","Carlton","Gold Coast SUNS",29,"R","George","Hewett","CD_I294036"
22,"Marvel Stadium","Carlton","Gold Coast SUNS",4,"HFFL","Oliver","Hollands","CD_I1023495"
22,"Marvel Stadium","Carlton","Gold Coast SUNS",36,"RR","Cooper","Lord","CD_I1032108"
22,"Marvel Stadium","Carlton","Gold Coast SUNS",10,"CHF","Harry","McKay","CD_I1000953"
22,"Marvel Stadium","Carlton","Gold Coast SUNS",43,"INT","Ashton","Moir","CD_I1020097"
22,"Marvel Stadium","Carlton","Gold Coast SUNS",3,"HFFR","Jesse","Motlop","CD_I1017700"
22,"Marvel Stadium","Carlton","Gold Coast SUNS",40,"FF","Hudson","O'Keeffe","CD_I1023489"
22,"Marvel Stadium","Carlton","Gold Coast SUNS",42,"BPL","Adam","Saad","CD_I295461"
22,"Marvel Stadium","Carlton","Gold Coast SUNS",23,"FB","Jacob","Weitering","CD_I993832"
22,"Marvel Stadium","Carlton","Gold Coast SUNS",38,"INT","Will","White","CD_I1027713"
22,"Marvel Stadium","Carlton","Gold Coast SUNS",6,"FPR","Zac","Williams","CD_I294685"
22,"Marvel Stadium","Carlton","Gold Coast SUNS",35,"BPR","Billy","Wilson","CD_I1027678"
22,"Marvel Stadium","Carlton","Gold Coast SUNS",45,"INT","Flynn","Young","CD_I1020877"
22,"Marvel Stadium","Carlton","Gold Coast SUNS",33,"CHB","Lewis","Young","CD_I997316"
22,"Marvel Stadium","Carlton","Gold Coast SUNS",48,"HBFR","Oscar","Adams","CD_I1015515"
22,"Marvel Stadium","Carlton","Gold Coast SUNS",9,"CHF","Ben","Ainsworth","CD_I998130"
22,"Marvel Stadium","Carlton","Gold Coast SUNS",15,"R","Noah","Anderson","CD_I1009199"
22,"Marvel Stadium","Carlton","Gold Coast SUNS",1,"FB","Mac","Andrew","CD_I1017396"
22,"Marvel Stadium","Carlton","Gold Coast SUNS",35,"INT","Connor","Budarick","CD_I1008454"
22,"Marvel Stadium","Carlton","Gold Coast SUNS",25,"BPR","Sam","Collins","CD_I295446"
22,"Marvel Stadium","Carlton","Gold Coast SUNS",5,"RR","Alex","Davies","CD_I1013268"
22,"Marvel Stadium","Carlton","Gold Coast SUNS",50,"FF","Jy","Farrar","CD_I999715"
22,"Marvel Stadium","Carlton","Gold Coast SUNS",8,"WR","Brayden","Fiorini","CD_I993799"
22,"Marvel Stadium","Carlton","Gold Coast SUNS",7,"INT","Nick","Holman","CD_I297456"
22,"Marvel Stadium","Carlton","Gold Coast SUNS",19,"HFFR","Bailey","Humphrey","CD_I1023500"
22,"Marvel Stadium","Carlton","Gold Coast SUNS",40,"INT","Joel","Jeffrey","CD_I1005992"
22,"Marvel Stadium","Carlton","Gold Coast SUNS",34,"FPR","Ben","King","CD_I1006144"
22,"Marvel Stadium","Carlton","Gold Coast SUNS",22,"FPL","Ben","Long","CD_I993917"
22,"Marvel Stadium","Carlton","Gold Coast SUNS",11,"HFFL","Touk","Miller","CD_I298272"
22,"Marvel Stadium","Carlton","Gold Coast SUNS",2,"HBFL","John","Noble","CD_I1000072"
22,"Marvel Stadium","Carlton","Gold Coast SUNS",27,"CHB","Wil","Powell","CD_I1007881"
22,"Marvel Stadium","Carlton","Gold Coast SUNS",20,"INT","Ethan","Read","CD_I1027033"
22,"Marvel Stadium","Carlton","Gold Coast SUNS",41,"SUB","Malcolm","Rosas","CD_I1005986"
22,"Marvel Stadium","Carlton","Gold Coast SUNS",18,"C","Matt","Rowell","CD_I1009208"
22,"Marvel Stadium","Carlton","Gold Coast SUNS",32,"BPL","Bodhi","Uwland","CD_I1017665"
22,"Marvel Stadium","Carlton","Gold Coast SUNS",14,"WL","Lachie","Weller","CD_I298524"
22,"Marvel Stadium","Carlton","Gold Coast SUNS",28,"RK","Jarrod","Witts","CD_I291975"
22,"Adelaide Oval","Port Adelaide","Fremantle",21,"FB","Aliir","Aliir","CD_I294469"
22,"Adelaide Oval","Port Adelaide","Fremantle",5,"INT","Joe","Berry","CD_I1028529"
22,"Adelaide Oval","Port Adelaide","Fremantle",10,"RR","Travis","Boak","CD_I250365"
22,"Adelaide Oval","Port Adelaide","Fremantle",9,"R","Zak","Butters","CD_I1006121"
22,"Adelaide Oval","Port Adelaide","Fremantle",33,"INT","Darcy","Byrne-Jones","CD_I991930"
22,"Adelaide Oval","Port Adelaide","Fremantle",28,"C","Willem","Drew","CD_I1000972"
22,"Adelaide Oval","Port Adelaide","Fremantle",6,"CHB","Kane","Farrell","CD_I1002253"
22,"Adelaide Oval","Port Adelaide","Fremantle",19,"FF","Mitch","Georgiades","CD_I1010174"
22,"Adelaide Oval","Port Adelaide","Fremantle",50,"WR","Mani","Liddy","CD_I1008649"
22,"Adelaide Oval","Port Adelaide","Fremantle",30,"FPL","Ollie","Lord","CD_I1012881"
22,"Adelaide Oval","Port Adelaide","Fremantle",36,"INT","Will","Lorenz","CD_I1029262"
22,"Adelaide Oval","Port Adelaide","Fremantle",12,"CHF","Jack","Lukosius","CD_I1004095"
22,"Adelaide Oval","Port Adelaide","Fremantle",41,"HFFR","Jed","McEntee","CD_I1004819"
22,"Adelaide Oval","Port Adelaide","Fremantle",44,"HBFR","Jackson","Mead","CD_I1005326"
22,"Adelaide Oval","Port Adelaide","Fremantle",31,"SUB","Christian","Moraes","CD_I1028563"
22,"Adelaide Oval","Port Adelaide","Fremantle",35,"WL","Joe","Richards","CD_I1008239"
22,"Adelaide Oval","Port Adelaide","Fremantle",15,"HFFL","Willie","Rioli","CD_I296225"
22,"Adelaide Oval","Port Adelaide","Fremantle",1,"HBFL","Connor","Rozee","CD_I1001299"
22,"Adelaide Oval","Port Adelaide","Fremantle",8,"BPR","Josh","Sinn","CD_I1017078"
22,"Adelaide Oval","Port Adelaide","Fremantle",24,"RK","Jordon","Sweet","CD_I992330"
22,"Adelaide Oval","Port Adelaide","Fremantle",17,"FPR","Jack","Whitlock","CD_I1032053"
22,"Adelaide Oval","Port Adelaide","Fremantle",16,"INT","Ollie","Wines","CD_I294318"
22,"Adelaide Oval","Port Adelaide","Fremantle",25,"BPL","Brandon","Zerk-Thatcher","CD_I1004034"
22,"Adelaide Oval","Port Adelaide","Fremantle",24,"FPR","Jye","Amiss","CD_I1020594"
22,"Adelaide Oval","Port Adelaide","Fremantle",41,"INT","Bailey","Banfield","CD_I998180"
22,"Adelaide Oval","Port Adelaide","Fremantle",15,"HFFR","Shai","Bolton","CD_I993993"
22,"Adelaide Oval","Port Adelaide","Fremantle",8,"R","Andrew","Brayshaw","CD_I1002232"
22,"Adelaide Oval","Port Adelaide","Fremantle",5,"HBFL","Heath","Chapman","CD_I1013224"
22,"Adelaide Oval","Port Adelaide","Fremantle",6,"HBFR","Jordan","Clark","CD_I1006152"
22,"Adelaide Oval","Port Adelaide","Fremantle",36,"FB","Brennan","Cox","CD_I997033"
22,"Adelaide Oval","Port Adelaide","Fremantle",4,"RK","Sean","Darcy","CD_I998145"
22,"Adelaide Oval","Port Adelaide","Fremantle",43,"INT","Isaiah","Dudley","CD_I1011558"
22,"Adelaide Oval","Port Adelaide","Fremantle",28,"WL","Neil","Erasmus","CD_I1020250"
22,"Adelaide Oval","Port Adelaide","Fremantle",32,"FPL","Michael","Frederick","CD_I999321"
22,"Adelaide Oval","Port Adelaide","Fremantle",7,"SUB","Nat","Fyfe","CD_I291570"
22,"Adelaide Oval","Port Adelaide","Fremantle",9,"C","Luke","Jackson","CD_I1009399"
22,"Adelaide Oval","Port Adelaide","Fremantle",30,"WR","Nathan","O'Driscoll","CD_I1013220"
22,"Adelaide Oval","Port Adelaide","Fremantle",2,"INT","Jaeger","O'Meara","CD_I294613"
22,"Adelaide Oval","Port Adelaide","Fremantle",25,"BPR","Alex","Pearce","CD_I298409"
22,"Adelaide Oval","Port Adelaide","Fremantle",16,"INT","Murphy","Reid","CD_I1028513"
22,"Adelaide Oval","Port Adelaide","Fremantle",13,"BPL","Luke","Ryan","CD_I998659"
22,"Adelaide Oval","Port Adelaide","Fremantle",3,"RR","Caleb","Serong","CD_I1009420"
22,"Adelaide Oval","Port Adelaide","Fremantle",39,"HFFL","Sam","Switkowski","CD_I992059"
22,"Adelaide Oval","Port Adelaide","Fremantle",35,"FF","Josh","Treacy","CD_I1012819"
22,"Adelaide Oval","Port Adelaide","Fremantle",20,"CHF","Patrick","Voss","CD_I1017754"
22,"Adelaide Oval","Port Adelaide","Fremantle",23,"CHB","Karl","Worner","CD_I1021015"
22,"Corroboree Group Oval Manuka","GWS GIANTS","North Melbourne",21,"CHB","Leek","Aleer","CD_I1008691"
22,"Corroboree Group Oval Manuka","GWS GIANTS","North Melbourne",9,"WR","Ryan","Angwin","CD_I1015777"
22,"Corroboree Group Oval Manuka","GWS GIANTS","North Melbourne",7,"HBFR","Lachie","Ash","CD_I1009253"
22,"Corroboree Group Oval Manuka","GWS GIANTS","North Melbourne",14,"HFFL","Toby","Bedford","CD_I1008139"
22,"Corroboree Group Oval Manuka","GWS GIANTS","North Melbourne",32,"RK","Kieren","Briggs","CD_I1008436"
22,"Corroboree Group Oval Manuka","GWS GIANTS","North Melbourne",46,"INT","Callum","Brown","CD_I1014038"
22,"Corroboree Group Oval Manuka","GWS GIANTS","North Melbourne",5,"CHF","Aaron","Cadman","CD_I1019038"
22,"Corroboree Group Oval Manuka","GWS GIANTS","North Melbourne",17,"RR","Finn","Callaghan","CD_I1023266"
22,"Corroboree Group Oval Manuka","GWS GIANTS","North Melbourne",3,"WL","Stephen","Coniglio","CD_I291969"
22,"Corroboree Group Oval Manuka","GWS GIANTS","North Melbourne",37,"INT","Joe","Fonti","CD_I1032629"
22,"Corroboree Group Oval Manuka","GWS GIANTS","North Melbourne",12,"R","Tom","Green","CD_I1009528"
22,"Corroboree Group Oval Manuka","GWS GIANTS","North Melbourne",4,"FPL","Toby","Greene","CD_I295344"
22,"Corroboree Group Oval Manuka","GWS GIANTS","North Melbourne",35,"INT","Max","Gruzewski","CD_I1027921"
22,"Corroboree Group Oval Manuka","GWS GIANTS","North Melbourne",27,"BPR","Harry","Himmelberg","CD_I993107"
22,"Corroboree Group Oval Manuka","GWS GIANTS","North Melbourne",39,"BPL","Connor","Idun","CD_I1008083"
22,"Corroboree Group Oval Manuka","GWS GIANTS","North Melbourne",2,"HFFR","Darcy","Jones","CD_I1020650"
22,"Corroboree Group Oval Manuka","GWS GIANTS","North Melbourne",33,"C","Xavier","O'Halloran","CD_I1006135"
22,"Corroboree Group Oval Manuka","GWS GIANTS","North Melbourne",26,"FF","Jake","Riccardi","CD_I1008123"
22,"Corroboree Group Oval Manuka","GWS GIANTS","North Melbourne",24,"SUB","Harry","Rowston","CD_I1021122"
22,"Corroboree Group Oval Manuka","GWS GIANTS","North Melbourne",20,"FPR","Jake","Stringer","CD_I293884"
22,"Corroboree Group Oval Manuka","GWS GIANTS","North Melbourne",15,"FB","Sam","Taylor","CD_I1005247"
22,"Corroboree Group Oval Manuka","GWS GIANTS","North Melbourne",1,"INT","Harvey","Thomas","CD_I1027925"
22,"Corroboree Group Oval Manuka","GWS GIANTS","North Melbourne",6,"HBFL","Lachie","Whitfield","CD_I294305"
22,"Corroboree Group Oval Manuka","GWS GIANTS","North Melbourne",30,"BPL","Charlie","Comben","CD_I1015781"
22,"Corroboree Group Oval Manuka","GWS GIANTS","North Melbourne",5,"CHB","Caleb","Daniel","CD_I295136"
22,"Corroboree Group Oval Manuka","GWS GIANTS","North Melbourne",28,"FF","Jack","Darling","CD_I290838"
22,"Corroboree Group Oval Manuka","GWS GIANTS","North Melbourne",9,"C","Luke","Davies-Uniacke","CD_I1002267"
22,"Corroboree Group Oval Manuka","GWS GIANTS","North Melbourne",7,"INT","Zane","Duursma","CD_I1023494"
22,"Corroboree Group Oval Manuka","GWS GIANTS","North Melbourne",17,"HBFL","Riley","Hardeman","CD_I1023625"
22,"Corroboree Group Oval Manuka","GWS GIANTS","North Melbourne",37,"INT","Cooper","Harvey","CD_I1020979"
22,"Corroboree Group Oval Manuka","GWS GIANTS","North Melbourne",41,"HFFL","Jacob","Konstanty","CD_I1023530"
22,"Corroboree Group Oval Manuka","GWS GIANTS","North Melbourne",19,"BPR","Griffin","Logue","CD_I997933"
22,"Corroboree Group Oval Manuka","GWS GIANTS","North Melbourne",10,"WR","Colby","McKercher","CD_I1024272"
22,"Corroboree Group Oval Manuka","GWS GIANTS","North Melbourne",2,"HBFR","Finn","O'Sullivan","CD_I1028495"
22,"Corroboree Group Oval Manuka","GWS GIANTS","North Melbourne",26,"INT","Luke","Parker","CD_I290778"
22,"Corroboree Group Oval Manuka","GWS GIANTS","North Melbourne",23,"RR","Geordie","Payne","CD_I1027726"
22,"Corroboree Group Oval Manuka","GWS GIANTS","North Melbourne",32,"FB","Toby","Pink","CD_I1002138"
22,"Corroboree Group Oval Manuka","GWS GIANTS","North Melbourne",24,"HFFR","Tom","Powell","CD_I1011659"
22,"Corroboree Group Oval Manuka","GWS GIANTS","North Melbourne",8,"SUB","Bailey","Scott","CD_I1006058"
22,"Corroboree Group Oval Manuka","GWS GIANTS","North Melbourne",3,"FPL","Harry","Sheezel","CD_I1023518"
22,"Corroboree Group Oval Manuka","GWS GIANTS","North Melbourne",15,"WL","Dylan","Stephens","CD_I1004848"
22,"Corroboree Group Oval Manuka","GWS GIANTS","North Melbourne",43,"INT","Brynn","Teakle","CD_I1007591"
22,"Corroboree Group Oval Manuka","GWS GIANTS","North Melbourne",47,"CHF","Cooper","Trembath","CD_I1031988"
22,"Corroboree Group Oval Manuka","GWS GIANTS","North Melbourne",6,"R","George","Wardlaw","CD_I1023477"
22,"Corroboree Group Oval Manuka","GWS GIANTS","North Melbourne",38,"RK","Tristan","Xerri","CD_I1004965"
22,"Corroboree Group Oval Manuka","GWS GIANTS","North Melbourne",44,"FPR","Cameron","Zurhaar","CD_I998484"
22,"MCG","Melbourne","Western Bulldogs",26,"HBFR","Jed","Adams","CD_I1023174"
22,"MCG","Melbourne","Western Bulldogs",17,"BPL","Jake","Bowey","CD_I1012825"
22,"MCG","Melbourne","Western Bulldogs",37,"HFFR","Kade","Chandler","CD_I1005330"
22,"MCG","Melbourne","Western Bulldogs",46,"WL","Jai","Culley","CD_I1020802"
22,"MCG","Melbourne","Western Bulldogs",31,"CHF","Bayley","Fritsch","CD_I1001438"
22,"MCG","Melbourne","Western Bulldogs",11,"RK","Max","Gawn","CD_I290528"
22,"MCG","Melbourne","Western Bulldogs",22,"SUB","Blake","Howes","CD_I1017122"
22,"MCG","Melbourne","Western Bulldogs",15,"R","Ed","Langdon","CD_I298264"
22,"MCG","Melbourne","Western Bulldogs",19,"HFFL","Harvey","Langford","CD_I1028546"
22,"MCG","Melbourne","Western Bulldogs",25,"FB","Tom","McDonald","CD_I291533"
22,"MCG","Melbourne","Western Bulldogs",4,"HBFL","Judd","McVee","CD_I1017703"
22,"MCG","Melbourne","Western Bulldogs",18,"FPL","Jake","Melksham","CD_I280824"
22,"MCG","Melbourne","Western Bulldogs",13,"INT","Clayton","Oliver","CD_I996701"
22,"MCG","Melbourne","Western Bulldogs",5,"C","Christian","Petracca","CD_I298210"
22,"MCG","Melbourne","Western Bulldogs",35,"INT","Harrison","Petty","CD_I1008893"
22,"MCG","Melbourne","Western Bulldogs",36,"FPR","Kysaiah","Pickett","CD_I1008541"
22,"MCG","Melbourne","Western Bulldogs",24,"BPR","Trent","Rivers","CD_I1009378"
22,"MCG","Melbourne","Western Bulldogs",3,"INT","Christian","Salem","CD_I296359"
22,"MCG","Melbourne","Western Bulldogs",32,"INT","Tom","Sparrow","CD_I999391"
22,"MCG","Melbourne","Western Bulldogs",10,"CHB","Daniel","Turner","CD_I1020959"
22,"MCG","Melbourne","Western Bulldogs",2,"FF","Jacob","van Rooyen","CD_I1017720"
22,"MCG","Melbourne","Western Bulldogs",7,"RR","Jack","Viney","CD_I291902"
22,"MCG","Melbourne","Western Bulldogs",6,"WR","Caleb","Windsor","CD_I1027821"
22,"MCG","Melbourne","Western Bulldogs",13,"WL","Oskar","Baker","CD_I1008855"
22,"MCG","Melbourne","Western Bulldogs",4,"RR","Marcus","Bontempelli","CD_I297373"
22,"MCG","Melbourne","Western Bulldogs",29,"BPL","Lachlan","Bramble","CD_I1000864"
22,"MCG","Melbourne","Western Bulldogs",5,"INT","Jedd","Busslinger","CD_I1023017"
22,"MCG","Melbourne","Western Bulldogs",36,"HBFL","Luke","Cleary","CD_I1015929"
22,"MCG","Melbourne","Western Bulldogs",31,"WR","Bailey","Dale","CD_I996708"
22,"MCG","Melbourne","Western Bulldogs",10,"FF","Sam","Darcy","CD_I1017126"
22,"MCG","Melbourne","Western Bulldogs",44,"RK","Tim","English","CD_I1004592"
22,"MCG","Melbourne","Western Bulldogs",27,"FB","Joel","Freijah","CD_I1027704"
22,"MCG","Melbourne","Western Bulldogs",38,"SUB","Riley","Garcia","CD_I1006533"
22,"MCG","Melbourne","Western Bulldogs",39,"HBFR","Jason","Johannisen","CD_I294101"
22,"MCG","Melbourne","Western Bulldogs",8,"HFFR","Matthew","Kennedy","CD_I1001398"
22,"MCG","Melbourne","Western Bulldogs",21,"R","Tom","Liberatore","CD_I290799"
22,"MCG","Melbourne","Western Bulldogs",7,"CHB","Rory","Lobb","CD_I990740"
22,"MCG","Melbourne","Western Bulldogs",30,"INT","Lachlan","McNeil","CD_I1009015"
22,"MCG","Melbourne","Western Bulldogs",33,"CHF","Aaron","Naughton","CD_I1002404"
22,"MCG","Melbourne","Western Bulldogs",18,"BPR","James","O'Donnell","CD_I1032966"
22,"MCG","Melbourne","Western Bulldogs",25,"INT","Caleb","Poulter","CD_I1011589"
22,"MCG","Melbourne","Western Bulldogs",20,"C","Ed","Richards","CD_I1008280"
22,"MCG","Melbourne","Western Bulldogs",9,"INT","Ryley","Sanders","CD_I1017939"
22,"MCG","Melbourne","Western Bulldogs",23,"FPL","Laitham","Vandermeer","CD_I1005000"
22,"MCG","Melbourne","Western Bulldogs",14,"FPR","Rhylee","West","CD_I1006127"
22,"MCG","Melbourne","Western Bulldogs",34,"HFFL","Bailey","Williams","CD_I992351"
22,"Optus Stadium","West Coast Eagles","Adelaide Crows",3,"HFFL","Liam","Baker","CD_I1000223"
22,"Optus Stadium","West Coast Eagles","Adelaide Crows",33,"BPL","Rhett","Bazzo","CD_I1017718"
22,"Optus Stadium","West Coast Eagles","Adelaide Crows",41,"FB","Sandy","Brock","CD_I1013315"
22,"Optus Stadium","West Coast Eagles","Adelaide Crows",10,"INT","Tyler","Brockman","CD_I1013511"
22,"Optus Stadium","West Coast Eagles","Adelaide Crows",18,"WL","Campbell","Chesser","CD_I1017057"
22,"Optus Stadium","West Coast Eagles","Adelaide Crows",28,"INT","Tom","Cole","CD_I993820"
22,"Optus Stadium","West Coast Eagles","Adelaide Crows",15,"FPR","Jamie","Cripps","CD_I290826"
22,"Optus Stadium","West Coast Eagles","Adelaide Crows",38,"INT","Hamish","Davis","CD_I1032624"
22,"Optus Stadium","West Coast Eagles","Adelaide Crows",14,"HBFR","Liam","Duggan","CD_I298268"
22,"Optus Stadium","West Coast Eagles","Adelaide Crows",25,"RK","Matt","Flynn","CD_I993902"
22,"Optus Stadium","West Coast Eagles","Adelaide Crows",7,"CHB","Reuben","Ginbey","CD_I1023025"
22,"Optus Stadium","West Coast Eagles","Adelaide Crows",17,"WR","Jack","Graham","CD_I990827"
22,"Optus Stadium","West Coast Eagles","Adelaide Crows",27,"HFFR","Tom","Gross","CD_I1028561"
22,"Optus Stadium","West Coast Eagles","Adelaide Crows",29,"INT","Clay","Hall","CD_I1024188"
22,"Optus Stadium","West Coast Eagles","Adelaide Crows",8,"R","Elijah","Hewett","CD_I1020670"
22,"Optus Stadium","West Coast Eagles","Adelaide Crows",19,"RR","Brady","Hough","CD_I1023167"
22,"Optus Stadium","West Coast Eagles","Adelaide Crows",11,"C","Tim","Kelly","CD_I295898"
22,"Optus Stadium","West Coast Eagles","Adelaide Crows",23,"BPR","Ryan","Maric","CD_I1029416"
22,"Optus Stadium","West Coast Eagles","Adelaide Crows",45,"HBFL","Tom","McCarthy","CD_I1036124"
22,"Optus Stadium","West Coast Eagles","Adelaide Crows",16,"SUB","Matthew","Owies","CD_I1013973"
22,"Optus Stadium","West Coast Eagles","Adelaide Crows",22,"FF","Archer","Reid","CD_I1027693"
22,"Optus Stadium","West Coast Eagles","Adelaide Crows",1,"FPL","Liam","Ryan","CD_I1004364"
22,"Optus Stadium","West Coast Eagles","Adelaide Crows",35,"CHF","Jobe","Shanahan","CD_I1031913"
22,"Optus Stadium","West Coast Eagles","Adelaide Crows",3,"INT","Sam","Berry","CD_I1012807"
22,"Optus Stadium","West Coast Eagles","Adelaide Crows",40,"BPR","Hugh","Bond","CD_I1023534"
22,"Optus Stadium","West Coast Eagles","Adelaide Crows",21,"FPR","Chris","Burgess","CD_I1000068"
22,"Optus Stadium","West Coast Eagles","Adelaide Crows",44,"WL","Isaac","Cumming","CD_I1001396"
22,"Optus Stadium","West Coast Eagles","Adelaide Crows",6,"WR","Daniel","Curtin","CD_I1024023"
22,"Optus Stadium","West Coast Eagles","Adelaide Crows",12,"C","Jordan","Dawson","CD_I992242"
22,"Optus Stadium","West Coast Eagles","Adelaide Crows",32,"FF","Darcy","Fogarty","CD_I999331"
22,"Optus Stadium","West Coast Eagles","Adelaide Crows",20,"INT","Mitchell","Hinge","CD_I1004863"
22,"Optus Stadium","West Coast Eagles","Adelaide Crows",1,"SUB","Chayce","Jones","CD_I1006203"
22,"Optus Stadium","West Coast Eagles","Adelaide Crows",48,"CHB","Mark","Keane","CD_I1013974"
22,"Optus Stadium","West Coast Eagles","Adelaide Crows",2,"HFFL","Ben","Keays","CD_I993946"
22,"Optus Stadium","West Coast Eagles","Adelaide Crows",29,"HBFR","Rory","Laird","CD_I293222"
22,"Optus Stadium","West Coast Eagles","Adelaide Crows",30,"HBFL","Wayne","Milera","CD_I990882"
22,"Optus Stadium","West Coast Eagles","Adelaide Crows",9,"FB","Nick","Murray","CD_I1008230"
22,"Optus Stadium","West Coast Eagles","Adelaide Crows",28,"HFFR","Alex","Neal-Bullen","CD_I296420"
22,"Optus Stadium","West Coast Eagles","Adelaide Crows",43,"RK","Reilly","O'Brien","CD_I297523"
22,"Optus Stadium","West Coast Eagles","Adelaide Crows",25,"RR","James","Peatling","CD_I1006013"
22,"Optus Stadium","West Coast Eagles","Adelaide Crows",10,"INT","Luke","Pedlar","CD_I1012218"
22,"Optus Stadium","West Coast Eagles","Adelaide Crows",23,"FPL","Izak","Rankine","CD_I1001195"
22,"Optus Stadium","West Coast Eagles","Adelaide Crows",14,"R","Jake","Soligo","CD_I1017109"
22,"Optus Stadium","West Coast Eagles","Adelaide Crows",19,"INT","Zac","Taylor","CD_I1017065"
22,"Optus Stadium","West Coast Eagles","Adelaide Crows",7,"CHF","Riley","Thilthorpe","CD_I1008384"
22,"Optus Stadium","West Coast Eagles","Adelaide Crows",24,"BPL","Josh","Worrell","CD_I1011981"
23,"Marvel Stadium","Essendon","St Kilda",46,"CHB","Lachlan","Blakiston","CD_I1028196"
23,"Marvel Stadium","Essendon","St Kilda",36,"R","Angus","Clarke","CD_I1027284"
23,"Marvel Stadium","Essendon","St Kilda",22,"C","Sam","Durham","CD_I1015810"
23,"Marvel Stadium","Essendon","St Kilda",28,"WL","Xavier","Duursma","CD_I1006096"
23,"Marvel Stadium","Essendon","St Kilda",41,"SUB","Saad","El-Hawli","CD_I1015919"
23,"Marvel Stadium","Essendon","St Kilda",17,"RK","Todd","Goldstein","CD_I271129"
23,"Marvel Stadium","Essendon","St Kilda",11,"HFFR","Jade","Gresham","CD_I298421"
23,"Marvel Stadium","Essendon","St Kilda",35,"FPL","Matt","Guelfi","CD_I996232"
23,"Marvel Stadium","Essendon","St Kilda",8,"INT","Ben","Hobbs","CD_I1017088"
23,"Marvel Stadium","Essendon","St Kilda",10,"FPR","Isaac","Kako","CD_I1028554"
23,"Marvel Stadium","Essendon","St Kilda",4,"HFFL","Kyle","Langford","CD_I298630"
23,"Marvel Stadium","Essendon","St Kilda",15,"FB","Jayden","Laverde","CD_I298280"
23,"Marvel Stadium","Essendon","St Kilda",34,"INT","Luamon","Lual","CD_I1027706"
23,"Marvel Stadium","Essendon","St Kilda",1,"BPL","Andrew","McGrath","CD_I998102"
23,"Marvel Stadium","Essendon","St Kilda",48,"FF","Liam","McMahon","CD_I1012842"
23,"Marvel Stadium","Essendon","St Kilda",29,"WR","Jye","Menzie","CD_I1013201"
23,"Marvel Stadium","Essendon","St Kilda",42,"BPR","Jayden","Nguyen","CD_I1018987"
23,"Marvel Stadium","Essendon","St Kilda",16,"RR","Archie","Perkins","CD_I1015873"
23,"Marvel Stadium","Essendon","St Kilda",25,"INT","Jaxon","Prior","CD_I1009386"
23,"Marvel Stadium","Essendon","St Kilda",27,"HBFL","Mason","Redman","CD_I997078"
23,"Marvel Stadium","Essendon","St Kilda",21,"HBFR","Archie","Roberts","CD_I1023515"
23,"Marvel Stadium","Essendon","St Kilda",38,"INT","Rhys","Unwin","CD_I1032023"
23,"Marvel Stadium","Essendon","St Kilda",20,"CHF","Peter","Wright","CD_I298289"
23,"Marvel Stadium","Essendon","St Kilda",38,"C","Hugh","Boxshall","CD_I1029148"
23,"Marvel Stadium","Essendon","St Kilda",47,"BPR","Anthony","Caminiti","CD_I1023784"
23,"Marvel Stadium","Essendon","St Kilda",4,"SUB","Lance","Collard","CD_I1017959"
23,"Marvel Stadium","Essendon","St Kilda",30,"FF","Alex","Dodson","CD_I1027011"
23,"Marvel Stadium","Essendon","St Kilda",34,"CHF","Hugo","Garcia","CD_I1027790"
23,"Marvel Stadium","Essendon","St Kilda",40,"R","Max","Hall","CD_I1020855"
23,"Marvel Stadium","Essendon","St Kilda",1,"FPL","Jack","Higgins","CD_I1002227"
23,"Marvel Stadium","Essendon","St Kilda",8,"WR","Bradley","Hill","CD_I295584"
23,"Marvel Stadium","Essendon","St Kilda",3,"INT","Zak","Jones","CD_I991988"
23,"Marvel Stadium","Essendon","St Kilda",6,"INT","Jack","Macrae","CD_I295467"
23,"Marvel Stadium","Essendon","St Kilda",19,"RK","Rowan","Marshall","CD_I992468"
23,"Marvel Stadium","Essendon","St Kilda",25,"INT","Mattaes","Phillipou","CD_I1020137"
23,"Marvel Stadium","Essendon","St Kilda",43,"FPR","Cooper","Sharman","CD_I1018018"
23,"Marvel Stadium","Essendon","St Kilda",35,"HBFR","Jack","Sinclair","CD_I994389"
23,"Marvel Stadium","Essendon","St Kilda",9,"RR","Jack","Steele","CD_I296205"
23,"Marvel Stadium","Essendon","St Kilda",14,"HBFL","Liam","Stocker","CD_I1008312"
23,"Marvel Stadium","Essendon","St Kilda",26,"BPL","Alixzander","Tauru","CD_I1030433"
23,"Marvel Stadium","Essendon","St Kilda",5,"INT","Tobie","Travaglia","CD_I1028538"
23,"Marvel Stadium","Essendon","St Kilda",7,"CHB","Nasiah","Wanganeen-Milera","CD_I1015507"
23,"Marvel Stadium","Essendon","St Kilda",44,"FB","Callum","Wilkie","CD_I296422"
23,"Marvel Stadium","Essendon","St Kilda",22,"HFFR","Darcy","Wilson","CD_I1027875"
23,"Marvel Stadium","Essendon","St Kilda",2,"WL","Marcus","Windhager","CD_I1023270"
23,"Marvel Stadium","Essendon","St Kilda",32,"HFFL","Mason","Wood","CD_I295340"
23,"Optus Stadium","Fremantle","Brisbane Lions",24,"FPR","Jye","Amiss","CD_I1020594"
23,"Optus Stadium","Fremantle","Brisbane Lions",41,"INT","Bailey","Banfield","CD_I998180"
23,"Optus Stadium","Fremantle","Brisbane Lions",15,"HFFR","Shai","Bolton","CD_I993993"
23,"Optus Stadium","Fremantle","Brisbane Lions",8,"R","Andrew","Brayshaw","CD_I1002232"
23,"Optus Stadium","Fremantle","Brisbane Lions",5,"HBFL","Heath","Chapman","CD_I1013224"
23,"Optus Stadium","Fremantle","Brisbane Lions",6,"HBFR","Jordan","Clark","CD_I1006152"
23,"Optus Stadium","Fremantle","Brisbane Lions",36,"FB","Brennan","Cox","CD_I997033"
23,"Optus Stadium","Fremantle","Brisbane Lions",4,"RK","Sean","Darcy","CD_I998145"
23,"Optus Stadium","Fremantle","Brisbane Lions",28,"WL","Neil","Erasmus","CD_I1020250"
23,"Optus Stadium","Fremantle","Brisbane Lions",32,"FPL","Michael","Frederick","CD_I999321"
23,"Optus Stadium","Fremantle","Brisbane Lions",7,"SUB","Nat","Fyfe","CD_I291570"
23,"Optus Stadium","Fremantle","Brisbane Lions",9,"C","Luke","Jackson","CD_I1009399"
23,"Optus Stadium","Fremantle","Brisbane Lions",30,"WR","Nathan","O'Driscoll","CD_I1013220"
23,"Optus Stadium","Fremantle","Brisbane Lions",2,"INT","Jaeger","O'Meara","CD_I294613"
23,"Optus Stadium","Fremantle","Brisbane Lions",25,"BPR","Alex","Pearce","CD_I298409"
23,"Optus Stadium","Fremantle","Brisbane Lions",16,"INT","Murphy","Reid","CD_I1028513"
23,"Optus Stadium","Fremantle","Brisbane Lions",13,"BPL","Luke","Ryan","CD_I998659"
23,"Optus Stadium","Fremantle","Brisbane Lions",3,"RR","Caleb","Serong","CD_I1009420"
23,"Optus Stadium","Fremantle","Brisbane Lions",39,"HFFL","Sam","Switkowski","CD_I992059"
23,"Optus Stadium","Fremantle","Brisbane Lions",35,"FF","Josh","Treacy","CD_I1012819"
23,"Optus Stadium","Fremantle","Brisbane Lions",20,"CHF","Patrick","Voss","CD_I1017754"
23,"Optus Stadium","Fremantle","Brisbane Lions",34,"INT","Corey","Wagner","CD_I993940"
23,"Optus Stadium","Fremantle","Brisbane Lions",23,"CHB","Karl","Worner","CD_I1021015"
23,"Optus Stadium","Fremantle","Brisbane Lions",4,"HFFR","Callum","Ah Chee","CD_I298437"
23,"Optus Stadium","Fremantle","Brisbane Lions",31,"CHB","Harris","Andrews","CD_I996059"
23,"Optus Stadium","Fremantle","Brisbane Lions",10,"INT","Levi","Ashcroft","CD_I1028560"
23,"Optus Stadium","Fremantle","Brisbane Lions",8,"INT","Will","Ashcroft","CD_I1023517"
23,"Optus Stadium","Fremantle","Brisbane Lions",33,"R","Zac","Bailey","CD_I1002312"
23,"Optus Stadium","Fremantle","Brisbane Lions",17,"SUB","Luke","Beecken","CD_I1008805"
23,"Optus Stadium","Fremantle","Brisbane Lions",7,"WR","Jarrod","Berry","CD_I998133"
23,"Optus Stadium","Fremantle","Brisbane Lions",23,"HFFL","Charlie","Cameron","CD_I990609"
23,"Optus Stadium","Fremantle","Brisbane Lions",14,"FPR","Sam","Day","CD_I291753"
23,"Optus Stadium","Fremantle","Brisbane Lions",5,"RR","Josh","Dunkley","CD_I993834"
23,"Optus Stadium","Fremantle","Brisbane Lions",3,"INT","Jaspa","Fletcher","CD_I1023708"
23,"Optus Stadium","Fremantle","Brisbane Lions",32,"RK","Darcy","Fort","CD_I298211"
23,"Optus Stadium","Fremantle","Brisbane Lions",27,"FB","Darcy","Gardiner","CD_I296269"
23,"Optus Stadium","Fremantle","Brisbane Lions",30,"CHF","Eric","Hipwood","CD_I993953"
23,"Optus Stadium","Fremantle","Brisbane Lions",35,"BPR","Ryan","Lester","CD_I291548"
23,"Optus Stadium","Fremantle","Brisbane Lions",20,"INT","Sam","Marshall","CD_I1028520"
23,"Optus Stadium","Fremantle","Brisbane Lions",6,"C","Hugh","McCluggage","CD_I1000978"
23,"Optus Stadium","Fremantle","Brisbane Lions",13,"FF","Logan","Morris","CD_I1028019"
23,"Optus Stadium","Fremantle","Brisbane Lions",16,"FPL","Cam","Rayner","CD_I1002235"
23,"Optus Stadium","Fremantle","Brisbane Lions",38,"WL","Bruce","Reville","CD_I1009317"
23,"Optus Stadium","Fremantle","Brisbane Lions",37,"HBFR","Brandon","Starcevich","CD_I1002401"
23,"Optus Stadium","Fremantle","Brisbane Lions",44,"HBFL","Darcy","Wilmot","CD_I1017067"
23,"Optus Stadium","Fremantle","Brisbane Lions",15,"BPL","Dayne","Zorko","CD_I261224"
23,"People First Stadium","Gold Coast SUNS","GWS GIANTS",48,"INT","Oscar","Adams","CD_I1015515"
23,"People First Stadium","Gold Coast SUNS","GWS GIANTS",9,"CHF","Ben","Ainsworth","CD_I998130"
23,"People First Stadium","Gold Coast SUNS","GWS GIANTS",15,"R","Noah","Anderson","CD_I1009199"
23,"People First Stadium","Gold Coast SUNS","GWS GIANTS",1,"FB","Mac","Andrew","CD_I1017396"
23,"People First Stadium","Gold Coast SUNS","GWS GIANTS",35,"HFFR","Connor","Budarick","CD_I1008454"
23,"People First Stadium","Gold Coast SUNS","GWS GIANTS",25,"BPR","Sam","Collins","CD_I295446"
23,"People First Stadium","Gold Coast SUNS","GWS GIANTS",5,"RR","Alex","Davies","CD_I1013268"
23,"People First Stadium","Gold Coast SUNS","GWS GIANTS",50,"FF","Jy","Farrar","CD_I999715"
23,"People First Stadium","Gold Coast SUNS","GWS GIANTS",8,"WR","Brayden","Fiorini","CD_I993799"
23,"People First Stadium","Gold Coast SUNS","GWS GIANTS",3,"INT","Sam","Flanders","CD_I1009260"
23,"People First Stadium","Gold Coast SUNS","GWS GIANTS",7,"INT","Nick","Holman","CD_I297456"
23,"People First Stadium","Gold Coast SUNS","GWS GIANTS",40,"HBFR","Joel","Jeffrey","CD_I1005992"
23,"People First Stadium","Gold Coast SUNS","GWS GIANTS",34,"FPR","Ben","King","CD_I1006144"
23,"People First Stadium","Gold Coast SUNS","GWS GIANTS",22,"FPL","Ben","Long","CD_I993917"
23,"People First Stadium","Gold Coast SUNS","GWS GIANTS",11,"HFFL","Touk","Miller","CD_I298272"
23,"People First Stadium","Gold Coast SUNS","GWS GIANTS",2,"HBFL","John","Noble","CD_I1000072"
23,"People First Stadium","Gold Coast SUNS","GWS GIANTS",27,"BPL","Wil","Powell","CD_I1007881"
23,"People First Stadium","Gold Coast SUNS","GWS GIANTS",20,"INT","Ethan","Read","CD_I1027033"
23,"People First Stadium","Gold Coast SUNS","GWS GIANTS",18,"C","Matt","Rowell","CD_I1009208"
23,"People First Stadium","Gold Coast SUNS","GWS GIANTS",6,"SUB","Alex","Sexton","CD_I294643"
23,"People First Stadium","Gold Coast SUNS","GWS GIANTS",32,"CHB","Bodhi","Uwland","CD_I1017665"
23,"People First Stadium","Gold Coast SUNS","GWS GIANTS",14,"WL","Lachie","Weller","CD_I298524"
23,"People First Stadium","Gold Coast SUNS","GWS GIANTS",28,"RK","Jarrod","Witts","CD_I291975"
23,"People First Stadium","Gold Coast SUNS","GWS GIANTS",21,"CHB","Leek","Aleer","CD_I1008691"
23,"People First Stadium","Gold Coast SUNS","GWS GIANTS",9,"WR","Ryan","Angwin","CD_I1015777"
23,"People First Stadium","Gold Coast SUNS","GWS GIANTS",7,"HBFR","Lachie","Ash","CD_I1009253"
23,"People First Stadium","Gold Coast SUNS","GWS GIANTS",14,"HFFL","Toby","Bedford","CD_I1008139"
23,"People First Stadium","Gold Coast SUNS","GWS GIANTS",32,"RK","Kieren","Briggs","CD_I1008436"
23,"People First Stadium","Gold Coast SUNS","GWS GIANTS",46,"FPR","Callum","Brown","CD_I1014038"
23,"People First Stadium","Gold Coast SUNS","GWS GIANTS",5,"CHF","Aaron","Cadman","CD_I1019038"
23,"People First Stadium","Gold Coast SUNS","GWS GIANTS",17,"RR","Finn","Callaghan","CD_I1023266"
23,"People First Stadium","Gold Coast SUNS","GWS GIANTS",3,"C","Stephen","Coniglio","CD_I291969"
23,"People First Stadium","Gold Coast SUNS","GWS GIANTS",37,"BPR","Joe","Fonti","CD_I1032629"
23,"People First Stadium","Gold Coast SUNS","GWS GIANTS",12,"R","Tom","Green","CD_I1009528"
23,"People First Stadium","Gold Coast SUNS","GWS GIANTS",4,"FPL","Toby","Greene","CD_I295344"
23,"People First Stadium","Gold Coast SUNS","GWS GIANTS",35,"INT","Max","Gruzewski","CD_I1027921"
23,"People First Stadium","Gold Coast SUNS","GWS GIANTS",27,"INT","Harry","Himmelberg","CD_I993107"
23,"People First Stadium","Gold Coast SUNS","GWS GIANTS",39,"BPL","Connor","Idun","CD_I1008083"
23,"People First Stadium","Gold Coast SUNS","GWS GIANTS",2,"HFFR","Darcy","Jones","CD_I1020650"
23,"People First Stadium","Gold Coast SUNS","GWS GIANTS",33,"INT","Xavier","O'Halloran","CD_I1006135"
23,"People First Stadium","Gold Coast SUNS","GWS GIANTS",26,"FF","Jake","Riccardi","CD_I1008123"
23,"People First Stadium","Gold Coast SUNS","GWS GIANTS",24,"INT","Harry","Rowston","CD_I1021122"
23,"People First Stadium","Gold Coast SUNS","GWS GIANTS",15,"FB","Sam","Taylor","CD_I1005247"
23,"People First Stadium","Gold Coast SUNS","GWS GIANTS",1,"WL","Harvey","Thomas","CD_I1027925"
23,"People First Stadium","Gold Coast SUNS","GWS GIANTS",10,"SUB","Jacob","Wehr","CD_I1004530"
23,"People First Stadium","Gold Coast SUNS","GWS GIANTS",6,"HBFL","Lachie","Whitfield","CD_I294305"
23,"Marvel Stadium","Carlton","Port Adelaide",13,"WL","Blake","Acres","CD_I296294"
23,"Marvel Stadium","Carlton","Port Adelaide",32,"BPR","Matthew","Carroll","CD_I1027964"
23,"Marvel Stadium","Carlton","Port Adelaide",2,"HBFL","Lachlan","Cowan","CD_I1021353"
23,"Marvel Stadium","Carlton","Port Adelaide",9,"C","Patrick","Cripps","CD_I990704"
23,"Marvel Stadium","Carlton","Port Adelaide",12,"FPR","Tom","De Koning","CD_I1004912"
23,"Marvel Stadium","Carlton","Port Adelaide",19,"SUB","Corey","Durdin","CD_I1008510"
23,"Marvel Stadium","Carlton","Port Adelaide",44,"HFFL","Francis","Evans","CD_I1017255"
23,"Marvel Stadium","Carlton","Port Adelaide",8,"HFFR","Lachie","Fogarty","CD_I1002228"
23,"Marvel Stadium","Carlton","Port Adelaide",26,"CHB","Nick","Haynes","CD_I295265"
23,"Marvel Stadium","Carlton","Port Adelaide",29,"INT","George","Hewett","CD_I294036"
23,"Marvel Stadium","Carlton","Port Adelaide",4,"HBFR","Oliver","Hollands","CD_I1023495"
23,"Marvel Stadium","Carlton","Port Adelaide",36,"RR","Cooper","Lord","CD_I1032108"
23,"Marvel Stadium","Carlton","Port Adelaide",10,"FF","Harry","McKay","CD_I1000953"
23,"Marvel Stadium","Carlton","Port Adelaide",43,"R","Ashton","Moir","CD_I1020097"
23,"Marvel Stadium","Carlton","Port Adelaide",3,"INT","Jesse","Motlop","CD_I1017700"
23,"Marvel Stadium","Carlton","Port Adelaide",40,"RK","Hudson","O'Keeffe","CD_I1023489"
23,"Marvel Stadium","Carlton","Port Adelaide",42,"BPL","Adam","Saad","CD_I295461"
23,"Marvel Stadium","Carlton","Port Adelaide",18,"WR","Sam","Walsh","CD_I1006094"
23,"Marvel Stadium","Carlton","Port Adelaide",23,"FB","Jacob","Weitering","CD_I993832"
23,"Marvel Stadium","Carlton","Port Adelaide",6,"FPL","Zac","Williams","CD_I294685"
23,"Marvel Stadium","Carlton","Port Adelaide",35,"INT","Billy","Wilson","CD_I1027678"
23,"Marvel Stadium","Carlton","Port Adelaide",45,"INT","Flynn","Young","CD_I1020877"
23,"Marvel Stadium","Carlton","Port Adelaide",33,"CHF","Lewis","Young","CD_I997316"
23,"Marvel Stadium","Carlton","Port Adelaide",21,"FB","Aliir","Aliir","CD_I294469"
23,"Marvel Stadium","Carlton","Port Adelaide",5,"INT","Joe","Berry","CD_I1028529"
23,"Marvel Stadium","Carlton","Port Adelaide",10,"WL","Travis","Boak","CD_I250365"
23,"Marvel Stadium","Carlton","Port Adelaide",9,"RR","Zak","Butters","CD_I1006121"
23,"Marvel Stadium","Carlton","Port Adelaide",33,"CHB","Darcy","Byrne-Jones","CD_I991930"
23,"Marvel Stadium","Carlton","Port Adelaide",28,"C","Willem","Drew","CD_I1000972"
23,"Marvel Stadium","Carlton","Port Adelaide",6,"HBFR","Kane","Farrell","CD_I1002253"
23,"Marvel Stadium","Carlton","Port Adelaide",19,"FF","Mitch","Georgiades","CD_I1010174"
23,"Marvel Stadium","Carlton","Port Adelaide",34,"BPR","Lachie","Jones","CD_I1011583"
23,"Marvel Stadium","Carlton","Port Adelaide",50,"WR","Mani","Liddy","CD_I1008649"
23,"Marvel Stadium","Carlton","Port Adelaide",30,"HFFR","Ollie","Lord","CD_I1012881"
23,"Marvel Stadium","Carlton","Port Adelaide",36,"INT","Will","Lorenz","CD_I1029262"
23,"Marvel Stadium","Carlton","Port Adelaide",41,"CHF","Jed","McEntee","CD_I1004819"
23,"Marvel Stadium","Carlton","Port Adelaide",44,"INT","Jackson","Mead","CD_I1005326"
23,"Marvel Stadium","Carlton","Port Adelaide",31,"SUB","Christian","Moraes","CD_I1028563"
23,"Marvel Stadium","Carlton","Port Adelaide",35,"HFFL","Joe","Richards","CD_I1008239"
23,"Marvel Stadium","Carlton","Port Adelaide",15,"FPL","Willie","Rioli","CD_I296225"
23,"Marvel Stadium","Carlton","Port Adelaide",1,"R","Connor","Rozee","CD_I1001299"
23,"Marvel Stadium","Carlton","Port Adelaide",8,"HBFL","Josh","Sinn","CD_I1017078"
23,"Marvel Stadium","Carlton","Port Adelaide",24,"RK","Jordon","Sweet","CD_I992330"
23,"Marvel Stadium","Carlton","Port Adelaide",17,"FPR","Jack","Whitlock","CD_I1032053"
23,"Marvel Stadium","Carlton","Port Adelaide",16,"INT","Ollie","Wines","CD_I294318"
23,"Marvel Stadium","Carlton","Port Adelaide",25,"BPL","Brandon","Zerk-Thatcher","CD_I1004034"
23,"MCG","Hawthorn","Melbourne",10,"WL","Karl","Amon","CD_I297354"
23,"MCG","Hawthorn","Melbourne",37,"FB","Tom","Barrass","CD_I990290"
23,"MCG","Hawthorn","Melbourne",24,"BPL","Josh","Battle","CD_I998134"
23,"MCG","Hawthorn","Melbourne",22,"SUB","Luke","Breust","CD_I280744"
23,"MCG","Hawthorn","Melbourne",18,"CHF","Mabior","Chol","CD_I994077"
23,"MCG","Hawthorn","Melbourne",16,"HFFL","Massimo","D'Ambrosio","CD_I1005144"
23,"MCG","Hawthorn","Melbourne",35,"INT","Calsher","Dear","CD_I1032100"
23,"MCG","Hawthorn","Melbourne",33,"FPR","Jack","Ginnivan","CD_I1012857"
23,"MCG","Hawthorn","Melbourne",19,"FPL","Jack","Gunston","CD_I291351"
23,"MCG","Hawthorn","Melbourne",15,"BPR","Blake","Hardwick","CD_I993794"
23,"MCG","Hawthorn","Melbourne",4,"HBFL","Jarman","Impey","CD_I296254"
23,"MCG","Hawthorn","Melbourne",9,"HBFR","Changkuoth","Jiath","CD_I998390"
23,"MCG","Hawthorn","Melbourne",2,"FF","Mitch","Lewis","CD_I1000887"
23,"MCG","Hawthorn","Melbourne",31,"INT","Connor","Macdonald","CD_I1017094"
23,"MCG","Hawthorn","Melbourne",17,"RK","Lloyd","Meek","CD_I1000980"
23,"MCG","Hawthorn","Melbourne",13,"WR","Dylan","Moore","CD_I1006314"
23,"MCG","Hawthorn","Melbourne",11,"C","Conor","Nash","CD_I1007124"
23,"MCG","Hawthorn","Melbourne",3,"RR","Jai","Newcombe","CD_I1020895"
23,"MCG","Hawthorn","Melbourne",14,"INT","Jack","Scrimshaw","CD_I998114"
23,"MCG","Hawthorn","Melbourne",6,"CHB","James","Sicily","CD_I297566"
23,"MCG","Hawthorn","Melbourne",25,"R","Josh","Ward","CD_I1017110"
23,"MCG","Hawthorn","Melbourne",34,"HFFR","Nick","Watson","CD_I1023473"
23,"MCG","Hawthorn","Melbourne",5,"INT","James","Worpel","CD_I1002222"
23,"MCG","Hawthorn","Melbourne",17,"HBFR","Jake","Bowey","CD_I1012825"
23,"MCG","Hawthorn","Melbourne",37,"INT","Kade","Chandler","CD_I1005330"
23,"MCG","Hawthorn","Melbourne",46,"WL","Jai","Culley","CD_I1020802"
23,"MCG","Hawthorn","Melbourne",31,"CHF","Bayley","Fritsch","CD_I1001438"
23,"MCG","Hawthorn","Melbourne",11,"RK","Max","Gawn","CD_I290528"
23,"MCG","Hawthorn","Melbourne",22,"BPR","Blake","Howes","CD_I1017122"
23,"MCG","Hawthorn","Melbourne",15,"FPL","Ed","Langdon","CD_I298264"
23,"MCG","Hawthorn","Melbourne",19,"WR","Harvey","Langford","CD_I1028546"
23,"MCG","Hawthorn","Melbourne",1,"FB","Steven","May","CD_I281085"
23,"MCG","Hawthorn","Melbourne",25,"BPL","Tom","McDonald","CD_I291533"
23,"MCG","Hawthorn","Melbourne",4,"HBFL","Judd","McVee","CD_I1017703"
23,"MCG","Hawthorn","Melbourne",18,"SUB","Jake","Melksham","CD_I280824"
23,"MCG","Hawthorn","Melbourne",13,"RR","Clayton","Oliver","CD_I996701"
23,"MCG","Hawthorn","Melbourne",5,"C","Christian","Petracca","CD_I298210"
23,"MCG","Hawthorn","Melbourne",35,"INT","Harrison","Petty","CD_I1008893"
23,"MCG","Hawthorn","Melbourne",36,"HFFL","Kysaiah","Pickett","CD_I1008541"
23,"MCG","Hawthorn","Melbourne",24,"HFFR","Trent","Rivers","CD_I1009378"
23,"MCG","Hawthorn","Melbourne",3,"INT","Christian","Salem","CD_I296359"
23,"MCG","Hawthorn","Melbourne",30,"INT","Harry","Sharp","CD_I1007099"
23,"MCG","Hawthorn","Melbourne",32,"FPR","Tom","Sparrow","CD_I999391"
23,"MCG","Hawthorn","Melbourne",10,"CHB","Daniel","Turner","CD_I1020959"
23,"MCG","Hawthorn","Melbourne",2,"FF","Jacob","van Rooyen","CD_I1017720"
23,"MCG","Hawthorn","Melbourne",7,"R","Jack","Viney","CD_I291902"
23,"Adelaide Oval","Adelaide Crows","Collingwood",3,"RR","Sam","Berry","CD_I1012807"
23,"Adelaide Oval","Adelaide Crows","Collingwood",40,"BPR","Hugh","Bond","CD_I1023534"
23,"Adelaide Oval","Adelaide Crows","Collingwood",44,"WL","Isaac","Cumming","CD_I1001396"
23,"Adelaide Oval","Adelaide Crows","Collingwood",6,"WR","Daniel","Curtin","CD_I1024023"
23,"Adelaide Oval","Adelaide Crows","Collingwood",12,"C","Jordan","Dawson","CD_I992242"
23,"Adelaide Oval","Adelaide Crows","Collingwood",32,"FF","Darcy","Fogarty","CD_I999331"
23,"Adelaide Oval","Adelaide Crows","Collingwood",20,"HBFR","Mitchell","Hinge","CD_I1004863"
23,"Adelaide Oval","Adelaide Crows","Collingwood",48,"CHB","Mark","Keane","CD_I1013974"
23,"Adelaide Oval","Adelaide Crows","Collingwood",2,"HFFL","Ben","Keays","CD_I993946"
23,"Adelaide Oval","Adelaide Crows","Collingwood",30,"HBFL","Wayne","Milera","CD_I990882"
23,"Adelaide Oval","Adelaide Crows","Collingwood",4,"HFFR","Lachlan","Murphy","CD_I1000998"
23,"Adelaide Oval","Adelaide Crows","Collingwood",9,"FB","Nick","Murray","CD_I1008230"
23,"Adelaide Oval","Adelaide Crows","Collingwood",28,"INT","Alex","Neal-Bullen","CD_I296420"
23,"Adelaide Oval","Adelaide Crows","Collingwood",43,"RK","Reilly","O'Brien","CD_I297523"
23,"Adelaide Oval","Adelaide Crows","Collingwood",25,"INT","James","Peatling","CD_I1006013"
23,"Adelaide Oval","Adelaide Crows","Collingwood",23,"FPL","Izak","Rankine","CD_I1001195"
23,"Adelaide Oval","Adelaide Crows","Collingwood",26,"SUB","Harry","Schoenberg","CD_I1008543"
23,"Adelaide Oval","Adelaide Crows","Collingwood",33,"INT","Brodie","Smith","CD_I291748"
23,"Adelaide Oval","Adelaide Crows","Collingwood",14,"R","Jake","Soligo","CD_I1017109"
23,"Adelaide Oval","Adelaide Crows","Collingwood",19,"INT","Zac","Taylor","CD_I1017065"
23,"Adelaide Oval","Adelaide Crows","Collingwood",7,"CHF","Riley","Thilthorpe","CD_I1008384"
23,"Adelaide Oval","Adelaide Crows","Collingwood",13,"FPR","Taylor","Walker","CD_I280506"
23,"Adelaide Oval","Adelaide Crows","Collingwood",24,"BPL","Josh","Worrell","CD_I1011981"
23,"Adelaide Oval","Adelaide Crows","Collingwood",16,"SUB","Edward","Allan","CD_I1022915"
23,"Adelaide Oval","Adelaide Crows","Collingwood",14,"RK","Darcy","Cameron","CD_I990291"
23,"Adelaide Oval","Adelaide Crows","Collingwood",25,"C","Jack","Crisp","CD_I293871"
23,"Adelaide Oval","Adelaide Crows","Collingwood",7,"CHB","Josh","Daicos","CD_I1005054"
23,"Adelaide Oval","Adelaide Crows","Collingwood",35,"R","Nick","Daicos","CD_I1023261"
23,"Adelaide Oval","Adelaide Crows","Collingwood",2,"HFFL","Jordan","De Goey","CD_I994185"
23,"Adelaide Oval","Adelaide Crows","Collingwood",5,"FPL","Jamie","Elliott","CD_I293801"
23,"Adelaide Oval","Adelaide Crows","Collingwood",17,"BPR","Billy","Frampton","CD_I991773"
23,"Adelaide Oval","Adelaide Crows","Collingwood",9,"WR","Dan","Houston","CD_I994295"
23,"Adelaide Oval","Adelaide Crows","Collingwood",1,"INT","Patrick","Lipinski","CD_I1003130"
23,"Adelaide Oval","Adelaide Crows","Collingwood",44,"INT","Ned","Long","CD_I1017124"
23,"Adelaide Oval","Adelaide Crows","Collingwood",4,"BPL","Brayden","Maynard","CD_I992010"
23,"Adelaide Oval","Adelaide Crows","Collingwood",31,"FPR","Beau","McCreery","CD_I1004757"
23,"Adelaide Oval","Adelaide Crows","Collingwood",11,"INT","Daniel","McStay","CD_I297504"
23,"Adelaide Oval","Adelaide Crows","Collingwood",28,"CHF","Tim","Membrey","CD_I294596"
23,"Adelaide Oval","Adelaide Crows","Collingwood",41,"FF","Brody","Mihocek","CD_I291849"
23,"Adelaide Oval","Adelaide Crows","Collingwood",30,"FB","Darcy","Moore","CD_I298288"
23,"Adelaide Oval","Adelaide Crows","Collingwood",15,"INT","Wil","Parker","CD_I1012873"
23,"Adelaide Oval","Adelaide Crows","Collingwood",10,"RR","Scott","Pendlebury","CD_I260257"
23,"Adelaide Oval","Adelaide Crows","Collingwood",12,"HBFL","Harry","Perryman","CD_I998205"
23,"Adelaide Oval","Adelaide Crows","Collingwood",3,"HBFR","Isaac","Quaynor","CD_I1008089"
23,"Adelaide Oval","Adelaide Crows","Collingwood",8,"HFFR","Lachie","Schultz","CD_I1000860"
23,"Adelaide Oval","Adelaide Crows","Collingwood",22,"WL","Steele","Sidebottom","CD_I280965"
23,"Ninja Stadium","North Melbourne","Richmond",30,"BPL","Charlie","Comben","CD_I1015781"
23,"Ninja Stadium","North Melbourne","Richmond",25,"HFFL","Paul","Curtis","CD_I1002947"
23,"Ninja Stadium","North Melbourne","Richmond",5,"CHB","Caleb","Daniel","CD_I295136"
23,"Ninja Stadium","North Melbourne","Richmond",28,"FF","Jack","Darling","CD_I290838"
23,"Ninja Stadium","North Melbourne","Richmond",9,"C","Luke","Davies-Uniacke","CD_I1002267"
23,"Ninja Stadium","North Melbourne","Richmond",37,"INT","Cooper","Harvey","CD_I1020979"
23,"Ninja Stadium","North Melbourne","Richmond",41,"FPL","Jacob","Konstanty","CD_I1023530"
23,"Ninja Stadium","North Melbourne","Richmond",19,"BPR","Griffin","Logue","CD_I997933"
23,"Ninja Stadium","North Melbourne","Richmond",10,"WR","Colby","McKercher","CD_I1024272"
23,"Ninja Stadium","North Melbourne","Richmond",2,"HBFR","Finn","O'Sullivan","CD_I1028495"
23,"Ninja Stadium","North Melbourne","Richmond",26,"INT","Luke","Parker","CD_I290778"
23,"Ninja Stadium","North Melbourne","Richmond",23,"INT","Geordie","Payne","CD_I1027726"
23,"Ninja Stadium","North Melbourne","Richmond",32,"FB","Toby","Pink","CD_I1002138"
23,"Ninja Stadium","North Melbourne","Richmond",24,"HBFL","Tom","Powell","CD_I1011659"
23,"Ninja Stadium","North Melbourne","Richmond",8,"WL","Bailey","Scott","CD_I1006058"
23,"Ninja Stadium","North Melbourne","Richmond",3,"RR","Harry","Sheezel","CD_I1023518"
23,"Ninja Stadium","North Melbourne","Richmond",12,"HFFR","Jy","Simpkin","CD_I993998"
23,"Ninja Stadium","North Melbourne","Richmond",15,"INT","Dylan","Stephens","CD_I1004848"
23,"Ninja Stadium","North Melbourne","Richmond",47,"CHF","Cooper","Trembath","CD_I1031988"
23,"Ninja Stadium","North Melbourne","Richmond",6,"R","George","Wardlaw","CD_I1023477"
23,"Ninja Stadium","North Melbourne","Richmond",35,"SUB","Matt","Whitlock","CD_I1028547"
23,"Ninja Stadium","North Melbourne","Richmond",38,"RK","Tristan","Xerri","CD_I1004965"
23,"Ninja Stadium","North Melbourne","Richmond",44,"FPR","Cameron","Zurhaar","CD_I998484"
23,"Ninja Stadium","North Melbourne","Richmond",31,"EMERG","Luke","Trainor","CD_I1028521"
23,"Ninja Stadium","North Melbourne","Richmond",34,"FPL","Harry","Armstrong","CD_I1028525"
23,"Ninja Stadium","North Melbourne","Richmond",21,"INT","Noah","Balta","CD_I1002245"
23,"Ninja Stadium","North Melbourne","Richmond",41,"CHB","Sam","Banks","CD_I1013197"
23,"Ninja Stadium","North Melbourne","Richmond",35,"HBFL","Nathan","Broad","CD_I295203"
23,"Ninja Stadium","North Melbourne","Richmond",30,"HBFR","Tom","Brown","CD_I1017086"
23,"Ninja Stadium","North Melbourne","Richmond",44,"CHF","Seth","Campbell","CD_I1023275"
23,"Ninja Stadium","North Melbourne","Richmond",48,"SUB","Steely","Green","CD_I1023056"
23,"Ninja Stadium","North Melbourne","Richmond",2,"R","Jacob","Hopper","CD_I993903"
23,"Ninja Stadium","North Melbourne","Richmond",24,"HFFR","Taj","Hotton","CD_I1032106"
23,"Ninja Stadium","North Melbourne","Richmond",19,"FF","Tom","Lynch","CD_I293813"
23,"Ninja Stadium","North Melbourne","Richmond",7,"FPR","Rhyan","Mansell","CD_I1008478"
23,"Ninja Stadium","North Melbourne","Richmond",33,"WL","Kamdyn","McIntosh","CD_I294592"
23,"Ninja Stadium","North Melbourne","Richmond",12,"FB","Ben","Miller","CD_I1002403"
23,"Ninja Stadium","North Melbourne","Richmond",25,"RK","Toby","Nankervis","CD_I298174"
23,"Ninja Stadium","North Melbourne","Richmond",3,"C","Dion","Prestia","CD_I290627"
23,"Ninja Stadium","North Melbourne","Richmond",17,"HFFL","Maurice","Rioli","CD_I1009551"
23,"Ninja Stadium","North Melbourne","Richmond",5,"INT","Jack","Ross","CD_I1006133"
23,"Ninja Stadium","North Melbourne","Richmond",15,"INT","Jayden","Short","CD_I992049"
23,"Ninja Stadium","North Melbourne","Richmond",40,"INT","Tyler","Sonsie","CD_I1017114"
23,"Ninja Stadium","North Melbourne","Richmond",14,"RR","Tim","Taranto","CD_I998172"
23,"Ninja Stadium","North Melbourne","Richmond",36,"WR","James","Trezise","CD_I1031829"
23,"Ninja Stadium","North Melbourne","Richmond",1,"BPR","Nick","Vlastuin","CD_I294674"
23,"Ninja Stadium","North Melbourne","Richmond",45,"BPL","Tylar","Young","CD_I1018433"
23,"SCG","Sydney Swans","Geelong Cats",22,"CHB","Nick","Blakey","CD_I1006028"
23,"SCG","Sydney Swans","Geelong Cats",39,"CHF","Jack","Buller","CD_I1009392"
23,"SCG","Sydney Swans","Geelong Cats",16,"FPR","Braeden","Campbell","CD_I1013133"
23,"SCG","Sydney Swans","Geelong Cats",33,"SUB","Caiden","Cleary","CD_I1024057"
23,"SCG","Sydney Swans","Geelong Cats",7,"BPL","Harry","Cunningham","CD_I291978"
23,"SCG","Sydney Swans","Geelong Cats",18,"INT","Jesse","Dattoli","CD_I1029589"
23,"SCG","Sydney Swans","Geelong Cats",13,"WL","Oliver","Florent","CD_I998103"
23,"SCG","Sydney Swans","Geelong Cats",21,"R","Errol","Gulden","CD_I1013128"
23,"SCG","Sydney Swans","Geelong Cats",9,"FPL","Will","Hayward","CD_I997100"
23,"SCG","Sydney Swans","Geelong Cats",5,"RR","Isaac","Heeney","CD_I298539"
23,"SCG","Sydney Swans","Geelong Cats",17,"HFFR","James","Jordon","CD_I1013409"
23,"SCG","Sydney Swans","Geelong Cats",19,"RK","Peter","Ladhams","CD_I997142"
23,"SCG","Sydney Swans","Geelong Cats",44,"WR","Jake","Lloyd","CD_I295342"
23,"SCG","Sydney Swans","Geelong Cats",30,"BPR","Tom","McCartin","CD_I1008198"
23,"SCG","Sydney Swans","Geelong Cats",2,"FF","Hayden","McLean","CD_I1003203"
23,"SCG","Sydney Swans","Geelong Cats",43,"FB","Lewis","Melican","CD_I996743"
23,"SCG","Sydney Swans","Geelong Cats",14,"INT","Callum","Mills","CD_I993905"
23,"SCG","Sydney Swans","Geelong Cats",11,"HFFL","Tom","Papley","CD_I996765"
23,"SCG","Sydney Swans","Geelong Cats",24,"HBFL","Dane","Rampe","CD_I290307"
23,"SCG","Sydney Swans","Geelong Cats",8,"INT","James","Rowbottom","CD_I1006126"
23,"SCG","Sydney Swans","Geelong Cats",12,"INT","Angus","Sheldrick","CD_I1020339"
23,"SCG","Sydney Swans","Geelong Cats",1,"C","Chad","Warner","CD_I1012014"
23,"SCG","Sydney Swans","Geelong Cats",15,"HBFR","Sam","Wicks","CD_I1006232"
23,"SCG","Sydney Swans","Geelong Cats",30,"R","Tom","Atkins","CD_I994386"
23,"SCG","Sydney Swans","Geelong Cats",46,"WR","Mark","Blicavs","CD_I296733"
23,"SCG","Sydney Swans","Geelong Cats",12,"SUB","Jack","Bowes","CD_I998260"
23,"SCG","Sydney Swans","Geelong Cats",5,"FF","Jeremy","Cameron","CD_I293845"
23,"SCG","Sydney Swans","Geelong Cats",45,"INT","Brad","Close","CD_I999326"
23,"SCG","Sydney Swans","Geelong Cats",35,"FPL","Patrick","Dangerfield","CD_I270917"
23,"SCG","Sydney Swans","Geelong Cats",16,"FB","Sam","De Koning","CD_I1009229"
23,"SCG","Sydney Swans","Geelong Cats",28,"WL","Oliver","Dempsey","CD_I1025034"
23,"SCG","Sydney Swans","Geelong Cats",39,"INT","Zach","Guthrie","CD_I1004870"
23,"SCG","Sydney Swans","Geelong Cats",38,"BPL","Jack","Henry","CD_I1000937"
23,"SCG","Sydney Swans","Geelong Cats",9,"C","Max","Holmes","CD_I1015889"
23,"SCG","Sydney Swans","Geelong Cats",17,"HBFL","Lawson","Humphries","CD_I1013464"
23,"SCG","Sydney Swans","Geelong Cats",7,"CHF","Shaun","Mannagh","CD_I993878"
23,"SCG","Sydney Swans","Geelong Cats",19,"INT","Jack","Martin","CD_I296190"
23,"SCG","Sydney Swans","Geelong Cats",32,"INT","Gryan","Miers","CD_I1004938"
23,"SCG","Sydney Swans","Geelong Cats",34,"HFFR","Oisin","Mullin","CD_I1024982"
23,"SCG","Sydney Swans","Geelong Cats",33,"FPR","Shannon","Neale","CD_I1016433"
23,"SCG","Sydney Swans","Geelong Cats",42,"HBFR","Mark","O'Connor","CD_I1007102"
23,"SCG","Sydney Swans","Geelong Cats",14,"BPR","Connor","O'Sullivan","CD_I1027877"
23,"SCG","Sydney Swans","Geelong Cats",3,"RR","Bailey","Smith","CD_I1006130"
23,"SCG","Sydney Swans","Geelong Cats",1,"RK","Rhys","Stanley","CD_I280317"
23,"SCG","Sydney Swans","Geelong Cats",18,"HFFL","Tyson","Stengle","CD_I997230"
23,"SCG","Sydney Swans","Geelong Cats",44,"CHB","Tom","Stewart","CD_I291800"
23,"Marvel Stadium","Western Bulldogs","West Coast Eagles",13,"HFFL","Oskar","Baker","CD_I1008855"
23,"Marvel Stadium","Western Bulldogs","West Coast Eagles",4,"RR","Marcus","Bontempelli","CD_I297373"
23,"Marvel Stadium","Western Bulldogs","West Coast Eagles",29,"BPL","Lachlan","Bramble","CD_I1000864"
23,"Marvel Stadium","Western Bulldogs","West Coast Eagles",5,"INT","Jedd","Busslinger","CD_I1023017"
23,"Marvel Stadium","Western Bulldogs","West Coast Eagles",36,"HBFL","Luke","Cleary","CD_I1015929"
23,"Marvel Stadium","Western Bulldogs","West Coast Eagles",16,"WL","Jordan","Croft","CD_I1013996"
23,"Marvel Stadium","Western Bulldogs","West Coast Eagles",31,"BPR","Bailey","Dale","CD_I996708"
23,"Marvel Stadium","Western Bulldogs","West Coast Eagles",10,"FF","Sam","Darcy","CD_I1017126"
23,"Marvel Stadium","Western Bulldogs","West Coast Eagles",42,"INT","Sam","Davidson","CD_I1036123"
23,"Marvel Stadium","Western Bulldogs","West Coast Eagles",44,"RK","Tim","English","CD_I1004592"
23,"Marvel Stadium","Western Bulldogs","West Coast Eagles",27,"INT","Joel","Freijah","CD_I1027704"
23,"Marvel Stadium","Western Bulldogs","West Coast Eagles",38,"FPL","Riley","Garcia","CD_I1006533"
23,"Marvel Stadium","Western Bulldogs","West Coast Eagles",39,"HBFR","Jason","Johannisen","CD_I294101"
23,"Marvel Stadium","Western Bulldogs","West Coast Eagles",8,"HFFR","Matthew","Kennedy","CD_I1001398"
23,"Marvel Stadium","Western Bulldogs","West Coast Eagles",21,"R","Tom","Liberatore","CD_I290799"
23,"Marvel Stadium","Western Bulldogs","West Coast Eagles",7,"CHB","Rory","Lobb","CD_I990740"
23,"Marvel Stadium","Western Bulldogs","West Coast Eagles",30,"INT","Lachlan","McNeil","CD_I1009015"
23,"Marvel Stadium","Western Bulldogs","West Coast Eagles",33,"CHF","Aaron","Naughton","CD_I1002404"
23,"Marvel Stadium","Western Bulldogs","West Coast Eagles",18,"FB","James","O'Donnell","CD_I1032966"
23,"Marvel Stadium","Western Bulldogs","West Coast Eagles",20,"C","Ed","Richards","CD_I1008280"
23,"Marvel Stadium","Western Bulldogs","West Coast Eagles",9,"SUB","Ryley","Sanders","CD_I1017939"
23,"Marvel Stadium","Western Bulldogs","West Coast Eagles",14,"FPR","Rhylee","West","CD_I1006127"
23,"Marvel Stadium","Western Bulldogs","West Coast Eagles",34,"WR","Bailey","Williams","CD_I992351"
23,"Marvel Stadium","Western Bulldogs","West Coast Eagles",3,"HBFL","Liam","Baker","CD_I1000223"
23,"Marvel Stadium","Western Bulldogs","West Coast Eagles",33,"CHB","Rhett","Bazzo","CD_I1017718"
23,"Marvel Stadium","Western Bulldogs","West Coast Eagles",41,"FB","Sandy","Brock","CD_I1013315"
23,"Marvel Stadium","Western Bulldogs","West Coast Eagles",10,"INT","Tyler","Brockman","CD_I1013511"
23,"Marvel Stadium","Western Bulldogs","West Coast Eagles",18,"HFFL","Campbell","Chesser","CD_I1017057"
23,"Marvel Stadium","Western Bulldogs","West Coast Eagles",28,"INT","Tom","Cole","CD_I993820"
23,"Marvel Stadium","Western Bulldogs","West Coast Eagles",15,"HFFR","Jamie","Cripps","CD_I290826"
23,"Marvel Stadium","Western Bulldogs","West Coast Eagles",38,"HBFR","Hamish","Davis","CD_I1032624"
23,"Marvel Stadium","Western Bulldogs","West Coast Eagles",25,"RK","Matt","Flynn","CD_I993902"
23,"Marvel Stadium","Western Bulldogs","West Coast Eagles",7,"BPL","Reuben","Ginbey","CD_I1023025"
23,"Marvel Stadium","Western Bulldogs","West Coast Eagles",17,"INT","Jack","Graham","CD_I990827"
23,"Marvel Stadium","Western Bulldogs","West Coast Eagles",29,"WL","Clay","Hall","CD_I1024188"
23,"Marvel Stadium","Western Bulldogs","West Coast Eagles",8,"C","Elijah","Hewett","CD_I1020670"
23,"Marvel Stadium","Western Bulldogs","West Coast Eagles",19,"RR","Brady","Hough","CD_I1023167"
23,"Marvel Stadium","Western Bulldogs","West Coast Eagles",11,"R","Tim","Kelly","CD_I295898"
23,"Marvel Stadium","Western Bulldogs","West Coast Eagles",13,"FPR","Noah","Long","CD_I1023496"
23,"Marvel Stadium","Western Bulldogs","West Coast Eagles",23,"WR","Ryan","Maric","CD_I1029416"
23,"Marvel Stadium","Western Bulldogs","West Coast Eagles",45,"BPR","Tom","McCarthy","CD_I1036124"
23,"Marvel Stadium","Western Bulldogs","West Coast Eagles",46,"SUB","Jacob","Newton","CD_I1022486"
23,"Marvel Stadium","Western Bulldogs","West Coast Eagles",16,"INT","Matthew","Owies","CD_I1013973"
23,"Marvel Stadium","Western Bulldogs","West Coast Eagles",1,"CHF","Liam","Ryan","CD_I1004364"
23,"Marvel Stadium","Western Bulldogs","West Coast Eagles",35,"FF","Jobe","Shanahan","CD_I1031913"
23,"Marvel Stadium","Western Bulldogs","West Coast Eagles",32,"FPL","Bailey J.","Williams","CD_I1006114"
24,"MCG","Essendon","Carlton",46,"CHB","Lachlan","Blakiston","CD_I1028196"
24,"MCG","Essendon","Carlton",36,"WR","Angus","Clarke","CD_I1027284"
24,"MCG","Essendon","Carlton",28,"INT","Xavier","Duursma","CD_I1006096"
24,"MCG","Essendon","Carlton",41,"WL","Saad","El-Hawli","CD_I1015919"
24,"MCG","Essendon","Carlton",17,"RK","Todd","Goldstein","CD_I271129"
24,"MCG","Essendon","Carlton",11,"INT","Jade","Gresham","CD_I298421"
24,"MCG","Essendon","Carlton",35,"HFFL","Matt","Guelfi","CD_I996232"
24,"MCG","Essendon","Carlton",40,"SUB","Zak","Johnson","CD_I1028519"
24,"MCG","Essendon","Carlton",10,"FPR","Isaac","Kako","CD_I1028554"
24,"MCG","Essendon","Carlton",4,"FPL","Kyle","Langford","CD_I298630"
24,"MCG","Essendon","Carlton",34,"INT","Luamon","Lual","CD_I1027706"
24,"MCG","Essendon","Carlton",1,"BPL","Andrew","McGrath","CD_I998102"
24,"MCG","Essendon","Carlton",48,"FF","Liam","McMahon","CD_I1012842"
24,"MCG","Essendon","Carlton",29,"HFFR","Jye","Menzie","CD_I1013201"
24,"MCG","Essendon","Carlton",7,"C","Zach","Merrett","CD_I992016"
24,"MCG","Essendon","Carlton",42,"BPR","Jayden","Nguyen","CD_I1018987"
24,"MCG","Essendon","Carlton",16,"RR","Archie","Perkins","CD_I1015873"
24,"MCG","Essendon","Carlton",25,"FB","Jaxon","Prior","CD_I1009386"
24,"MCG","Essendon","Carlton",27,"HBFL","Mason","Redman","CD_I997078"
24,"MCG","Essendon","Carlton",21,"HBFR","Archie","Roberts","CD_I1023515"
24,"MCG","Essendon","Carlton",9,"R","Dylan","Shiel","CD_I291783"
24,"MCG","Essendon","Carlton",38,"INT","Rhys","Unwin","CD_I1032023"
24,"MCG","Essendon","Carlton",20,"CHF","Peter","Wright","CD_I298289"
24,"MCG","Essendon","Carlton",13,"HFFR","Blake","Acres","CD_I296294"
24,"MCG","Essendon","Carlton",21,"SUB","Lucas","Camporeale","CD_I1022452"
24,"MCG","Essendon","Carlton",32,"BPR","Matthew","Carroll","CD_I1027964"
24,"MCG","Essendon","Carlton",2,"HBFL","Lachlan","Cowan","CD_I1021353"
24,"MCG","Essendon","Carlton",9,"C","Patrick","Cripps","CD_I990704"
24,"MCG","Essendon","Carlton",12,"FF","Tom","De Koning","CD_I1004912"
24,"MCG","Essendon","Carlton",19,"R","Corey","Durdin","CD_I1008510"
24,"MCG","Essendon","Carlton",44,"FPR","Francis","Evans","CD_I1017255"
24,"MCG","Essendon","Carlton",26,"HBFR","Nick","Haynes","CD_I295265"
24,"MCG","Essendon","Carlton",29,"RR","George","Hewett","CD_I294036"
24,"MCG","Essendon","Carlton",4,"WR","Oliver","Hollands","CD_I1023495"
24,"MCG","Essendon","Carlton",10,"CHF","Harry","McKay","CD_I1000953"
24,"MCG","Essendon","Carlton",43,"INT","Ashton","Moir","CD_I1020097"
24,"MCG","Essendon","Carlton",3,"INT","Jesse","Motlop","CD_I1017700"
24,"MCG","Essendon","Carlton",40,"RK","Hudson","O'Keeffe","CD_I1023489"
24,"MCG","Essendon","Carlton",42,"BPL","Adam","Saad","CD_I295461"
24,"MCG","Essendon","Carlton",18,"WL","Sam","Walsh","CD_I1006094"
24,"MCG","Essendon","Carlton",23,"FB","Jacob","Weitering","CD_I993832"
24,"MCG","Essendon","Carlton",38,"INT","Will","White","CD_I1027713"
24,"MCG","Essendon","Carlton",6,"HFFL","Zac","Williams","CD_I294685"
24,"MCG","Essendon","Carlton",35,"INT","Billy","Wilson","CD_I1027678"
24,"MCG","Essendon","Carlton",45,"FPL","Flynn","Young","CD_I1020877"
24,"MCG","Essendon","Carlton",33,"CHB","Lewis","Young","CD_I997316"
24,"MCG","Collingwood","Melbourne",14,"RK","Darcy","Cameron","CD_I990291"
24,"MCG","Collingwood","Melbourne",25,"INT","Jack","Crisp","CD_I293871"
24,"MCG","Collingwood","Melbourne",7,"CHB","Josh","Daicos","CD_I1005054"
24,"MCG","Collingwood","Melbourne",35,"HFFL","Nick","Daicos","CD_I1023261"
24,"MCG","Collingwood","Melbourne",2,"R","Jordan","De Goey","CD_I994185"
24,"MCG","Collingwood","Melbourne",5,"FPL","Jamie","Elliott","CD_I293801"
24,"MCG","Collingwood","Melbourne",17,"BPL","Billy","Frampton","CD_I991773"
24,"MCG","Collingwood","Melbourne",9,"WL","Dan","Houston","CD_I994295"
24,"MCG","Collingwood","Melbourne",38,"BPR","Jeremy","Howe","CD_I291313"
24,"MCG","Collingwood","Melbourne",1,"HFFR","Patrick","Lipinski","CD_I1003130"
24,"MCG","Collingwood","Melbourne",44,"C","Ned","Long","CD_I1017124"
24,"MCG","Collingwood","Melbourne",4,"HBFR","Brayden","Maynard","CD_I992010"
24,"MCG","Collingwood","Melbourne",31,"INT","Beau","McCreery","CD_I1004757"
24,"MCG","Collingwood","Melbourne",11,"INT","Daniel","McStay","CD_I297504"
24,"MCG","Collingwood","Melbourne",28,"CHF","Tim","Membrey","CD_I294596"
24,"MCG","Collingwood","Melbourne",41,"FF","Brody","Mihocek","CD_I291849"
24,"MCG","Collingwood","Melbourne",30,"FB","Darcy","Moore","CD_I298288"
24,"MCG","Collingwood","Melbourne",10,"RR","Scott","Pendlebury","CD_I260257"
24,"MCG","Collingwood","Melbourne",12,"HBFL","Harry","Perryman","CD_I998205"
24,"MCG","Collingwood","Melbourne",3,"INT","Isaac","Quaynor","CD_I1008089"
24,"MCG","Collingwood","Melbourne",8,"FPR","Lachie","Schultz","CD_I1000860"
24,"MCG","Collingwood","Melbourne",22,"WR","Steele","Sidebottom","CD_I280965"
24,"MCG","Collingwood","Melbourne",45,"SUB","Roan","Steele","CD_I1027501"
24,"MCG","Collingwood","Melbourne",17,"HBFR","Jake","Bowey","CD_I1012825"
24,"MCG","Collingwood","Melbourne",37,"HFFR","Kade","Chandler","CD_I1005330"
24,"MCG","Collingwood","Melbourne",46,"WR","Jai","Culley","CD_I1020802"
24,"MCG","Collingwood","Melbourne",31,"CHF","Bayley","Fritsch","CD_I1001438"
24,"MCG","Collingwood","Melbourne",11,"RK","Max","Gawn","CD_I290528"
24,"MCG","Collingwood","Melbourne",22,"INT","Blake","Howes","CD_I1017122"
24,"MCG","Collingwood","Melbourne",15,"WL","Ed","Langdon","CD_I298264"
24,"MCG","Collingwood","Melbourne",19,"RR","Harvey","Langford","CD_I1028546"
24,"MCG","Collingwood","Melbourne",1,"FB","Steven","May","CD_I281085"
24,"MCG","Collingwood","Melbourne",25,"CHB","Tom","McDonald","CD_I291533"
24,"MCG","Collingwood","Melbourne",4,"FPR","Judd","McVee","CD_I1017703"
24,"MCG","Collingwood","Melbourne",18,"HFFL","Jake","Melksham","CD_I280824"
24,"MCG","Collingwood","Melbourne",13,"INT","Clayton","Oliver","CD_I996701"
24,"MCG","Collingwood","Melbourne",5,"C","Christian","Petracca","CD_I298210"
24,"MCG","Collingwood","Melbourne",35,"INT","Harrison","Petty","CD_I1008893"
24,"MCG","Collingwood","Melbourne",36,"FPL","Kysaiah","Pickett","CD_I1008541"
24,"MCG","Collingwood","Melbourne",24,"HBFL","Trent","Rivers","CD_I1009378"
24,"MCG","Collingwood","Melbourne",3,"BPR","Christian","Salem","CD_I296359"
24,"MCG","Collingwood","Melbourne",30,"SUB","Harry","Sharp","CD_I1007099"
24,"MCG","Collingwood","Melbourne",32,"INT","Tom","Sparrow","CD_I999391"
24,"MCG","Collingwood","Melbourne",10,"BPL","Daniel","Turner","CD_I1020959"
24,"MCG","Collingwood","Melbourne",2,"FF","Jacob","van Rooyen","CD_I1017720"
24,"MCG","Collingwood","Melbourne",7,"R","Jack","Viney","CD_I291902"
24,"Adelaide Oval","Port Adelaide","Gold Coast SUNS",21,"BPR","Aliir","Aliir","CD_I294469"
24,"Adelaide Oval","Port Adelaide","Gold Coast SUNS",32,"SUB","Rory","Atkins","CD_I294472"
24,"Adelaide Oval","Port Adelaide","Gold Coast SUNS",5,"INT","Joe","Berry","CD_I1028529"
24,"Adelaide Oval","Port Adelaide","Gold Coast SUNS",10,"C","Travis","Boak","CD_I250365"
24,"Adelaide Oval","Port Adelaide","Gold Coast SUNS",9,"R","Zak","Butters","CD_I1006121"
24,"Adelaide Oval","Port Adelaide","Gold Coast SUNS",33,"CHB","Darcy","Byrne-Jones","CD_I991930"
24,"Adelaide Oval","Port Adelaide","Gold Coast SUNS",28,"WL","Willem","Drew","CD_I1000972"
24,"Adelaide Oval","Port Adelaide","Gold Coast SUNS",6,"INT","Kane","Farrell","CD_I1002253"
24,"Adelaide Oval","Port Adelaide","Gold Coast SUNS",19,"FF","Mitch","Georgiades","CD_I1010174"
24,"Adelaide Oval","Port Adelaide","Gold Coast SUNS",34,"HBFL","Lachie","Jones","CD_I1011583"
24,"Adelaide Oval","Port Adelaide","Gold Coast SUNS",50,"WR","Mani","Liddy","CD_I1008649"
24,"Adelaide Oval","Port Adelaide","Gold Coast SUNS",30,"HFFR","Ollie","Lord","CD_I1012881"
24,"Adelaide Oval","Port Adelaide","Gold Coast SUNS",49,"INT","Ewan","Mackinlay","CD_I1027887"
24,"Adelaide Oval","Port Adelaide","Gold Coast SUNS",41,"CHF","Jed","McEntee","CD_I1004819"
24,"Adelaide Oval","Port Adelaide","Gold Coast SUNS",44,"HBFR","Jackson","Mead","CD_I1005326"
24,"Adelaide Oval","Port Adelaide","Gold Coast SUNS",31,"INT","Christian","Moraes","CD_I1028563"
24,"Adelaide Oval","Port Adelaide","Gold Coast SUNS",48,"FB","Harrison","Ramm","CD_I1027311"
24,"Adelaide Oval","Port Adelaide","Gold Coast SUNS",35,"HFFL","Joe","Richards","CD_I1008239"
24,"Adelaide Oval","Port Adelaide","Gold Coast SUNS",15,"FPL","Willie","Rioli","CD_I296225"
24,"Adelaide Oval","Port Adelaide","Gold Coast SUNS",1,"RR","Connor","Rozee","CD_I1001299"
24,"Adelaide Oval","Port Adelaide","Gold Coast SUNS",24,"RK","Jordon","Sweet","CD_I992330"
24,"Adelaide Oval","Port Adelaide","Gold Coast SUNS",17,"FPR","Jack","Whitlock","CD_I1032053"
24,"Adelaide Oval","Port Adelaide","Gold Coast SUNS",25,"BPL","Brandon","Zerk-Thatcher","CD_I1004034"
24,"Adelaide Oval","Port Adelaide","Gold Coast SUNS",48,"RR","Oscar","Adams","CD_I1015515"
24,"Adelaide Oval","Port Adelaide","Gold Coast SUNS",9,"CHF","Ben","Ainsworth","CD_I998130"
24,"Adelaide Oval","Port Adelaide","Gold Coast SUNS",15,"R","Noah","Anderson","CD_I1009199"
24,"Adelaide Oval","Port Adelaide","Gold Coast SUNS",1,"FB","Mac","Andrew","CD_I1017396"
24,"Adelaide Oval","Port Adelaide","Gold Coast SUNS",35,"HFFR","Connor","Budarick","CD_I1008454"
24,"Adelaide Oval","Port Adelaide","Gold Coast SUNS",25,"BPR","Sam","Collins","CD_I295446"
24,"Adelaide Oval","Port Adelaide","Gold Coast SUNS",5,"INT","Alex","Davies","CD_I1013268"
24,"Adelaide Oval","Port Adelaide","Gold Coast SUNS",50,"FF","Jy","Farrar","CD_I999715"
24,"Adelaide Oval","Port Adelaide","Gold Coast SUNS",8,"WR","Brayden","Fiorini","CD_I993799"
24,"Adelaide Oval","Port Adelaide","Gold Coast SUNS",3,"SUB","Sam","Flanders","CD_I1009260"
24,"Adelaide Oval","Port Adelaide","Gold Coast SUNS",39,"INT","Lachlan","Gulbin","CD_I1029304"
24,"Adelaide Oval","Port Adelaide","Gold Coast SUNS",40,"INT","Joel","Jeffrey","CD_I1005992"
24,"Adelaide Oval","Port Adelaide","Gold Coast SUNS",34,"FPR","Ben","King","CD_I1006144"
24,"Adelaide Oval","Port Adelaide","Gold Coast SUNS",22,"FPL","Ben","Long","CD_I993917"
24,"Adelaide Oval","Port Adelaide","Gold Coast SUNS",11,"HFFL","Touk","Miller","CD_I298272"
24,"Adelaide Oval","Port Adelaide","Gold Coast SUNS",2,"HBFL","John","Noble","CD_I1000072"
24,"Adelaide Oval","Port Adelaide","Gold Coast SUNS",27,"BPL","Wil","Powell","CD_I1007881"
24,"Adelaide Oval","Port Adelaide","Gold Coast SUNS",20,"INT","Ethan","Read","CD_I1027033"
24,"Adelaide Oval","Port Adelaide","Gold Coast SUNS",18,"C","Matt","Rowell","CD_I1009208"
24,"Adelaide Oval","Port Adelaide","Gold Coast SUNS",6,"HBFR","Alex","Sexton","CD_I294643"
24,"Adelaide Oval","Port Adelaide","Gold Coast SUNS",32,"CHB","Bodhi","Uwland","CD_I1017665"
24,"Adelaide Oval","Port Adelaide","Gold Coast SUNS",14,"WL","Lachie","Weller","CD_I298524"
24,"Adelaide Oval","Port Adelaide","Gold Coast SUNS",28,"RK","Jarrod","Witts","CD_I291975"
24,"Marvel Stadium","North Melbourne","Adelaide Crows",45,"INT","Zac","Banch","CD_I1020930"
24,"Marvel Stadium","North Melbourne","Adelaide Crows",30,"BPL","Charlie","Comben","CD_I1015781"
24,"Marvel Stadium","North Melbourne","Adelaide Crows",4,"WL","Aidan","Corr","CD_I294508"
24,"Marvel Stadium","North Melbourne","Adelaide Crows",25,"HFFL","Paul","Curtis","CD_I1002947"
24,"Marvel Stadium","North Melbourne","Adelaide Crows",5,"CHB","Caleb","Daniel","CD_I295136"
24,"Marvel Stadium","North Melbourne","Adelaide Crows",28,"FF","Jack","Darling","CD_I290838"
24,"Marvel Stadium","North Melbourne","Adelaide Crows",9,"C","Luke","Davies-Uniacke","CD_I1002267"
24,"Marvel Stadium","North Melbourne","Adelaide Crows",37,"SUB","Cooper","Harvey","CD_I1020979"
24,"Marvel Stadium","North Melbourne","Adelaide Crows",41,"FPR","Jacob","Konstanty","CD_I1023530"
24,"Marvel Stadium","North Melbourne","Adelaide Crows",19,"BPR","Griffin","Logue","CD_I997933"
24,"Marvel Stadium","North Melbourne","Adelaide Crows",10,"WR","Colby","McKercher","CD_I1024272"
24,"Marvel Stadium","North Melbourne","Adelaide Crows",2,"HBFR","Finn","O'Sullivan","CD_I1028495"
24,"Marvel Stadium","North Melbourne","Adelaide Crows",26,"INT","Luke","Parker","CD_I290778"
24,"Marvel Stadium","North Melbourne","Adelaide Crows",23,"INT","Geordie","Payne","CD_I1027726"
24,"Marvel Stadium","North Melbourne","Adelaide Crows",32,"FB","Toby","Pink","CD_I1002138"
24,"Marvel Stadium","North Melbourne","Adelaide Crows",24,"HBFL","Tom","Powell","CD_I1011659"
24,"Marvel Stadium","North Melbourne","Adelaide Crows",8,"FPL","Bailey","Scott","CD_I1006058"
24,"Marvel Stadium","North Melbourne","Adelaide Crows",3,"RR","Harry","Sheezel","CD_I1023518"
24,"Marvel Stadium","North Melbourne","Adelaide Crows",12,"HFFR","Jy","Simpkin","CD_I993998"
24,"Marvel Stadium","North Melbourne","Adelaide Crows",15,"INT","Dylan","Stephens","CD_I1004848"
24,"Marvel Stadium","North Melbourne","Adelaide Crows",47,"CHF","Cooper","Trembath","CD_I1031988"
24,"Marvel Stadium","North Melbourne","Adelaide Crows",6,"R","George","Wardlaw","CD_I1023477"
24,"Marvel Stadium","North Melbourne","Adelaide Crows",38,"RK","Tristan","Xerri","CD_I1004965"
24,"Marvel Stadium","North Melbourne","Adelaide Crows",3,"RR","Sam","Berry","CD_I1012807"
24,"Marvel Stadium","North Melbourne","Adelaide Crows",40,"BPR","Hugh","Bond","CD_I1023534"
24,"Marvel Stadium","North Melbourne","Adelaide Crows",44,"WL","Isaac","Cumming","CD_I1001396"
24,"Marvel Stadium","North Melbourne","Adelaide Crows",6,"WR","Daniel","Curtin","CD_I1024023"
24,"Marvel Stadium","North Melbourne","Adelaide Crows",12,"C","Jordan","Dawson","CD_I992242"
24,"Marvel Stadium","North Melbourne","Adelaide Crows",31,"INT","Billy","Dowling","CD_I1015329"
24,"Marvel Stadium","North Melbourne","Adelaide Crows",34,"INT","Sid","Draper","CD_I1022607"
24,"Marvel Stadium","North Melbourne","Adelaide Crows",32,"FPR","Darcy","Fogarty","CD_I999331"
24,"Marvel Stadium","North Melbourne","Adelaide Crows",20,"INT","Mitchell","Hinge","CD_I1004863"
24,"Marvel Stadium","North Melbourne","Adelaide Crows",48,"FB","Mark","Keane","CD_I1013974"
24,"Marvel Stadium","North Melbourne","Adelaide Crows",2,"HFFL","Ben","Keays","CD_I993946"
24,"Marvel Stadium","North Melbourne","Adelaide Crows",29,"HBFR","Rory","Laird","CD_I293222"
24,"Marvel Stadium","North Melbourne","Adelaide Crows",30,"HBFL","Wayne","Milera","CD_I990882"
24,"Marvel Stadium","North Melbourne","Adelaide Crows",9,"CHB","Nick","Murray","CD_I1008230"
24,"Marvel Stadium","North Melbourne","Adelaide Crows",28,"HFFR","Alex","Neal-Bullen","CD_I296420"
24,"Marvel Stadium","North Melbourne","Adelaide Crows",43,"RK","Reilly","O'Brien","CD_I297523"
24,"Marvel Stadium","North Melbourne","Adelaide Crows",25,"INT","James","Peatling","CD_I1006013"
24,"Marvel Stadium","North Melbourne","Adelaide Crows",33,"SUB","Brodie","Smith","CD_I291748"
24,"Marvel Stadium","North Melbourne","Adelaide Crows",14,"R","Jake","Soligo","CD_I1017109"
24,"Marvel Stadium","North Melbourne","Adelaide Crows",19,"FPL","Zac","Taylor","CD_I1017065"
24,"Marvel Stadium","North Melbourne","Adelaide Crows",7,"CHF","Riley","Thilthorpe","CD_I1008384"
24,"Marvel Stadium","North Melbourne","Adelaide Crows",13,"FF","Taylor","Walker","CD_I280506"
24,"Marvel Stadium","North Melbourne","Adelaide Crows",24,"BPL","Josh","Worrell","CD_I1011981"
24,"MCG","Richmond","Geelong Cats",34,"FPL","Harry","Armstrong","CD_I1028525"
24,"MCG","Richmond","Geelong Cats",21,"INT","Noah","Balta","CD_I1002245"
24,"MCG","Richmond","Geelong Cats",41,"CHB","Sam","Banks","CD_I1013197"
24,"MCG","Richmond","Geelong Cats",35,"HBFL","Nathan","Broad","CD_I295203"
24,"MCG","Richmond","Geelong Cats",30,"INT","Tom","Brown","CD_I1017086"
24,"MCG","Richmond","Geelong Cats",44,"HFFR","Seth","Campbell","CD_I1023275"
24,"MCG","Richmond","Geelong Cats",18,"BPL","Josh","Gibcus","CD_I1017059"
24,"MCG","Richmond","Geelong Cats",2,"R","Jacob","Hopper","CD_I993903"
24,"MCG","Richmond","Geelong Cats",24,"CHF","Taj","Hotton","CD_I1032106"
24,"MCG","Richmond","Geelong Cats",19,"FF","Tom","Lynch","CD_I293813"
24,"MCG","Richmond","Geelong Cats",7,"FPR","Rhyan","Mansell","CD_I1008478"
24,"MCG","Richmond","Geelong Cats",33,"WL","Kamdyn","McIntosh","CD_I294592"
24,"MCG","Richmond","Geelong Cats",12,"BPR","Ben","Miller","CD_I1002403"
24,"MCG","Richmond","Geelong Cats",25,"RK","Toby","Nankervis","CD_I298174"
24,"MCG","Richmond","Geelong Cats",3,"C","Dion","Prestia","CD_I290627"
24,"MCG","Richmond","Geelong Cats",17,"HFFL","Maurice","Rioli","CD_I1009551"
24,"MCG","Richmond","Geelong Cats",5,"INT","Jack","Ross","CD_I1006133"
24,"MCG","Richmond","Geelong Cats",15,"HBFR","Jayden","Short","CD_I992049"
24,"MCG","Richmond","Geelong Cats",40,"INT","Tyler","Sonsie","CD_I1017114"
24,"MCG","Richmond","Geelong Cats",14,"RR","Tim","Taranto","CD_I998172"
24,"MCG","Richmond","Geelong Cats",31,"SUB","Luke","Trainor","CD_I1028521"
24,"MCG","Richmond","Geelong Cats",36,"WR","James","Trezise","CD_I1031829"
24,"MCG","Richmond","Geelong Cats",45,"FB","Tylar","Young","CD_I1018433"
24,"MCG","Richmond","Geelong Cats",30,"RR","Tom","Atkins","CD_I994386"
24,"MCG","Richmond","Geelong Cats",24,"INT","Jed","Bews","CD_I293883"
24,"MCG","Richmond","Geelong Cats",46,"WL","Mark","Blicavs","CD_I296733"
24,"MCG","Richmond","Geelong Cats",12,"HFFR","Jack","Bowes","CD_I998260"
24,"MCG","Richmond","Geelong Cats",5,"FF","Jeremy","Cameron","CD_I293845"
24,"MCG","Richmond","Geelong Cats",45,"HFFL","Brad","Close","CD_I999326"
24,"MCG","Richmond","Geelong Cats",35,"FPL","Patrick","Dangerfield","CD_I270917"
24,"MCG","Richmond","Geelong Cats",16,"FB","Sam","De Koning","CD_I1009229"
24,"MCG","Richmond","Geelong Cats",28,"WR","Oliver","Dempsey","CD_I1025034"
24,"MCG","Richmond","Geelong Cats",39,"HBFL","Zach","Guthrie","CD_I1004870"
24,"MCG","Richmond","Geelong Cats",38,"BPL","Jack","Henry","CD_I1000937"
24,"MCG","Richmond","Geelong Cats",9,"C","Max","Holmes","CD_I1015889"
24,"MCG","Richmond","Geelong Cats",17,"HBFR","Lawson","Humphries","CD_I1013464"
24,"MCG","Richmond","Geelong Cats",10,"SUB","Mitch","Knevitt","CD_I1021103"
24,"MCG","Richmond","Geelong Cats",7,"CHF","Shaun","Mannagh","CD_I993878"
24,"MCG","Richmond","Geelong Cats",19,"INT","Jack","Martin","CD_I296190"
24,"MCG","Richmond","Geelong Cats",32,"INT","Gryan","Miers","CD_I1004938"
24,"MCG","Richmond","Geelong Cats",34,"INT","Oisin","Mullin","CD_I1024982"
24,"MCG","Richmond","Geelong Cats",14,"BPR","Connor","O'Sullivan","CD_I1027877"
24,"MCG","Richmond","Geelong Cats",3,"R","Bailey","Smith","CD_I1006130"
24,"MCG","Richmond","Geelong Cats",1,"RK","Rhys","Stanley","CD_I280317"
24,"MCG","Richmond","Geelong Cats",18,"FPR","Tyson","Stengle","CD_I997230"
24,"MCG","Richmond","Geelong Cats",44,"CHB","Tom","Stewart","CD_I291800"
24,"Optus Stadium","West Coast Eagles","Sydney Swans",3,"HBFR","Liam","Baker","CD_I1000223"
24,"Optus Stadium","West Coast Eagles","Sydney Swans",33,"BPL","Rhett","Bazzo","CD_I1017718"
24,"Optus Stadium","West Coast Eagles","Sydney Swans",41,"FB","Sandy","Brock","CD_I1013315"
24,"Optus Stadium","West Coast Eagles","Sydney Swans",10,"INT","Tyler","Brockman","CD_I1013511"
24,"Optus Stadium","West Coast Eagles","Sydney Swans",18,"WL","Campbell","Chesser","CD_I1017057"
24,"Optus Stadium","West Coast Eagles","Sydney Swans",28,"INT","Tom","Cole","CD_I993820"
24,"Optus Stadium","West Coast Eagles","Sydney Swans",15,"FPR","Jamie","Cripps","CD_I290826"
24,"Optus Stadium","West Coast Eagles","Sydney Swans",38,"HFFR","Hamish","Davis","CD_I1032624"
24,"Optus Stadium","West Coast Eagles","Sydney Swans",43,"SUB","Tyrell","Dewar","CD_I1023142"
24,"Optus Stadium","West Coast Eagles","Sydney Swans",25,"RK","Matt","Flynn","CD_I993902"
24,"Optus Stadium","West Coast Eagles","Sydney Swans",7,"CHB","Reuben","Ginbey","CD_I1023025"
24,"Optus Stadium","West Coast Eagles","Sydney Swans",17,"RR","Jack","Graham","CD_I990827"
24,"Optus Stadium","West Coast Eagles","Sydney Swans",31,"HBFL","Lucca","Grego","CD_I1018992"
24,"Optus Stadium","West Coast Eagles","Sydney Swans",29,"INT","Clay","Hall","CD_I1024188"
24,"Optus Stadium","West Coast Eagles","Sydney Swans",8,"R","Elijah","Hewett","CD_I1020670"
24,"Optus Stadium","West Coast Eagles","Sydney Swans",19,"BPR","Brady","Hough","CD_I1023167"
24,"Optus Stadium","West Coast Eagles","Sydney Swans",11,"C","Tim","Kelly","CD_I295898"
24,"Optus Stadium","West Coast Eagles","Sydney Swans",13,"FPL","Noah","Long","CD_I1023496"
24,"Optus Stadium","West Coast Eagles","Sydney Swans",45,"WR","Tom","McCarthy","CD_I1036124"
24,"Optus Stadium","West Coast Eagles","Sydney Swans",46,"INT","Jacob","Newton","CD_I1022486"
24,"Optus Stadium","West Coast Eagles","Sydney Swans",1,"HFFL","Liam","Ryan","CD_I1004364"
24,"Optus Stadium","West Coast Eagles","Sydney Swans",35,"FF","Jobe","Shanahan","CD_I1031913"
24,"Optus Stadium","West Coast Eagles","Sydney Swans",32,"CHF","Bailey J.","Williams","CD_I1006114"
24,"Optus Stadium","West Coast Eagles","Sydney Swans",26,"SUB","Riley","Bice","CD_I1008224"
24,"Optus Stadium","West Coast Eagles","Sydney Swans",22,"CHB","Nick","Blakey","CD_I1006028"
24,"Optus Stadium","West Coast Eagles","Sydney Swans",39,"FF","Jack","Buller","CD_I1009392"
24,"Optus Stadium","West Coast Eagles","Sydney Swans",16,"HFFR","Braeden","Campbell","CD_I1013133"
24,"Optus Stadium","West Coast Eagles","Sydney Swans",7,"INT","Harry","Cunningham","CD_I291978"
24,"Optus Stadium","West Coast Eagles","Sydney Swans",13,"WL","Oliver","Florent","CD_I998103"
24,"Optus Stadium","West Coast Eagles","Sydney Swans",4,"RK","Brodie","Grundy","CD_I293957"
24,"Optus Stadium","West Coast Eagles","Sydney Swans",21,"WR","Errol","Gulden","CD_I1013128"
24,"Optus Stadium","West Coast Eagles","Sydney Swans",9,"FPL","Will","Hayward","CD_I997100"
24,"Optus Stadium","West Coast Eagles","Sydney Swans",5,"RR","Isaac","Heeney","CD_I298539"
24,"Optus Stadium","West Coast Eagles","Sydney Swans",17,"R","James","Jordon","CD_I1013409"
24,"Optus Stadium","West Coast Eagles","Sydney Swans",44,"HFFL","Jake","Lloyd","CD_I295342"
24,"Optus Stadium","West Coast Eagles","Sydney Swans",30,"BPR","Tom","McCartin","CD_I1008198"
24,"Optus Stadium","West Coast Eagles","Sydney Swans",2,"CHF","Hayden","McLean","CD_I1003203"
24,"Optus Stadium","West Coast Eagles","Sydney Swans",43,"FB","Lewis","Melican","CD_I996743"
24,"Optus Stadium","West Coast Eagles","Sydney Swans",14,"BPL","Callum","Mills","CD_I993905"
24,"Optus Stadium","West Coast Eagles","Sydney Swans",11,"FPR","Tom","Papley","CD_I996765"
24,"Optus Stadium","West Coast Eagles","Sydney Swans",24,"HBFL","Dane","Rampe","CD_I290307"
24,"Optus Stadium","West Coast Eagles","Sydney Swans",8,"INT","James","Rowbottom","CD_I1006126"
24,"Optus Stadium","West Coast Eagles","Sydney Swans",12,"INT","Angus","Sheldrick","CD_I1020339"
24,"Optus Stadium","West Coast Eagles","Sydney Swans",1,"C","Chad","Warner","CD_I1012014"
24,"Optus Stadium","West Coast Eagles","Sydney Swans",37,"INT","Corey","Warner","CD_I1018424"
24,"Optus Stadium","West Coast Eagles","Sydney Swans",15,"HBFR","Sam","Wicks","CD_I1006232"
24,"ENGIE Stadium","GWS GIANTS","St Kilda",21,"CHB","Leek","Aleer","CD_I1008691"
24,"ENGIE Stadium","GWS GIANTS","St Kilda",9,"WR","Ryan","Angwin","CD_I1015777"
24,"ENGIE Stadium","GWS GIANTS","St Kilda",7,"HBFR","Lachie","Ash","CD_I1009253"
24,"ENGIE Stadium","GWS GIANTS","St Kilda",14,"HFFL","Toby","Bedford","CD_I1008139"
24,"ENGIE Stadium","GWS GIANTS","St Kilda",32,"RK","Kieren","Briggs","CD_I1008436"
24,"ENGIE Stadium","GWS GIANTS","St Kilda",46,"FPR","Callum","Brown","CD_I1014038"
24,"ENGIE Stadium","GWS GIANTS","St Kilda",5,"CHF","Aaron","Cadman","CD_I1019038"
24,"ENGIE Stadium","GWS GIANTS","St Kilda",17,"RR","Finn","Callaghan","CD_I1023266"
24,"ENGIE Stadium","GWS GIANTS","St Kilda",3,"C","Stephen","Coniglio","CD_I291969"
24,"ENGIE Stadium","GWS GIANTS","St Kilda",37,"INT","Joe","Fonti","CD_I1032629"
24,"ENGIE Stadium","GWS GIANTS","St Kilda",12,"R","Tom","Green","CD_I1009528"
24,"ENGIE Stadium","GWS GIANTS","St Kilda",4,"FPL","Toby","Greene","CD_I295344"
24,"ENGIE Stadium","GWS GIANTS","St Kilda",35,"INT","Max","Gruzewski","CD_I1027921"
24,"ENGIE Stadium","GWS GIANTS","St Kilda",27,"BPR","Harry","Himmelberg","CD_I993107"
24,"ENGIE Stadium","GWS GIANTS","St Kilda",39,"BPL","Connor","Idun","CD_I1008083"
24,"ENGIE Stadium","GWS GIANTS","St Kilda",2,"HFFR","Darcy","Jones","CD_I1020650"
24,"ENGIE Stadium","GWS GIANTS","St Kilda",33,"INT","Xavier","O'Halloran","CD_I1006135"
24,"ENGIE Stadium","GWS GIANTS","St Kilda",26,"FF","Jake","Riccardi","CD_I1008123"
24,"ENGIE Stadium","GWS GIANTS","St Kilda",24,"INT","Harry","Rowston","CD_I1021122"
24,"ENGIE Stadium","GWS GIANTS","St Kilda",15,"FB","Sam","Taylor","CD_I1005247"
24,"ENGIE Stadium","GWS GIANTS","St Kilda",1,"WL","Harvey","Thomas","CD_I1027925"
24,"ENGIE Stadium","GWS GIANTS","St Kilda",10,"SUB","Jacob","Wehr","CD_I1004530"
24,"ENGIE Stadium","GWS GIANTS","St Kilda",6,"HBFL","Lachie","Whitfield","CD_I294305"
24,"ENGIE Stadium","GWS GIANTS","St Kilda",38,"C","Hugh","Boxshall","CD_I1029148"
24,"ENGIE Stadium","GWS GIANTS","St Kilda",47,"BPR","Anthony","Caminiti","CD_I1023784"
24,"ENGIE Stadium","GWS GIANTS","St Kilda",4,"INT","Lance","Collard","CD_I1017959"
24,"ENGIE Stadium","GWS GIANTS","St Kilda",34,"CHF","Hugo","Garcia","CD_I1027790"
24,"ENGIE Stadium","GWS GIANTS","St Kilda",40,"HFFL","Max","Hall","CD_I1020855"
24,"ENGIE Stadium","GWS GIANTS","St Kilda",1,"FPL","Jack","Higgins","CD_I1002227"
24,"ENGIE Stadium","GWS GIANTS","St Kilda",8,"WR","Bradley","Hill","CD_I295584"
24,"ENGIE Stadium","GWS GIANTS","St Kilda",3,"INT","Zak","Jones","CD_I991988"
24,"ENGIE Stadium","GWS GIANTS","St Kilda",17,"FF","Isaac","Keeler","CD_I1015323"
24,"ENGIE Stadium","GWS GIANTS","St Kilda",6,"SUB","Jack","Macrae","CD_I295467"
24,"ENGIE Stadium","GWS GIANTS","St Kilda",19,"RK","Rowan","Marshall","CD_I992468"
24,"ENGIE Stadium","GWS GIANTS","St Kilda",25,"INT","Mattaes","Phillipou","CD_I1020137"
24,"ENGIE Stadium","GWS GIANTS","St Kilda",43,"FPR","Cooper","Sharman","CD_I1018018"
24,"ENGIE Stadium","GWS GIANTS","St Kilda",35,"HBFR","Jack","Sinclair","CD_I994389"
24,"ENGIE Stadium","GWS GIANTS","St Kilda",9,"RR","Jack","Steele","CD_I296205"
24,"ENGIE Stadium","GWS GIANTS","St Kilda",14,"HBFL","Liam","Stocker","CD_I1008312"
24,"ENGIE Stadium","GWS GIANTS","St Kilda",26,"BPL","Alixzander","Tauru","CD_I1030433"
24,"ENGIE Stadium","GWS GIANTS","St Kilda",5,"INT","Tobie","Travaglia","CD_I1028538"
24,"ENGIE Stadium","GWS GIANTS","St Kilda",7,"CHB","Nasiah","Wanganeen-Milera","CD_I1015507"
24,"ENGIE Stadium","GWS GIANTS","St Kilda",44,"FB","Callum","Wilkie","CD_I296422"
24,"ENGIE Stadium","GWS GIANTS","St Kilda",22,"HFFR","Darcy","Wilson","CD_I1027875"
24,"ENGIE Stadium","GWS GIANTS","St Kilda",2,"R","Marcus","Windhager","CD_I1023270"
24,"ENGIE Stadium","GWS GIANTS","St Kilda",32,"WL","Mason","Wood","CD_I295340"
24,"Marvel Stadium","Western Bulldogs","Fremantle",13,"HFFL","Oskar","Baker","CD_I1008855"
24,"Marvel Stadium","Western Bulldogs","Fremantle",4,"RR","Marcus","Bontempelli","CD_I297373"
24,"Marvel Stadium","Western Bulldogs","Fremantle",29,"BPL","Lachlan","Bramble","CD_I1000864"
24,"Marvel Stadium","Western Bulldogs","Fremantle",5,"HBFL","Jedd","Busslinger","CD_I1023017"
24,"Marvel Stadium","Western Bulldogs","Fremantle",36,"INT","Luke","Cleary","CD_I1015929"
24,"Marvel Stadium","Western Bulldogs","Fremantle",16,"WL","Jordan","Croft","CD_I1013996"
24,"Marvel Stadium","Western Bulldogs","Fremantle",31,"BPR","Bailey","Dale","CD_I996708"
24,"Marvel Stadium","Western Bulldogs","Fremantle",10,"FF","Sam","Darcy","CD_I1017126"
24,"Marvel Stadium","Western Bulldogs","Fremantle",42,"INT","Sam","Davidson","CD_I1036123"
24,"Marvel Stadium","Western Bulldogs","Fremantle",44,"RK","Tim","English","CD_I1004592"
24,"Marvel Stadium","Western Bulldogs","Fremantle",27,"INT","Joel","Freijah","CD_I1027704"
24,"Marvel Stadium","Western Bulldogs","Fremantle",38,"FPL","Riley","Garcia","CD_I1006533"
24,"Marvel Stadium","Western Bulldogs","Fremantle",39,"HBFR","Jason","Johannisen","CD_I294101"
24,"Marvel Stadium","Western Bulldogs","Fremantle",32,"SUB","Arthur","Jones","CD_I1020586"
24,"Marvel Stadium","Western Bulldogs","Fremantle",8,"HFFR","Matthew","Kennedy","CD_I1001398"
24,"Marvel Stadium","Western Bulldogs","Fremantle",21,"R","Tom","Liberatore","CD_I290799"
24,"Marvel Stadium","Western Bulldogs","Fremantle",7,"CHB","Rory","Lobb","CD_I990740"
24,"Marvel Stadium","Western Bulldogs","Fremantle",30,"INT","Lachlan","McNeil","CD_I1009015"
24,"Marvel Stadium","Western Bulldogs","Fremantle",33,"CHF","Aaron","Naughton","CD_I1002404"
24,"Marvel Stadium","Western Bulldogs","Fremantle",18,"FB","James","O'Donnell","CD_I1032966"
24,"Marvel Stadium","Western Bulldogs","Fremantle",20,"C","Ed","Richards","CD_I1008280"
24,"Marvel Stadium","Western Bulldogs","Fremantle",14,"FPR","Rhylee","West","CD_I1006127"
24,"Marvel Stadium","Western Bulldogs","Fremantle",34,"WR","Bailey","Williams","CD_I992351"
24,"Marvel Stadium","Western Bulldogs","Fremantle",24,"FPL","Jye","Amiss","CD_I1020594"
24,"Marvel Stadium","Western Bulldogs","Fremantle",41,"INT","Bailey","Banfield","CD_I998180"
24,"Marvel Stadium","Western Bulldogs","Fremantle",15,"C","Shai","Bolton","CD_I993993"
24,"Marvel Stadium","Western Bulldogs","Fremantle",8,"R","Andrew","Brayshaw","CD_I1002232"
24,"Marvel Stadium","Western Bulldogs","Fremantle",5,"HBFL","Heath","Chapman","CD_I1013224"
24,"Marvel Stadium","Western Bulldogs","Fremantle",6,"HBFR","Jordan","Clark","CD_I1006152"
24,"Marvel Stadium","Western Bulldogs","Fremantle",36,"FB","Brennan","Cox","CD_I997033"
24,"Marvel Stadium","Western Bulldogs","Fremantle",4,"INT","Sean","Darcy","CD_I998145"
24,"Marvel Stadium","Western Bulldogs","Fremantle",28,"INT","Neil","Erasmus","CD_I1020250"
24,"Marvel Stadium","Western Bulldogs","Fremantle",32,"FPR","Michael","Frederick","CD_I999321"
24,"Marvel Stadium","Western Bulldogs","Fremantle",7,"SUB","Nat","Fyfe","CD_I291570"
24,"Marvel Stadium","Western Bulldogs","Fremantle",9,"RK","Luke","Jackson","CD_I1009399"
24,"Marvel Stadium","Western Bulldogs","Fremantle",2,"WL","Jaeger","O'Meara","CD_I294613"
24,"Marvel Stadium","Western Bulldogs","Fremantle",25,"BPR","Alex","Pearce","CD_I298409"
24,"Marvel Stadium","Western Bulldogs","Fremantle",16,"HFFR","Murphy","Reid","CD_I1028513"
24,"Marvel Stadium","Western Bulldogs","Fremantle",13,"BPL","Luke","Ryan","CD_I998659"
24,"Marvel Stadium","Western Bulldogs","Fremantle",3,"RR","Caleb","Serong","CD_I1009420"
24,"Marvel Stadium","Western Bulldogs","Fremantle",39,"HFFL","Sam","Switkowski","CD_I992059"
24,"Marvel Stadium","Western Bulldogs","Fremantle",35,"FF","Josh","Treacy","CD_I1012819"
24,"Marvel Stadium","Western Bulldogs","Fremantle",20,"CHF","Patrick","Voss","CD_I1017754"
24,"Marvel Stadium","Western Bulldogs","Fremantle",34,"WR","Corey","Wagner","CD_I993940"
24,"Marvel Stadium","Western Bulldogs","Fremantle",23,"CHB","Karl","Worner","CD_I1021015"
24,"Marvel Stadium","Western Bulldogs","Fremantle",26,"INT","Hayden","Young","CD_I1009256"
24,"Gabba","Brisbane Lions","Hawthorn",4,"HFFR","Callum","Ah Chee","CD_I298437"
24,"Gabba","Brisbane Lions","Hawthorn",31,"CHB","Harris","Andrews","CD_I996059"
24,"Gabba","Brisbane Lions","Hawthorn",10,"INT","Levi","Ashcroft","CD_I1028560"
24,"Gabba","Brisbane Lions","Hawthorn",8,"R","Will","Ashcroft","CD_I1023517"
24,"Gabba","Brisbane Lions","Hawthorn",33,"WL","Zac","Bailey","CD_I1002312"
24,"Gabba","Brisbane Lions","Hawthorn",23,"HFFL","Charlie","Cameron","CD_I990609"
24,"Gabba","Brisbane Lions","Hawthorn",14,"CHF","Sam","Day","CD_I291753"
24,"Gabba","Brisbane Lions","Hawthorn",5,"RR","Josh","Dunkley","CD_I993834"
24,"Gabba","Brisbane Lions","Hawthorn",3,"INT","Jaspa","Fletcher","CD_I1023708"
24,"Gabba","Brisbane Lions","Hawthorn",32,"RK","Darcy","Fort","CD_I298211"
24,"Gabba","Brisbane Lions","Hawthorn",22,"INT","Ty","Gallop","CD_I1034411"
24,"Gabba","Brisbane Lions","Hawthorn",27,"FB","Darcy","Gardiner","CD_I296269"
24,"Gabba","Brisbane Lions","Hawthorn",35,"BPR","Ryan","Lester","CD_I291548"
24,"Gabba","Brisbane Lions","Hawthorn",1,"FPR","Kai","Lohmann","CD_I1014026"
24,"Gabba","Brisbane Lions","Hawthorn",20,"INT","Sam","Marshall","CD_I1028520"
24,"Gabba","Brisbane Lions","Hawthorn",6,"C","Hugh","McCluggage","CD_I1000978"
24,"Gabba","Brisbane Lions","Hawthorn",13,"FF","Logan","Morris","CD_I1028019"
24,"Gabba","Brisbane Lions","Hawthorn",16,"FPL","Cam","Rayner","CD_I1002235"
24,"Gabba","Brisbane Lions","Hawthorn",38,"WR","Bruce","Reville","CD_I1009317"
24,"Gabba","Brisbane Lions","Hawthorn",37,"HBFR","Brandon","Starcevich","CD_I1002401"
24,"Gabba","Brisbane Lions","Hawthorn",29,"SUB","James","Tunstill","CD_I1021108"
24,"Gabba","Brisbane Lions","Hawthorn",44,"HBFL","Darcy","Wilmot","CD_I1017067"
24,"Gabba","Brisbane Lions","Hawthorn",15,"BPL","Dayne","Zorko","CD_I261224"
24,"Gabba","Brisbane Lions","Hawthorn",10,"WL","Karl","Amon","CD_I297354"
24,"Gabba","Brisbane Lions","Hawthorn",37,"FB","Tom","Barrass","CD_I990290"
24,"Gabba","Brisbane Lions","Hawthorn",24,"BPL","Josh","Battle","CD_I998134"
24,"Gabba","Brisbane Lions","Hawthorn",22,"SUB","Luke","Breust","CD_I280744"
24,"Gabba","Brisbane Lions","Hawthorn",18,"CHF","Mabior","Chol","CD_I994077"
24,"Gabba","Brisbane Lions","Hawthorn",16,"HFFL","Massimo","D'Ambrosio","CD_I1005144"
24,"Gabba","Brisbane Lions","Hawthorn",35,"INT","Calsher","Dear","CD_I1032100"
24,"Gabba","Brisbane Lions","Hawthorn",33,"FPR","Jack","Ginnivan","CD_I1012857"
24,"Gabba","Brisbane Lions","Hawthorn",19,"FPL","Jack","Gunston","CD_I291351"
24,"Gabba","Brisbane Lions","Hawthorn",15,"BPR","Blake","Hardwick","CD_I993794"
24,"Gabba","Brisbane Lions","Hawthorn",4,"HBFL","Jarman","Impey","CD_I296254"
24,"Gabba","Brisbane Lions","Hawthorn",9,"HBFR","Changkuoth","Jiath","CD_I998390"
24,"Gabba","Brisbane Lions","Hawthorn",2,"FF","Mitch","Lewis","CD_I1000887"
24,"Gabba","Brisbane Lions","Hawthorn",31,"INT","Connor","Macdonald","CD_I1017094"
24,"Gabba","Brisbane Lions","Hawthorn",17,"RK","Lloyd","Meek","CD_I1000980"
24,"Gabba","Brisbane Lions","Hawthorn",13,"WR","Dylan","Moore","CD_I1006314"
24,"Gabba","Brisbane Lions","Hawthorn",11,"INT","Conor","Nash","CD_I1007124"
24,"Gabba","Brisbane Lions","Hawthorn",3,"RR","Jai","Newcombe","CD_I1020895"
24,"Gabba","Brisbane Lions","Hawthorn",14,"INT","Jack","Scrimshaw","CD_I998114"
24,"Gabba","Brisbane Lions","Hawthorn",6,"CHB","James","Sicily","CD_I297566"
24,"Gabba","Brisbane Lions","Hawthorn",25,"R","Josh","Ward","CD_I1017110"
24,"Gabba","Brisbane Lions","Hawthorn",34,"HFFR","Nick","Watson","CD_I1023473"
24,"Gabba","Brisbane Lions","Hawthorn",5,"C","James","Worpel","CD_I1002222"
24,"People First Stadium","Gold Coast SUNS","Essendon",9,"CHF","Ben","Ainsworth","CD_I998130"
24,"People First Stadium","Gold Coast SUNS","Essendon",15,"R","Noah","Anderson","CD_I1009199"
24,"People First Stadium","Gold Coast SUNS","Essendon",1,"CHB","Mac","Andrew","CD_I1017396"
24,"People First Stadium","Gold Coast SUNS","Essendon",35,"INT","Connor","Budarick","CD_I1008454"
24,"People First Stadium","Gold Coast SUNS","Essendon",25,"BPR","Sam","Collins","CD_I295446"
24,"People First Stadium","Gold Coast SUNS","Essendon",5,"RR","Alex","Davies","CD_I1013268"
24,"People First Stadium","Gold Coast SUNS","Essendon",50,"FF","Jy","Farrar","CD_I999715"
24,"People First Stadium","Gold Coast SUNS","Essendon",8,"WR","Brayden","Fiorini","CD_I993799"
24,"People First Stadium","Gold Coast SUNS","Essendon",3,"INT","Sam","Flanders","CD_I1009260"
24,"People First Stadium","Gold Coast SUNS","Essendon",19,"HFFR","Bailey","Humphrey","CD_I1023500"
24,"People First Stadium","Gold Coast SUNS","Essendon",40,"INT","Joel","Jeffrey","CD_I1005992"
24,"People First Stadium","Gold Coast SUNS","Essendon",34,"FPR","Ben","King","CD_I1006144"
24,"People First Stadium","Gold Coast SUNS","Essendon",22,"FPL","Ben","Long","CD_I993917"
24,"People First Stadium","Gold Coast SUNS","Essendon",11,"HFFL","Touk","Miller","CD_I298272"
24,"People First Stadium","Gold Coast SUNS","Essendon",2,"HBFL","John","Noble","CD_I1000072"
24,"People First Stadium","Gold Coast SUNS","Essendon",27,"BPL","Wil","Powell","CD_I1007881"
24,"People First Stadium","Gold Coast SUNS","Essendon",20,"INT","Ethan","Read","CD_I1027033"
24,"People First Stadium","Gold Coast SUNS","Essendon",17,"HBFR","Daniel","Rioli","CD_I1000981"
24,"People First Stadium","Gold Coast SUNS","Essendon",29,"SUB","Jake","Rogers","CD_I1018123"
24,"People First Stadium","Gold Coast SUNS","Essendon",18,"C","Matt","Rowell","CD_I1009208"
24,"People First Stadium","Gold Coast SUNS","Essendon",32,"FB","Bodhi","Uwland","CD_I1017665"
24,"People First Stadium","Gold Coast SUNS","Essendon",14,"WL","Lachie","Weller","CD_I298524"
24,"People First Stadium","Gold Coast SUNS","Essendon",28,"RK","Jarrod","Witts","CD_I291975"
24,"People First Stadium","Gold Coast SUNS","Essendon",46,"INT","Lachlan","Blakiston","CD_I1028196"
24,"People First Stadium","Gold Coast SUNS","Essendon",36,"HFFL","Angus","Clarke","CD_I1027284"
24,"People First Stadium","Gold Coast SUNS","Essendon",22,"HFFR","Sam","Durham","CD_I1015810"
24,"People First Stadium","Gold Coast SUNS","Essendon",28,"WL","Xavier","Duursma","CD_I1006096"
24,"People First Stadium","Gold Coast SUNS","Essendon",41,"FF","Saad","El-Hawli","CD_I1015919"
24,"People First Stadium","Gold Coast SUNS","Essendon",17,"RK","Todd","Goldstein","CD_I271129"
24,"People First Stadium","Gold Coast SUNS","Essendon",35,"INT","Matt","Guelfi","CD_I996232"
24,"People First Stadium","Gold Coast SUNS","Essendon",10,"FPR","Isaac","Kako","CD_I1028554"
24,"People First Stadium","Gold Coast SUNS","Essendon",4,"FPL","Kyle","Langford","CD_I298630"
24,"People First Stadium","Gold Coast SUNS","Essendon",15,"FB","Jayden","Laverde","CD_I298280"
24,"People First Stadium","Gold Coast SUNS","Essendon",34,"WR","Luamon","Lual","CD_I1027706"
24,"People First Stadium","Gold Coast SUNS","Essendon",1,"BPL","Andrew","McGrath","CD_I998102"
24,"People First Stadium","Gold Coast SUNS","Essendon",48,"INT","Liam","McMahon","CD_I1012842"
24,"People First Stadium","Gold Coast SUNS","Essendon",29,"RR","Jye","Menzie","CD_I1013201"
24,"People First Stadium","Gold Coast SUNS","Essendon",7,"C","Zach","Merrett","CD_I992016"
24,"People First Stadium","Gold Coast SUNS","Essendon",42,"BPR","Jayden","Nguyen","CD_I1018987"
24,"People First Stadium","Gold Coast SUNS","Essendon",16,"INT","Archie","Perkins","CD_I1015873"
24,"People First Stadium","Gold Coast SUNS","Essendon",25,"CHB","Jaxon","Prior","CD_I1009386"
24,"People First Stadium","Gold Coast SUNS","Essendon",27,"HBFL","Mason","Redman","CD_I997078"
24,"People First Stadium","Gold Coast SUNS","Essendon",21,"HBFR","Archie","Roberts","CD_I1023515"
24,"People First Stadium","Gold Coast SUNS","Essendon",9,"R","Dylan","Shiel","CD_I291783"
24,"People First Stadium","Gold Coast SUNS","Essendon",38,"SUB","Rhys","Unwin","CD_I1032023"
24,"People First Stadium","Gold Coast SUNS","Essendon",20,"CHF","Peter","Wright","CD_I298289"
25,"Adelaide Oval","Adelaide Crows","Collingwood",3,"RR","Sam","Berry","CD_I1012807"
25,"Adelaide Oval","Adelaide Crows","Collingwood",40,"HBFR","Hugh","Bond","CD_I1023534"
25,"Adelaide Oval","Adelaide Crows","Collingwood",44,"WL","Isaac","Cumming","CD_I1001396"
25,"Adelaide Oval","Adelaide Crows","Collingwood",6,"WR","Daniel","Curtin","CD_I1024023"
25,"Adelaide Oval","Adelaide Crows","Collingwood",12,"C","Jordan","Dawson","CD_I992242"
25,"Adelaide Oval","Adelaide Crows","Collingwood",32,"FPR","Darcy","Fogarty","CD_I999331"
25,"Adelaide Oval","Adelaide Crows","Collingwood",20,"INT","Mitchell","Hinge","CD_I1004863"
25,"Adelaide Oval","Adelaide Crows","Collingwood",48,"FB","Mark","Keane","CD_I1013974"
25,"Adelaide Oval","Adelaide Crows","Collingwood",2,"HFFL","Ben","Keays","CD_I993946"
25,"Adelaide Oval","Adelaide Crows","Collingwood",29,"BPR","Rory","Laird","CD_I293222"
25,"Adelaide Oval","Adelaide Crows","Collingwood",16,"FPL","Max","Michalanney","CD_I1015370"
25,"Adelaide Oval","Adelaide Crows","Collingwood",30,"HBFL","Wayne","Milera","CD_I990882"
25,"Adelaide Oval","Adelaide Crows","Collingwood",9,"CHB","Nick","Murray","CD_I1008230"
25,"Adelaide Oval","Adelaide Crows","Collingwood",28,"HFFR","Alex","Neal-Bullen","CD_I296420"
25,"Adelaide Oval","Adelaide Crows","Collingwood",43,"RK","Reilly","O'Brien","CD_I297523"
25,"Adelaide Oval","Adelaide Crows","Collingwood",25,"INT","James","Peatling","CD_I1006013"
25,"Adelaide Oval","Adelaide Crows","Collingwood",10,"INT","Luke","Pedlar","CD_I1012218"
25,"Adelaide Oval","Adelaide Crows","Collingwood",33,"SUB","Brodie","Smith","CD_I291748"
25,"Adelaide Oval","Adelaide Crows","Collingwood",14,"R","Jake","Soligo","CD_I1017109"
25,"Adelaide Oval","Adelaide Crows","Collingwood",19,"INT","Zac","Taylor","CD_I1017065"
25,"Adelaide Oval","Adelaide Crows","Collingwood",7,"CHF","Riley","Thilthorpe","CD_I1008384"
25,"Adelaide Oval","Adelaide Crows","Collingwood",13,"FF","Taylor","Walker","CD_I280506"
25,"Adelaide Oval","Adelaide Crows","Collingwood",24,"BPL","Josh","Worrell","CD_I1011981"
25,"Adelaide Oval","Adelaide Crows","Collingwood",14,"RK","Darcy","Cameron","CD_I990291"
25,"Adelaide Oval","Adelaide Crows","Collingwood",46,"FF","Mason","Cox","CD_I998647"
25,"Adelaide Oval","Adelaide Crows","Collingwood",25,"WL","Jack","Crisp","CD_I293871"
25,"Adelaide Oval","Adelaide Crows","Collingwood",7,"CHB","Josh","Daicos","CD_I1005054"
25,"Adelaide Oval","Adelaide Crows","Collingwood",35,"R","Nick","Daicos","CD_I1023261"
25,"Adelaide Oval","Adelaide Crows","Collingwood",2,"C","Jordan","De Goey","CD_I994185"
25,"Adelaide Oval","Adelaide Crows","Collingwood",5,"FPL","Jamie","Elliott","CD_I293801"
25,"Adelaide Oval","Adelaide Crows","Collingwood",17,"BPL","Billy","Frampton","CD_I991773"
25,"Adelaide Oval","Adelaide Crows","Collingwood",9,"WR","Dan","Houston","CD_I994295"
25,"Adelaide Oval","Adelaide Crows","Collingwood",1,"HFFR","Patrick","Lipinski","CD_I1003130"
25,"Adelaide Oval","Adelaide Crows","Collingwood",44,"INT","Ned","Long","CD_I1017124"
25,"Adelaide Oval","Adelaide Crows","Collingwood",4,"BPR","Brayden","Maynard","CD_I992010"
25,"Adelaide Oval","Adelaide Crows","Collingwood",31,"INT","Beau","McCreery","CD_I1004757"
25,"Adelaide Oval","Adelaide Crows","Collingwood",28,"CHF","Tim","Membrey","CD_I294596"
25,"Adelaide Oval","Adelaide Crows","Collingwood",41,"INT","Brody","Mihocek","CD_I291849"
25,"Adelaide Oval","Adelaide Crows","Collingwood",30,"FB","Darcy","Moore","CD_I298288"
25,"Adelaide Oval","Adelaide Crows","Collingwood",15,"INT","Wil","Parker","CD_I1012873"
25,"Adelaide Oval","Adelaide Crows","Collingwood",10,"RR","Scott","Pendlebury","CD_I260257"
25,"Adelaide Oval","Adelaide Crows","Collingwood",12,"HBFL","Harry","Perryman","CD_I998205"
25,"Adelaide Oval","Adelaide Crows","Collingwood",3,"HBFR","Isaac","Quaynor","CD_I1008089"
25,"Adelaide Oval","Adelaide Crows","Collingwood",8,"FPR","Lachie","Schultz","CD_I1000860"
25,"Adelaide Oval","Adelaide Crows","Collingwood",22,"HFFL","Steele","Sidebottom","CD_I280965"
25,"Adelaide Oval","Adelaide Crows","Collingwood",45,"SUB","Roan","Steele","CD_I1027501"
25,"MCG","Geelong Cats","Brisbane Lions",30,"R","Tom","Atkins","CD_I994386"
25,"MCG","Geelong Cats","Brisbane Lions",46,"HBFR","Mark","Blicavs","CD_I296733"
25,"MCG","Geelong Cats","Brisbane Lions",12,"INT","Jack","Bowes","CD_I998260"
25,"MCG","Geelong Cats","Brisbane Lions",5,"FF","Jeremy","Cameron","CD_I293845"
25,"MCG","Geelong Cats","Brisbane Lions",13,"SUB","Jhye","Clark","CD_I1023537"
25,"MCG","Geelong Cats","Brisbane Lions",45,"HFFL","Brad","Close","CD_I999326"
25,"MCG","Geelong Cats","Brisbane Lions",35,"FPR","Patrick","Dangerfield","CD_I270917"
25,"MCG","Geelong Cats","Brisbane Lions",16,"RK","Sam","De Koning","CD_I1009229"
25,"MCG","Geelong Cats","Brisbane Lions",28,"WR","Oliver","Dempsey","CD_I1025034"
25,"MCG","Geelong Cats","Brisbane Lions",39,"BPL","Zach","Guthrie","CD_I1004870"
25,"MCG","Geelong Cats","Brisbane Lions",38,"FB","Jack","Henry","CD_I1000937"
25,"MCG","Geelong Cats","Brisbane Lions",9,"C","Max","Holmes","CD_I1015889"
25,"MCG","Geelong Cats","Brisbane Lions",17,"HBFL","Lawson","Humphries","CD_I1013464"
25,"MCG","Geelong Cats","Brisbane Lions",7,"CHF","Shaun","Mannagh","CD_I993878"
25,"MCG","Geelong Cats","Brisbane Lions",19,"INT","Jack","Martin","CD_I296190"
25,"MCG","Geelong Cats","Brisbane Lions",32,"WL","Gryan","Miers","CD_I1004938"
25,"MCG","Geelong Cats","Brisbane Lions",34,"INT","Oisin","Mullin","CD_I1024982"
25,"MCG","Geelong Cats","Brisbane Lions",33,"FPL","Shannon","Neale","CD_I1016433"
25,"MCG","Geelong Cats","Brisbane Lions",42,"BPR","Mark","O'Connor","CD_I1007102"
25,"MCG","Geelong Cats","Brisbane Lions",14,"INT","Connor","O'Sullivan","CD_I1027877"
25,"MCG","Geelong Cats","Brisbane Lions",3,"RR","Bailey","Smith","CD_I1006130"
25,"MCG","Geelong Cats","Brisbane Lions",18,"HFFR","Tyson","Stengle","CD_I997230"
25,"MCG","Geelong Cats","Brisbane Lions",44,"CHB","Tom","Stewart","CD_I291800"
25,"MCG","Geelong Cats","Brisbane Lions",4,"FPR","Callum","Ah Chee","CD_I298437"
25,"MCG","Geelong Cats","Brisbane Lions",31,"CHB","Harris","Andrews","CD_I996059"
25,"MCG","Geelong Cats","Brisbane Lions",10,"WL","Levi","Ashcroft","CD_I1028560"
25,"MCG","Geelong Cats","Brisbane Lions",8,"INT","Will","Ashcroft","CD_I1023517"
25,"MCG","Geelong Cats","Brisbane Lions",33,"C","Zac","Bailey","CD_I1002312"
25,"MCG","Geelong Cats","Brisbane Lions",7,"WR","Jarrod","Berry","CD_I998133"
25,"MCG","Geelong Cats","Brisbane Lions",23,"HFFL","Charlie","Cameron","CD_I990609"
25,"MCG","Geelong Cats","Brisbane Lions",14,"CHF","Sam","Day","CD_I291753"
25,"MCG","Geelong Cats","Brisbane Lions",5,"RR","Josh","Dunkley","CD_I993834"
25,"MCG","Geelong Cats","Brisbane Lions",3,"HBFL","Jaspa","Fletcher","CD_I1023708"
25,"MCG","Geelong Cats","Brisbane Lions",32,"RK","Darcy","Fort","CD_I298211"
25,"MCG","Geelong Cats","Brisbane Lions",22,"INT","Ty","Gallop","CD_I1034411"
25,"MCG","Geelong Cats","Brisbane Lions",27,"FB","Darcy","Gardiner","CD_I296269"
25,"MCG","Geelong Cats","Brisbane Lions",35,"BPR","Ryan","Lester","CD_I291548"
25,"MCG","Geelong Cats","Brisbane Lions",1,"HFFR","Kai","Lohmann","CD_I1014026"
25,"MCG","Geelong Cats","Brisbane Lions",20,"SUB","Sam","Marshall","CD_I1028520"
25,"MCG","Geelong Cats","Brisbane Lions",6,"R","Hugh","McCluggage","CD_I1000978"
25,"MCG","Geelong Cats","Brisbane Lions",13,"FF","Logan","Morris","CD_I1028019"
25,"MCG","Geelong Cats","Brisbane Lions",9,"INT","Lachie","Neale","CD_I293535"
25,"MCG","Geelong Cats","Brisbane Lions",16,"FPL","Cam","Rayner","CD_I1002235"
25,"MCG","Geelong Cats","Brisbane Lions",37,"HBFR","Brandon","Starcevich","CD_I1002401"
25,"MCG","Geelong Cats","Brisbane Lions",44,"INT","Darcy","Wilmot","CD_I1017067"
25,"MCG","Geelong Cats","Brisbane Lions",15,"BPL","Dayne","Zorko","CD_I261224"
25,"ENGIE Stadium","GWS GIANTS","Hawthorn",21,"CHB","Leek","Aleer","CD_I1008691"
25,"ENGIE Stadium","GWS GIANTS","Hawthorn",9,"WR","Ryan","Angwin","CD_I1015777"
25,"ENGIE Stadium","GWS GIANTS","Hawthorn",7,"HBFR","Lachie","Ash","CD_I1009253"
25,"ENGIE Stadium","GWS GIANTS","Hawthorn",14,"HFFL","Toby","Bedford","CD_I1008139"
25,"ENGIE Stadium","GWS GIANTS","Hawthorn",32,"RK","Kieren","Briggs","CD_I1008436"
25,"ENGIE Stadium","GWS GIANTS","Hawthorn",46,"INT","Callum","Brown","CD_I1014038"
25,"ENGIE Stadium","GWS GIANTS","Hawthorn",5,"CHF","Aaron","Cadman","CD_I1019038"
25,"ENGIE Stadium","GWS GIANTS","Hawthorn",17,"RR","Finn","Callaghan","CD_I1023266"
25,"ENGIE Stadium","GWS GIANTS","Hawthorn",3,"C","Stephen","Coniglio","CD_I291969"
25,"ENGIE Stadium","GWS GIANTS","Hawthorn",37,"BPR","Joe","Fonti","CD_I1032629"
25,"ENGIE Stadium","GWS GIANTS","Hawthorn",12,"R","Tom","Green","CD_I1009528"
25,"ENGIE Stadium","GWS GIANTS","Hawthorn",4,"FPL","Toby","Greene","CD_I295344"
25,"ENGIE Stadium","GWS GIANTS","Hawthorn",27,"INT","Harry","Himmelberg","CD_I993107"
25,"ENGIE Stadium","GWS GIANTS","Hawthorn",23,"FF","Jesse","Hogan","CD_I296324"
25,"ENGIE Stadium","GWS GIANTS","Hawthorn",39,"BPL","Connor","Idun","CD_I1008083"
25,"ENGIE Stadium","GWS GIANTS","Hawthorn",2,"HFFR","Darcy","Jones","CD_I1020650"
25,"ENGIE Stadium","GWS GIANTS","Hawthorn",22,"SUB","Josh","Kelly","CD_I296347"
25,"ENGIE Stadium","GWS GIANTS","Hawthorn",33,"INT","Xavier","O'Halloran","CD_I1006135"
25,"ENGIE Stadium","GWS GIANTS","Hawthorn",26,"INT","Jake","Riccardi","CD_I1008123"
25,"ENGIE Stadium","GWS GIANTS","Hawthorn",20,"FPR","Jake","Stringer","CD_I293884"
25,"ENGIE Stadium","GWS GIANTS","Hawthorn",15,"FB","Sam","Taylor","CD_I1005247"
25,"ENGIE Stadium","GWS GIANTS","Hawthorn",1,"WL","Harvey","Thomas","CD_I1027925"
25,"ENGIE Stadium","GWS GIANTS","Hawthorn",6,"HBFL","Lachie","Whitfield","CD_I294305"
25,"ENGIE Stadium","GWS GIANTS","Hawthorn",10,"WL","Karl","Amon","CD_I297354"
25,"ENGIE Stadium","GWS GIANTS","Hawthorn",37,"FB","Tom","Barrass","CD_I990290"
25,"ENGIE Stadium","GWS GIANTS","Hawthorn",24,"BPL","Josh","Battle","CD_I998134"
25,"ENGIE Stadium","GWS GIANTS","Hawthorn",30,"INT","Sam","Butler","CD_I1010708"
25,"ENGIE Stadium","GWS GIANTS","Hawthorn",18,"CHF","Mabior","Chol","CD_I994077"
25,"ENGIE Stadium","GWS GIANTS","Hawthorn",16,"HBFR","Massimo","D'Ambrosio","CD_I1005144"
25,"ENGIE Stadium","GWS GIANTS","Hawthorn",35,"FF","Calsher","Dear","CD_I1032100"
25,"ENGIE Stadium","GWS GIANTS","Hawthorn",33,"FPR","Jack","Ginnivan","CD_I1012857"
25,"ENGIE Stadium","GWS GIANTS","Hawthorn",19,"FPL","Jack","Gunston","CD_I291351"
25,"ENGIE Stadium","GWS GIANTS","Hawthorn",15,"BPR","Blake","Hardwick","CD_I993794"
25,"ENGIE Stadium","GWS GIANTS","Hawthorn",4,"HBFL","Jarman","Impey","CD_I296254"
25,"ENGIE Stadium","GWS GIANTS","Hawthorn",9,"SUB","Changkuoth","Jiath","CD_I998390"
25,"ENGIE Stadium","GWS GIANTS","Hawthorn",31,"INT","Connor","Macdonald","CD_I1017094"
25,"ENGIE Stadium","GWS GIANTS","Hawthorn",17,"RK","Lloyd","Meek","CD_I1000980"
25,"ENGIE Stadium","GWS GIANTS","Hawthorn",13,"WR","Dylan","Moore","CD_I1006314"
25,"ENGIE Stadium","GWS GIANTS","Hawthorn",11,"R","Conor","Nash","CD_I1007124"
25,"ENGIE Stadium","GWS GIANTS","Hawthorn",3,"RR","Jai","Newcombe","CD_I1020895"
25,"ENGIE Stadium","GWS GIANTS","Hawthorn",14,"INT","Jack","Scrimshaw","CD_I998114"
25,"ENGIE Stadium","GWS GIANTS","Hawthorn",6,"CHB","James","Sicily","CD_I297566"
25,"ENGIE Stadium","GWS GIANTS","Hawthorn",25,"C","Josh","Ward","CD_I1017110"
25,"ENGIE Stadium","GWS GIANTS","Hawthorn",34,"HFFR","Nick","Watson","CD_I1023473"
25,"ENGIE Stadium","GWS GIANTS","Hawthorn",23,"HFFL","Josh","Weddle","CD_I1027935"
25,"ENGIE Stadium","GWS GIANTS","Hawthorn",5,"INT","James","Worpel","CD_I1002222"
25,"Optus Stadium","Fremantle","Gold Coast SUNS",24,"FPL","Jye","Amiss","CD_I1020594"
25,"Optus Stadium","Fremantle","Gold Coast SUNS",41,"INT","Bailey","Banfield","CD_I998180"
25,"Optus Stadium","Fremantle","Gold Coast SUNS",15,"C","Shai","Bolton","CD_I993993"
25,"Optus Stadium","Fremantle","Gold Coast SUNS",8,"R","Andrew","Brayshaw","CD_I1002232"
25,"Optus Stadium","Fremantle","Gold Coast SUNS",5,"HBFL","Heath","Chapman","CD_I1013224"
25,"Optus Stadium","Fremantle","Gold Coast SUNS",6,"HBFR","Jordan","Clark","CD_I1006152"
25,"Optus Stadium","Fremantle","Gold Coast SUNS",36,"FB","Brennan","Cox","CD_I997033"
25,"Optus Stadium","Fremantle","Gold Coast SUNS",4,"INT","Sean","Darcy","CD_I998145"
25,"Optus Stadium","Fremantle","Gold Coast SUNS",43,"HFFL","Isaiah","Dudley","CD_I1011558"
25,"Optus Stadium","Fremantle","Gold Coast SUNS",28,"WR","Neil","Erasmus","CD_I1020250"
25,"Optus Stadium","Fremantle","Gold Coast SUNS",32,"FPR","Michael","Frederick","CD_I999321"
25,"Optus Stadium","Fremantle","Gold Coast SUNS",7,"SUB","Nat","Fyfe","CD_I291570"
25,"Optus Stadium","Fremantle","Gold Coast SUNS",9,"RK","Luke","Jackson","CD_I1009399"
25,"Optus Stadium","Fremantle","Gold Coast SUNS",30,"INT","Nathan","O'Driscoll","CD_I1013220"
25,"Optus Stadium","Fremantle","Gold Coast SUNS",2,"WL","Jaeger","O'Meara","CD_I294613"
25,"Optus Stadium","Fremantle","Gold Coast SUNS",25,"BPR","Alex","Pearce","CD_I298409"
25,"Optus Stadium","Fremantle","Gold Coast SUNS",16,"HFFR","Murphy","Reid","CD_I1028513"
25,"Optus Stadium","Fremantle","Gold Coast SUNS",13,"BPL","Luke","Ryan","CD_I998659"
25,"Optus Stadium","Fremantle","Gold Coast SUNS",3,"RR","Caleb","Serong","CD_I1009420"
25,"Optus Stadium","Fremantle","Gold Coast SUNS",35,"FF","Josh","Treacy","CD_I1012819"
25,"Optus Stadium","Fremantle","Gold Coast SUNS",20,"CHF","Patrick","Voss","CD_I1017754"
25,"Optus Stadium","Fremantle","Gold Coast SUNS",23,"CHB","Karl","Worner","CD_I1021015"
25,"Optus Stadium","Fremantle","Gold Coast SUNS",26,"INT","Hayden","Young","CD_I1009256"
25,"Optus Stadium","Fremantle","Gold Coast SUNS",9,"CHF","Ben","Ainsworth","CD_I998130"
25,"Optus Stadium","Fremantle","Gold Coast SUNS",15,"R","Noah","Anderson","CD_I1009199"
25,"Optus Stadium","Fremantle","Gold Coast SUNS",1,"CHB","Mac","Andrew","CD_I1017396"
25,"Optus Stadium","Fremantle","Gold Coast SUNS",35,"INT","Connor","Budarick","CD_I1008454"
25,"Optus Stadium","Fremantle","Gold Coast SUNS",25,"BPR","Sam","Collins","CD_I295446"
25,"Optus Stadium","Fremantle","Gold Coast SUNS",5,"RR","Alex","Davies","CD_I1013268"
25,"Optus Stadium","Fremantle","Gold Coast SUNS",50,"FF","Jy","Farrar","CD_I999715"
25,"Optus Stadium","Fremantle","Gold Coast SUNS",8,"WR","Brayden","Fiorini","CD_I993799"
25,"Optus Stadium","Fremantle","Gold Coast SUNS",3,"INT","Sam","Flanders","CD_I1009260"
25,"Optus Stadium","Fremantle","Gold Coast SUNS",19,"HFFR","Bailey","Humphrey","CD_I1023500"
25,"Optus Stadium","Fremantle","Gold Coast SUNS",40,"INT","Joel","Jeffrey","CD_I1005992"
25,"Optus Stadium","Fremantle","Gold Coast SUNS",34,"FPR","Ben","King","CD_I1006144"
25,"Optus Stadium","Fremantle","Gold Coast SUNS",22,"FPL","Ben","Long","CD_I993917"
25,"Optus Stadium","Fremantle","Gold Coast SUNS",11,"HFFL","Touk","Miller","CD_I298272"
25,"Optus Stadium","Fremantle","Gold Coast SUNS",2,"HBFL","John","Noble","CD_I1000072"
25,"Optus Stadium","Fremantle","Gold Coast SUNS",27,"BPL","Wil","Powell","CD_I1007881"
25,"Optus Stadium","Fremantle","Gold Coast SUNS",20,"INT","Ethan","Read","CD_I1027033"
25,"Optus Stadium","Fremantle","Gold Coast SUNS",17,"HBFR","Daniel","Rioli","CD_I1000981"
25,"Optus Stadium","Fremantle","Gold Coast SUNS",18,"C","Matt","Rowell","CD_I1009208"
25,"Optus Stadium","Fremantle","Gold Coast SUNS",24,"SUB","David","Swallow","CD_I290832"
25,"Optus Stadium","Fremantle","Gold Coast SUNS",32,"FB","Bodhi","Uwland","CD_I1017665"
25,"Optus Stadium","Fremantle","Gold Coast SUNS",14,"WL","Lachie","Weller","CD_I298524"
25,"Optus Stadium","Fremantle","Gold Coast SUNS",28,"RK","Jarrod","Witts","CD_I291975"
26,"Adelaide Oval","Adelaide Crows","Hawthorn",3,"RR","Sam","Berry","CD_I1012807"
26,"Adelaide Oval","Adelaide Crows","Hawthorn",44,"WL","Isaac","Cumming","CD_I1001396"
26,"Adelaide Oval","Adelaide Crows","Hawthorn",6,"WR","Daniel","Curtin","CD_I1024023"
26,"Adelaide Oval","Adelaide Crows","Hawthorn",12,"C","Jordan","Dawson","CD_I992242"
26,"Adelaide Oval","Adelaide Crows","Hawthorn",32,"FPR","Darcy","Fogarty","CD_I999331"
26,"Adelaide Oval","Adelaide Crows","Hawthorn",20,"INT","Mitchell","Hinge","CD_I1004863"
26,"Adelaide Oval","Adelaide Crows","Hawthorn",48,"FB","Mark","Keane","CD_I1013974"
26,"Adelaide Oval","Adelaide Crows","Hawthorn",2,"HFFL","Ben","Keays","CD_I993946"
26,"Adelaide Oval","Adelaide Crows","Hawthorn",29,"BPR","Rory","Laird","CD_I293222"
26,"Adelaide Oval","Adelaide Crows","Hawthorn",16,"HBFR","Max","Michalanney","CD_I1015370"
26,"Adelaide Oval","Adelaide Crows","Hawthorn",30,"HBFL","Wayne","Milera","CD_I990882"
26,"Adelaide Oval","Adelaide Crows","Hawthorn",9,"CHB","Nick","Murray","CD_I1008230"
26,"Adelaide Oval","Adelaide Crows","Hawthorn",28,"HFFR","Alex","Neal-Bullen","CD_I296420"
26,"Adelaide Oval","Adelaide Crows","Hawthorn",43,"RK","Reilly","O'Brien","CD_I297523"
26,"Adelaide Oval","Adelaide Crows","Hawthorn",25,"INT","James","Peatling","CD_I1006013"
26,"Adelaide Oval","Adelaide Crows","Hawthorn",10,"FPL","Luke","Pedlar","CD_I1012218"
26,"Adelaide Oval","Adelaide Crows","Hawthorn",8,"SUB","Josh","Rachele","CD_I1017051"
26,"Adelaide Oval","Adelaide Crows","Hawthorn",33,"INT","Brodie","Smith","CD_I291748"
26,"Adelaide Oval","Adelaide Crows","Hawthorn",14,"R","Jake","Soligo","CD_I1017109"
26,"Adelaide Oval","Adelaide Crows","Hawthorn",19,"INT","Zac","Taylor","CD_I1017065"
26,"Adelaide Oval","Adelaide Crows","Hawthorn",7,"CHF","Riley","Thilthorpe","CD_I1008384"
26,"Adelaide Oval","Adelaide Crows","Hawthorn",13,"FF","Taylor","Walker","CD_I280506"
26,"Adelaide Oval","Adelaide Crows","Hawthorn",24,"BPL","Josh","Worrell","CD_I1011981"
26,"Adelaide Oval","Adelaide Crows","Hawthorn",10,"WL","Karl","Amon","CD_I297354"
26,"Adelaide Oval","Adelaide Crows","Hawthorn",37,"FB","Tom","Barrass","CD_I990290"
26,"Adelaide Oval","Adelaide Crows","Hawthorn",24,"BPL","Josh","Battle","CD_I998134"
26,"Adelaide Oval","Adelaide Crows","Hawthorn",30,"INT","Sam","Butler","CD_I1010708"
26,"Adelaide Oval","Adelaide Crows","Hawthorn",18,"CHF","Mabior","Chol","CD_I994077"
26,"Adelaide Oval","Adelaide Crows","Hawthorn",16,"HBFR","Massimo","D'Ambrosio","CD_I1005144"
26,"Adelaide Oval","Adelaide Crows","Hawthorn",33,"FPR","Jack","Ginnivan","CD_I1012857"
26,"Adelaide Oval","Adelaide Crows","Hawthorn",19,"FPL","Jack","Gunston","CD_I291351"
26,"Adelaide Oval","Adelaide Crows","Hawthorn",15,"BPR","Blake","Hardwick","CD_I993794"
26,"Adelaide Oval","Adelaide Crows","Hawthorn",4,"HBFL","Jarman","Impey","CD_I296254"
26,"Adelaide Oval","Adelaide Crows","Hawthorn",9,"SUB","Changkuoth","Jiath","CD_I998390"
26,"Adelaide Oval","Adelaide Crows","Hawthorn",2,"FF","Mitch","Lewis","CD_I1000887"
26,"Adelaide Oval","Adelaide Crows","Hawthorn",31,"INT","Connor","Macdonald","CD_I1017094"
26,"Adelaide Oval","Adelaide Crows","Hawthorn",17,"RK","Lloyd","Meek","CD_I1000980"
26,"Adelaide Oval","Adelaide Crows","Hawthorn",13,"WR","Dylan","Moore","CD_I1006314"
26,"Adelaide Oval","Adelaide Crows","Hawthorn",11,"INT","Conor","Nash","CD_I1007124"
26,"Adelaide Oval","Adelaide Crows","Hawthorn",3,"RR","Jai","Newcombe","CD_I1020895"
26,"Adelaide Oval","Adelaide Crows","Hawthorn",14,"INT","Jack","Scrimshaw","CD_I998114"
26,"Adelaide Oval","Adelaide Crows","Hawthorn",6,"CHB","James","Sicily","CD_I297566"
26,"Adelaide Oval","Adelaide Crows","Hawthorn",25,"C","Josh","Ward","CD_I1017110"
26,"Adelaide Oval","Adelaide Crows","Hawthorn",34,"HFFR","Nick","Watson","CD_I1023473"
26,"Adelaide Oval","Adelaide Crows","Hawthorn",23,"HFFL","Josh","Weddle","CD_I1027935"
26,"Adelaide Oval","Adelaide Crows","Hawthorn",5,"R","James","Worpel","CD_I1002222"
26,"Gabba","Brisbane Lions","Gold Coast SUNS",4,"FPR","Callum","Ah Chee","CD_I298437"
26,"Gabba","Brisbane Lions","Gold Coast SUNS",31,"CHB","Harris","Andrews","CD_I996059"
26,"Gabba","Brisbane Lions","Gold Coast SUNS",10,"INT","Levi","Ashcroft","CD_I1028560"
26,"Gabba","Brisbane Lions","Gold Coast SUNS",8,"INT","Will","Ashcroft","CD_I1023517"
26,"Gabba","Brisbane Lions","Gold Coast SUNS",33,"HFFR","Zac","Bailey","CD_I1002312"
26,"Gabba","Brisbane Lions","Gold Coast SUNS",7,"WR","Jarrod","Berry","CD_I998133"
26,"Gabba","Brisbane Lions","Gold Coast SUNS",23,"HFFL","Charlie","Cameron","CD_I990609"
26,"Gabba","Brisbane Lions","Gold Coast SUNS",5,"RR","Josh","Dunkley","CD_I993834"
26,"Gabba","Brisbane Lions","Gold Coast SUNS",3,"INT","Jaspa","Fletcher","CD_I1023708"
26,"Gabba","Brisbane Lions","Gold Coast SUNS",32,"RK","Darcy","Fort","CD_I298211"
26,"Gabba","Brisbane Lions","Gold Coast SUNS",22,"INT","Ty","Gallop","CD_I1034411"
26,"Gabba","Brisbane Lions","Gold Coast SUNS",27,"FB","Darcy","Gardiner","CD_I296269"
26,"Gabba","Brisbane Lions","Gold Coast SUNS",35,"BPR","Ryan","Lester","CD_I291548"
26,"Gabba","Brisbane Lions","Gold Coast SUNS",1,"R","Kai","Lohmann","CD_I1014026"
26,"Gabba","Brisbane Lions","Gold Coast SUNS",20,"WL","Sam","Marshall","CD_I1028520"
26,"Gabba","Brisbane Lions","Gold Coast SUNS",6,"C","Hugh","McCluggage","CD_I1000978"
26,"Gabba","Brisbane Lions","Gold Coast SUNS",46,"FPL","Oscar","McInerney","CD_I1005521"
26,"Gabba","Brisbane Lions","Gold Coast SUNS",13,"CHF","Logan","Morris","CD_I1028019"
26,"Gabba","Brisbane Lions","Gold Coast SUNS",16,"FF","Cam","Rayner","CD_I1002235"
26,"Gabba","Brisbane Lions","Gold Coast SUNS",38,"SUB","Bruce","Reville","CD_I1009317"
26,"Gabba","Brisbane Lions","Gold Coast SUNS",37,"HBFR","Brandon","Starcevich","CD_I1002401"
26,"Gabba","Brisbane Lions","Gold Coast SUNS",44,"HBFL","Darcy","Wilmot","CD_I1017067"
26,"Gabba","Brisbane Lions","Gold Coast SUNS",15,"BPL","Dayne","Zorko","CD_I261224"
26,"Gabba","Brisbane Lions","Gold Coast SUNS",9,"CHF","Ben","Ainsworth","CD_I998130"
26,"Gabba","Brisbane Lions","Gold Coast SUNS",15,"R","Noah","Anderson","CD_I1009199"
26,"Gabba","Brisbane Lions","Gold Coast SUNS",1,"CHB","Mac","Andrew","CD_I1017396"
26,"Gabba","Brisbane Lions","Gold Coast SUNS",35,"INT","Connor","Budarick","CD_I1008454"
26,"Gabba","Brisbane Lions","Gold Coast SUNS",25,"BPR","Sam","Collins","CD_I295446"
26,"Gabba","Brisbane Lions","Gold Coast SUNS",5,"RR","Alex","Davies","CD_I1013268"
26,"Gabba","Brisbane Lions","Gold Coast SUNS",50,"FPR","Jy","Farrar","CD_I999715"
26,"Gabba","Brisbane Lions","Gold Coast SUNS",8,"WR","Brayden","Fiorini","CD_I993799"
26,"Gabba","Brisbane Lions","Gold Coast SUNS",3,"INT","Sam","Flanders","CD_I1009260"
26,"Gabba","Brisbane Lions","Gold Coast SUNS",19,"HFFR","Bailey","Humphrey","CD_I1023500"
26,"Gabba","Brisbane Lions","Gold Coast SUNS",40,"INT","Joel","Jeffrey","CD_I1005992"
26,"Gabba","Brisbane Lions","Gold Coast SUNS",34,"FF","Ben","King","CD_I1006144"
26,"Gabba","Brisbane Lions","Gold Coast SUNS",22,"FPL","Ben","Long","CD_I993917"
26,"Gabba","Brisbane Lions","Gold Coast SUNS",11,"HFFL","Touk","Miller","CD_I298272"
26,"Gabba","Brisbane Lions","Gold Coast SUNS",2,"HBFL","John","Noble","CD_I1000072"
26,"Gabba","Brisbane Lions","Gold Coast SUNS",27,"BPL","Wil","Powell","CD_I1007881"
26,"Gabba","Brisbane Lions","Gold Coast SUNS",20,"INT","Ethan","Read","CD_I1027033"
26,"Gabba","Brisbane Lions","Gold Coast SUNS",17,"HBFR","Daniel","Rioli","CD_I1000981"
26,"Gabba","Brisbane Lions","Gold Coast SUNS",18,"C","Matt","Rowell","CD_I1009208"
26,"Gabba","Brisbane Lions","Gold Coast SUNS",24,"SUB","David","Swallow","CD_I290832"
26,"Gabba","Brisbane Lions","Gold Coast SUNS",32,"FB","Bodhi","Uwland","CD_I1017665"
26,"Gabba","Brisbane Lions","Gold Coast SUNS",14,"WL","Lachie","Weller","CD_I298524"
26,"Gabba","Brisbane Lions","Gold Coast SUNS",28,"RK","Jarrod","Witts","CD_I291975"
27,"MCG","Geelong Cats","Hawthorn",30,"R","Tom","Atkins","CD_I994386"
27,"MCG","Geelong Cats","Hawthorn",46,"RK","Mark","Blicavs","CD_I296733"
27,"MCG","Geelong Cats","Hawthorn",12,"INT","Jack","Bowes","CD_I998260"
27,"MCG","Geelong Cats","Hawthorn",5,"FF","Jeremy","Cameron","CD_I293845"
27,"MCG","Geelong Cats","Hawthorn",13,"SUB","Jhye","Clark","CD_I1023537"
27,"MCG","Geelong Cats","Hawthorn",45,"HFFR","Brad","Close","CD_I999326"
27,"MCG","Geelong Cats","Hawthorn",35,"FPR","Patrick","Dangerfield","CD_I270917"
27,"MCG","Geelong Cats","Hawthorn",16,"FB","Sam","De Koning","CD_I1009229"
27,"MCG","Geelong Cats","Hawthorn",28,"WR","Oliver","Dempsey","CD_I1025034"
27,"MCG","Geelong Cats","Hawthorn",39,"HBFR","Zach","Guthrie","CD_I1004870"
27,"MCG","Geelong Cats","Hawthorn",38,"BPR","Jack","Henry","CD_I1000937"
27,"MCG","Geelong Cats","Hawthorn",9,"C","Max","Holmes","CD_I1015889"
27,"MCG","Geelong Cats","Hawthorn",17,"INT","Lawson","Humphries","CD_I1013464"
27,"MCG","Geelong Cats","Hawthorn",7,"CHF","Shaun","Mannagh","CD_I993878"
27,"MCG","Geelong Cats","Hawthorn",19,"INT","Jack","Martin","CD_I296190"
27,"MCG","Geelong Cats","Hawthorn",32,"INT","Gryan","Miers","CD_I1004938"
27,"MCG","Geelong Cats","Hawthorn",34,"WL","Oisin","Mullin","CD_I1024982"
27,"MCG","Geelong Cats","Hawthorn",33,"FPL","Shannon","Neale","CD_I1016433"
27,"MCG","Geelong Cats","Hawthorn",42,"HBFL","Mark","O'Connor","CD_I1007102"
27,"MCG","Geelong Cats","Hawthorn",14,"BPL","Connor","O'Sullivan","CD_I1027877"
27,"MCG","Geelong Cats","Hawthorn",3,"RR","Bailey","Smith","CD_I1006130"
27,"MCG","Geelong Cats","Hawthorn",18,"HFFL","Tyson","Stengle","CD_I997230"
27,"MCG","Geelong Cats","Hawthorn",44,"CHB","Tom","Stewart","CD_I291800"
27,"MCG","Geelong Cats","Hawthorn",10,"WL","Karl","Amon","CD_I297354"
27,"MCG","Geelong Cats","Hawthorn",37,"FB","Tom","Barrass","CD_I990290"
27,"MCG","Geelong Cats","Hawthorn",24,"BPL","Josh","Battle","CD_I998134"
27,"MCG","Geelong Cats","Hawthorn",30,"INT","Sam","Butler","CD_I1010708"
27,"MCG","Geelong Cats","Hawthorn",18,"CHF","Mabior","Chol","CD_I994077"
27,"MCG","Geelong Cats","Hawthorn",16,"HBFR","Massimo","D'Ambrosio","CD_I1005144"
27,"MCG","Geelong Cats","Hawthorn",33,"FPR","Jack","Ginnivan","CD_I1012857"
27,"MCG","Geelong Cats","Hawthorn",19,"FPL","Jack","Gunston","CD_I291351"
27,"MCG","Geelong Cats","Hawthorn",15,"BPR","Blake","Hardwick","CD_I993794"
27,"MCG","Geelong Cats","Hawthorn",4,"HBFL","Jarman","Impey","CD_I296254"
27,"MCG","Geelong Cats","Hawthorn",9,"SUB","Changkuoth","Jiath","CD_I998390"
27,"MCG","Geelong Cats","Hawthorn",2,"FF","Mitch","Lewis","CD_I1000887"
27,"MCG","Geelong Cats","Hawthorn",31,"INT","Connor","Macdonald","CD_I1017094"
27,"MCG","Geelong Cats","Hawthorn",17,"RK","Lloyd","Meek","CD_I1000980"
27,"MCG","Geelong Cats","Hawthorn",13,"WR","Dylan","Moore","CD_I1006314"
27,"MCG","Geelong Cats","Hawthorn",11,"INT","Conor","Nash","CD_I1007124"
27,"MCG","Geelong Cats","Hawthorn",3,"RR","Jai","Newcombe","CD_I1020895"
27,"MCG","Geelong Cats","Hawthorn",14,"INT","Jack","Scrimshaw","CD_I998114"
27,"MCG","Geelong Cats","Hawthorn",6,"CHB","James","Sicily","CD_I297566"
27,"MCG","Geelong Cats","Hawthorn",25,"C","Josh","Ward","CD_I1017110"
27,"MCG","Geelong Cats","Hawthorn",34,"HFFR","Nick","Watson","CD_I1023473"
27,"MCG","Geelong Cats","Hawthorn",23,"HFFL","Josh","Weddle","CD_I1027935"
27,"MCG","Geelong Cats","Hawthorn",5,"R","James","Worpel","CD_I1002222"
27,"MCG","Collingwood","Brisbane Lions",14,"RK","Darcy","Cameron","CD_I990291"
27,"MCG","Collingwood","Brisbane Lions",46,"FF","Mason","Cox","CD_I998647"
27,"MCG","Collingwood","Brisbane Lions",25,"WR","Jack","Crisp","CD_I293871"
27,"MCG","Collingwood","Brisbane Lions",7,"CHB","Josh","Daicos","CD_I1005054"
27,"MCG","Collingwood","Brisbane Lions",35,"HFFL","Nick","Daicos","CD_I1023261"
27,"MCG","Collingwood","Brisbane Lions",2,"C","Jordan","De Goey","CD_I994185"
27,"MCG","Collingwood","Brisbane Lions",5,"FPL","Jamie","Elliott","CD_I293801"
27,"MCG","Collingwood","Brisbane Lions",17,"BPL","Billy","Frampton","CD_I991773"
27,"MCG","Collingwood","Brisbane Lions",9,"WL","Dan","Houston","CD_I994295"
27,"MCG","Collingwood","Brisbane Lions",38,"INT","Jeremy","Howe","CD_I291313"
27,"MCG","Collingwood","Brisbane Lions",1,"INT","Patrick","Lipinski","CD_I1003130"
27,"MCG","Collingwood","Brisbane Lions",44,"INT","Ned","Long","CD_I1017124"
27,"MCG","Collingwood","Brisbane Lions",4,"FB","Brayden","Maynard","CD_I992010"
27,"MCG","Collingwood","Brisbane Lions",31,"HFFR","Beau","McCreery","CD_I1004757"
27,"MCG","Collingwood","Brisbane Lions",28,"INT","Tim","Membrey","CD_I294596"
27,"MCG","Collingwood","Brisbane Lions",41,"CHF","Brody","Mihocek","CD_I291849"
27,"MCG","Collingwood","Brisbane Lions",30,"BPR","Darcy","Moore","CD_I298288"
27,"MCG","Collingwood","Brisbane Lions",10,"RR","Scott","Pendlebury","CD_I260257"
27,"MCG","Collingwood","Brisbane Lions",12,"HBFR","Harry","Perryman","CD_I998205"
27,"MCG","Collingwood","Brisbane Lions",3,"HBFL","Isaac","Quaynor","CD_I1008089"
27,"MCG","Collingwood","Brisbane Lions",8,"FPR","Lachie","Schultz","CD_I1000860"
27,"MCG","Collingwood","Brisbane Lions",22,"R","Steele","Sidebottom","CD_I280965"
27,"MCG","Collingwood","Brisbane Lions",45,"SUB","Roan","Steele","CD_I1027501"
27,"MCG","Collingwood","Brisbane Lions",4,"FPR","Callum","Ah Chee","CD_I298437"
27,"MCG","Collingwood","Brisbane Lions",31,"CHB","Harris","Andrews","CD_I996059"
27,"MCG","Collingwood","Brisbane Lions",10,"INT","Levi","Ashcroft","CD_I1028560"
27,"MCG","Collingwood","Brisbane Lions",8,"INT","Will","Ashcroft","CD_I1023517"
27,"MCG","Collingwood","Brisbane Lions",33,"R","Zac","Bailey","CD_I1002312"
27,"MCG","Collingwood","Brisbane Lions",7,"WR","Jarrod","Berry","CD_I998133"
27,"MCG","Collingwood","Brisbane Lions",23,"HFFL","Charlie","Cameron","CD_I990609"
27,"MCG","Collingwood","Brisbane Lions",5,"RR","Josh","Dunkley","CD_I993834"
27,"MCG","Collingwood","Brisbane Lions",3,"HBFL","Jaspa","Fletcher","CD_I1023708"
27,"MCG","Collingwood","Brisbane Lions",32,"RK","Darcy","Fort","CD_I298211"
27,"MCG","Collingwood","Brisbane Lions",22,"INT","Ty","Gallop","CD_I1034411"
27,"MCG","Collingwood","Brisbane Lions",27,"FB","Darcy","Gardiner","CD_I296269"
27,"MCG","Collingwood","Brisbane Lions",35,"BPR","Ryan","Lester","CD_I291548"
27,"MCG","Collingwood","Brisbane Lions",1,"HFFR","Kai","Lohmann","CD_I1014026"
27,"MCG","Collingwood","Brisbane Lions",20,"WL","Sam","Marshall","CD_I1028520"
27,"MCG","Collingwood","Brisbane Lions",6,"C","Hugh","McCluggage","CD_I1000978"
27,"MCG","Collingwood","Brisbane Lions",46,"CHF","Oscar","McInerney","CD_I1005521"
27,"MCG","Collingwood","Brisbane Lions",13,"FF","Logan","Morris","CD_I1028019"
27,"MCG","Collingwood","Brisbane Lions",16,"FPL","Cam","Rayner","CD_I1002235"
27,"MCG","Collingwood","Brisbane Lions",38,"SUB","Bruce","Reville","CD_I1009317"
27,"MCG","Collingwood","Brisbane Lions",37,"HBFR","Brandon","Starcevich","CD_I1002401"
27,"MCG","Collingwood","Brisbane Lions",44,"INT","Darcy","Wilmot","CD_I1017067"
27,"MCG","Collingwood","Brisbane Lions",15,"BPL","Dayne","Zorko","CD_I261224"
28,"MCG","Geelong Cats","Brisbane Lions",30,"R","Tom","Atkins","CD_I994386"
28,"MCG","Geelong Cats","Brisbane Lions",46,"RK","Mark","Blicavs","CD_I296733"
28,"MCG","Geelong Cats","Brisbane Lions",12,"INT","Jack","Bowes","CD_I998260"
28,"MCG","Geelong Cats","Brisbane Lions",5,"FF","Jeremy","Cameron","CD_I293845"
28,"MCG","Geelong Cats","Brisbane Lions",13,"INT","Jhye","Clark","CD_I1023537"
28,"MCG","Geelong Cats","Brisbane Lions",45,"HFFL","Brad","Close","CD_I999326"
28,"MCG","Geelong Cats","Brisbane Lions",35,"FPR","Patrick","Dangerfield","CD_I270917"
28,"MCG","Geelong Cats","Brisbane Lions",16,"FB","Sam","De Koning","CD_I1009229"
28,"MCG","Geelong Cats","Brisbane Lions",28,"WR","Oliver","Dempsey","CD_I1025034"
28,"MCG","Geelong Cats","Brisbane Lions",39,"CHB","Zach","Guthrie","CD_I1004870"
28,"MCG","Geelong Cats","Brisbane Lions",38,"BPR","Jack","Henry","CD_I1000937"
28,"MCG","Geelong Cats","Brisbane Lions",9,"C","Max","Holmes","CD_I1015889"
28,"MCG","Geelong Cats","Brisbane Lions",17,"HBFR","Lawson","Humphries","CD_I1013464"
28,"MCG","Geelong Cats","Brisbane Lions",7,"CHF","Shaun","Mannagh","CD_I993878"
28,"MCG","Geelong Cats","Brisbane Lions",19,"SUB","Jack","Martin","CD_I296190"
28,"MCG","Geelong Cats","Brisbane Lions",32,"WL","Gryan","Miers","CD_I1004938"
28,"MCG","Geelong Cats","Brisbane Lions",34,"INT","Oisin","Mullin","CD_I1024982"
28,"MCG","Geelong Cats","Brisbane Lions",33,"FPL","Shannon","Neale","CD_I1016433"
28,"MCG","Geelong Cats","Brisbane Lions",42,"HBFL","Mark","O'Connor","CD_I1007102"
28,"MCG","Geelong Cats","Brisbane Lions",14,"BPL","Connor","O'Sullivan","CD_I1027877"
28,"MCG","Geelong Cats","Brisbane Lions",3,"RR","Bailey","Smith","CD_I1006130"
28,"MCG","Geelong Cats","Brisbane Lions",1,"INT","Rhys","Stanley","CD_I280317"
28,"MCG","Geelong Cats","Brisbane Lions",18,"HFFR","Tyson","Stengle","CD_I997230"
28,"MCG","Geelong Cats","Brisbane Lions",4,"HFFR","Callum","Ah Chee","CD_I298437"
28,"MCG","Geelong Cats","Brisbane Lions",31,"CHB","Harris","Andrews","CD_I996059"
28,"MCG","Geelong Cats","Brisbane Lions",10,"INT","Levi","Ashcroft","CD_I1028560"
28,"MCG","Geelong Cats","Brisbane Lions",8,"R","Will","Ashcroft","CD_I1023517"
28,"MCG","Geelong Cats","Brisbane Lions",33,"C","Zac","Bailey","CD_I1002312"
28,"MCG","Geelong Cats","Brisbane Lions",23,"HFFL","Charlie","Cameron","CD_I990609"
28,"MCG","Geelong Cats","Brisbane Lions",5,"RR","Josh","Dunkley","CD_I993834"
28,"MCG","Geelong Cats","Brisbane Lions",3,"HBFL","Jaspa","Fletcher","CD_I1023708"
28,"MCG","Geelong Cats","Brisbane Lions",32,"RK","Darcy","Fort","CD_I298211"
28,"MCG","Geelong Cats","Brisbane Lions",22,"CHF","Ty","Gallop","CD_I1034411"
28,"MCG","Geelong Cats","Brisbane Lions",27,"FB","Darcy","Gardiner","CD_I296269"
28,"MCG","Geelong Cats","Brisbane Lions",35,"BPR","Ryan","Lester","CD_I291548"
28,"MCG","Geelong Cats","Brisbane Lions",1,"FPR","Kai","Lohmann","CD_I1014026"
28,"MCG","Geelong Cats","Brisbane Lions",20,"WR","Sam","Marshall","CD_I1028520"
28,"MCG","Geelong Cats","Brisbane Lions",6,"WL","Hugh","McCluggage","CD_I1000978"
28,"MCG","Geelong Cats","Brisbane Lions",46,"INT","Oscar","McInerney","CD_I1005521"
28,"MCG","Geelong Cats","Brisbane Lions",13,"FF","Logan","Morris","CD_I1028019"
28,"MCG","Geelong Cats","Brisbane Lions",9,"SUB","Lachie","Neale","CD_I293535"
28,"MCG","Geelong Cats","Brisbane Lions",16,"FPL","Cam","Rayner","CD_I1002235"
28,"MCG","Geelong Cats","Brisbane Lions",38,"INT","Bruce","Reville","CD_I1009317"
28,"MCG","Geelong Cats","Brisbane Lions",37,"HBFR","Brandon","Starcevich","CD_I1002401"
28,"MCG","Geelong Cats","Brisbane Lions",44,"INT","Darcy","Wilmot","CD_I1017067"
28,"MCG","Geelong Cats","Brisbane Lions",15,"BPL","Dayne","Zorko","CD_I261224"
